code,country,birth_year,crossed,cross_age,max_obs_age,final_ccfr,status
ALB,Albania,1940,TRUE,27,50,4.713799999999998,crossed
ALB,Albania,1941,TRUE,27,50,4.71244,crossed
ALB,Albania,1942,TRUE,27,50,4.689689999999999,crossed
ALB,Albania,1943,TRUE,27,50,4.61683,crossed
ALB,Albania,1944,TRUE,27,50,4.480309999999999,crossed
ALB,Albania,1945,TRUE,27,50,4.314650000000001,crossed
ALB,Albania,1946,TRUE,27,50,4.18581,crossed
ALB,Albania,1947,TRUE,27,50,4.10754,crossed
ALB,Albania,1948,TRUE,27,50,4.04403,crossed
ALB,Albania,1949,TRUE,27,50,3.97174,crossed
ALB,Albania,1950,TRUE,28,50,3.879209999999999,crossed
ALB,Albania,1951,TRUE,28,50,3.76467,crossed
ALB,Albania,1952,TRUE,28,50,3.6328399999999994,crossed
ALB,Albania,1953,TRUE,28,50,3.4947900000000005,crossed
ALB,Albania,1954,TRUE,29,50,3.377940000000001,crossed
ALB,Albania,1955,TRUE,29,50,3.263770000000001,crossed
ALB,Albania,1956,TRUE,29,50,3.17104,crossed
ALB,Albania,1957,TRUE,30,50,3.09631,crossed
ALB,Albania,1958,TRUE,30,50,3.0390199999999994,crossed
ALB,Albania,1959,TRUE,30,49,2.9945100000000013,crossed
ALB,Albania,1960,TRUE,30,48,2.95757,crossed
ALB,Albania,1961,TRUE,30,47,2.911749999999999,crossed
ALB,Albania,1962,TRUE,30,46,2.84439,crossed
ALB,Albania,1963,TRUE,31,45,2.74704,crossed
ALB,Albania,1964,TRUE,31,44,2.633959999999999,crossed
ALB,Albania,1965,TRUE,32,43,2.52906,crossed
ALB,Albania,1966,TRUE,32,42,2.45177,crossed
ALB,Albania,1967,TRUE,33,41,2.40113,crossed
ALB,Albania,1968,TRUE,33,40,2.37362,crossed
ALB,Albania,1969,TRUE,33,39,2.3591499999999996,crossed
ALB,Albania,1970,TRUE,33,38,2.3420199999999998,crossed
ALB,Albania,1971,TRUE,33,37,2.30204,crossed
ALB,Albania,1972,TRUE,33,36,2.21971,crossed
ALB,Albania,1973,TRUE,34,35,2.0970199999999997,crossed
ALB,Albania,1974,FALSE,NA,34,1.9436599999999995,censored
ALB,Albania,1975,FALSE,NA,33,1.7606199999999999,censored
ALB,Albania,1976,FALSE,NA,32,1.5660299999999998,censored
ALB,Albania,1977,FALSE,NA,31,1.39206,censored
ALB,Albania,1978,FALSE,NA,30,1.24928,censored
ALB,Albania,1979,FALSE,NA,29,1.11336,censored
ALB,Albania,1980,FALSE,NA,28,0.9615200000000002,censored
ALB,Albania,1981,FALSE,NA,27,0.78731,censored
ALB,Albania,1982,FALSE,NA,26,0.6428499999999999,censored
ALB,Albania,1983,FALSE,NA,25,0.50474,censored
ALB,Albania,1984,FALSE,NA,24,0.37517,censored
ALB,Albania,1985,FALSE,NA,23,0.26745,censored
ALB,Albania,1986,FALSE,NA,22,0.17795000000000002,censored
ALB,Albania,1987,FALSE,NA,21,0.10848,censored
ALB,Albania,1988,FALSE,NA,20,0.06011,censored
ALB,Albania,1989,FALSE,NA,19,0.03005,censored
ALB,Albania,1990,FALSE,NA,18,0.0146,censored
ALB,Albania,1991,FALSE,NA,17,0.00621,censored
ALB,Albania,1992,FALSE,NA,16,0.00384,censored
ALB,Albania,1993,FALSE,NA,15,8.5e-4,censored
AUS,Australia,1906,TRUE,38,50,2.3184400000000003,crossed
AUS,Australia,1907,TRUE,38,50,2.3158800000000004,crossed
AUS,Australia,1908,TRUE,38,50,2.31806,crossed
AUS,Australia,1909,TRUE,38,50,2.3238799999999995,crossed
AUS,Australia,1910,TRUE,38,50,2.3338999999999994,crossed
AUS,Australia,1911,TRUE,37,50,2.34769,crossed
AUS,Australia,1912,TRUE,37,50,2.36667,crossed
AUS,Australia,1913,TRUE,37,50,2.3915300000000004,crossed
AUS,Australia,1914,TRUE,36,50,2.4219799999999996,crossed
AUS,Australia,1915,TRUE,36,50,2.4568600000000003,crossed
AUS,Australia,1916,TRUE,35,50,2.4951999999999996,crossed
AUS,Australia,1917,TRUE,35,50,2.53568,crossed
AUS,Australia,1918,TRUE,34,50,2.5760399999999994,crossed
AUS,Australia,1919,TRUE,34,50,2.6161200000000004,crossed
AUS,Australia,1920,TRUE,34,50,2.6566000000000005,crossed
AUS,Australia,1921,TRUE,33,50,2.696370000000001,crossed
AUS,Australia,1922,TRUE,33,50,2.734039999999999,crossed
AUS,Australia,1923,TRUE,33,50,2.769110000000001,crossed
AUS,Australia,1924,TRUE,32,50,2.8031799999999993,crossed
AUS,Australia,1925,TRUE,32,50,2.83995,crossed
AUS,Australia,1926,TRUE,32,50,2.88136,crossed
AUS,Australia,1927,TRUE,31,50,2.92607,crossed
AUS,Australia,1928,TRUE,31,50,2.97244,crossed
AUS,Australia,1929,TRUE,30,50,3.0184300000000004,crossed
AUS,Australia,1930,TRUE,30,50,3.0594900000000003,crossed
AUS,Australia,1931,TRUE,30,50,3.0938200000000005,crossed
AUS,Australia,1932,TRUE,29,50,3.116079999999999,crossed
AUS,Australia,1933,TRUE,29,50,3.1232699999999998,crossed
AUS,Australia,1934,TRUE,29,50,3.114979999999999,crossed
AUS,Australia,1935,TRUE,29,50,3.093419999999999,crossed
AUS,Australia,1936,TRUE,29,50,3.056270000000001,crossed
AUS,Australia,1937,TRUE,29,50,3.0107300000000006,crossed
AUS,Australia,1938,TRUE,29,50,2.957229999999999,crossed
AUS,Australia,1939,TRUE,29,50,2.898760000000001,crossed
AUS,Australia,1940,TRUE,29,50,2.83178,crossed
AUS,Australia,1941,TRUE,30,50,2.7537999999999996,crossed
AUS,Australia,1942,TRUE,30,50,2.677770000000001,crossed
AUS,Australia,1943,TRUE,30,50,2.6121399999999997,crossed
AUS,Australia,1944,TRUE,31,50,2.53929,crossed
AUS,Australia,1945,TRUE,31,50,2.4945700000000013,crossed
AUS,Australia,1946,TRUE,31,50,2.455230000000001,crossed
AUS,Australia,1947,TRUE,32,50,2.4013600000000004,crossed
AUS,Australia,1948,TRUE,32,50,2.3965600000000005,crossed
AUS,Australia,1949,TRUE,33,50,2.3795699999999997,crossed
AUS,Australia,1950,TRUE,33,50,2.3765100000000015,crossed
AUS,Australia,1951,TRUE,34,50,2.3371200000000014,crossed
AUS,Australia,1952,TRUE,34,50,2.33576,crossed
AUS,Australia,1953,TRUE,35,50,2.31,crossed
AUS,Australia,1954,TRUE,35,50,2.2847300000000006,crossed
AUS,Australia,1955,TRUE,36,50,2.2640499999999992,crossed
AUS,Australia,1956,TRUE,37,50,2.2190000000000003,crossed
AUS,Australia,1957,TRUE,36,50,2.235360000000001,crossed
AUS,Australia,1958,TRUE,37,50,2.2220199999999997,crossed
AUS,Australia,1959,TRUE,38,50,2.18842,crossed
AUS,Australia,1960,TRUE,38,50,2.16751,crossed
AUS,Australia,1961,TRUE,39,50,2.1344,crossed
AUS,Australia,1962,TRUE,39,50,2.1410500000000003,crossed
AUS,Australia,1963,TRUE,40,50,2.1226000000000003,crossed
AUS,Australia,1964,TRUE,41,50,2.0914699999999997,crossed
AUS,Australia,1965,TRUE,43,50,2.07347,crossed
AUS,Australia,1966,TRUE,49,50,2.0506199999999994,crossed
AUS,Australia,1967,TRUE,47,50,2.0523599999999997,crossed
AUS,Australia,1968,FALSE,NA,50,2.0451200000000003,never
AUS,Australia,1969,FALSE,NA,50,2.03302,never
AUS,Australia,1970,FALSE,NA,50,2.0164999999999997,never
AUS,Australia,1971,FALSE,NA,50,1.9722200000000003,never
AUS,Australia,1972,FALSE,NA,50,2.00615,never
AUS,Australia,1973,FALSE,NA,50,2.0097400000000003,never
AUS,Australia,1974,FALSE,NA,50,1.9916300000000002,never
AUS,Australia,1975,FALSE,NA,49,1.9968999999999997,never
AUS,Australia,1976,FALSE,NA,48,1.9813300000000003,never
AUS,Australia,1977,FALSE,NA,47,1.9705499999999998,never
AUS,Australia,1978,FALSE,NA,46,1.96636,never
AUS,Australia,1979,FALSE,NA,45,1.9614,never
AUS,Australia,1980,FALSE,NA,44,1.9265999999999999,never
AUS,Australia,1981,FALSE,NA,43,1.9105699999999997,censored
AUS,Australia,1982,FALSE,NA,42,1.8951199999999997,censored
AUS,Australia,1983,FALSE,NA,41,1.8491499999999998,censored
AUS,Australia,1984,FALSE,NA,40,1.8108700000000002,censored
AUS,Australia,1985,FALSE,NA,39,1.74577,censored
AUS,Australia,1986,FALSE,NA,38,1.67825,censored
AUS,Australia,1987,FALSE,NA,37,1.6006500000000001,censored
AUS,Australia,1988,FALSE,NA,36,1.4926100000000002,censored
AUS,Australia,1989,FALSE,NA,35,1.36931,censored
AUS,Australia,1990,FALSE,NA,34,1.2390100000000002,censored
AUS,Australia,1991,FALSE,NA,33,1.10502,censored
AUS,Australia,1992,FALSE,NA,32,0.9721899999999999,censored
AUS,Australia,1993,FALSE,NA,31,0.8333299999999999,censored
AUS,Australia,1994,FALSE,NA,30,0.7025399999999998,censored
AUS,Australia,1995,FALSE,NA,29,0.58657,censored
AUS,Australia,1996,FALSE,NA,28,0.48091999999999996,censored
AUS,Australia,1997,FALSE,NA,27,0.38368,censored
AUS,Australia,1998,FALSE,NA,26,0.30241,censored
AUS,Australia,1999,FALSE,NA,25,0.23464000000000002,censored
AUS,Australia,2000,FALSE,NA,24,0.17443999999999998,censored
AUS,Australia,2001,FALSE,NA,23,0.12544,censored
AUS,Australia,2002,FALSE,NA,22,0.08971000000000001,censored
AUS,Australia,2003,FALSE,NA,21,0.05843999999999999,censored
AUS,Australia,2004,FALSE,NA,20,0.03241,censored
AUS,Australia,2005,FALSE,NA,19,0.017070000000000002,censored
AUS,Australia,2006,FALSE,NA,18,0.00839,censored
AUS,Australia,2007,FALSE,NA,17,0.00344,censored
AUS,Australia,2008,FALSE,NA,16,0.00118,censored
AUS,Australia,2009,FALSE,NA,15,1.8e-4,censored
AUT,Austria,1936,TRUE,33,55,2.434649999999999,crossed
AUT,Austria,1937,TRUE,33,55,2.4274800000000005,crossed
AUT,Austria,1938,TRUE,33,55,2.385890000000001,crossed
AUT,Austria,1939,TRUE,34,55,2.2450799999999997,crossed
AUT,Austria,1940,TRUE,36,55,2.1642500000000005,crossed
AUT,Austria,1941,TRUE,38,55,2.1123200000000004,crossed
AUT,Austria,1942,TRUE,46,55,2.0508800000000007,crossed
AUT,Austria,1943,FALSE,NA,55,2.01646,never
AUT,Austria,1944,FALSE,NA,55,1.9675399999999998,never
AUT,Austria,1945,FALSE,NA,55,1.9216599999999995,never
AUT,Austria,1946,FALSE,NA,55,1.9784899999999996,never
AUT,Austria,1947,FALSE,NA,55,1.95459,never
AUT,Austria,1948,FALSE,NA,55,1.9347299999999994,never
AUT,Austria,1949,FALSE,NA,55,1.9045600000000003,never
AUT,Austria,1950,FALSE,NA,55,1.8919,never
AUT,Austria,1951,FALSE,NA,55,1.8516999999999997,never
AUT,Austria,1952,FALSE,NA,55,1.82581,never
AUT,Austria,1953,FALSE,NA,55,1.81375,never
AUT,Austria,1954,FALSE,NA,55,1.8062500000000004,never
AUT,Austria,1955,FALSE,NA,55,1.77846,never
AUT,Austria,1956,FALSE,NA,55,1.7589399999999997,never
AUT,Austria,1957,FALSE,NA,55,1.73635,never
AUT,Austria,1958,FALSE,NA,55,1.71824,never
AUT,Austria,1959,FALSE,NA,55,1.7140999999999997,never
AUT,Austria,1960,FALSE,NA,55,1.7060699999999993,never
AUT,Austria,1961,FALSE,NA,55,1.6865300000000008,never
AUT,Austria,1962,FALSE,NA,55,1.6782,never
AUT,Austria,1963,FALSE,NA,55,1.6665,never
AUT,Austria,1964,FALSE,NA,55,1.6684600000000005,never
AUT,Austria,1965,FALSE,NA,55,1.65558,never
AUT,Austria,1966,FALSE,NA,55,1.6503100000000002,never
AUT,Austria,1967,FALSE,NA,55,1.62768,never
AUT,Austria,1968,FALSE,NA,55,1.61308,never
AUT,Austria,1969,FALSE,NA,54,1.6118400000000002,never
AUT,Austria,1970,FALSE,NA,53,1.6195599999999999,never
AUT,Austria,1971,FALSE,NA,52,1.6314599999999995,never
AUT,Austria,1972,FALSE,NA,51,1.6455999999999995,never
AUT,Austria,1973,FALSE,NA,50,1.6576799999999998,never
AUT,Austria,1974,FALSE,NA,50,1.6633299999999998,never
AUT,Austria,1975,FALSE,NA,49,1.6519600000000003,never
AUT,Austria,1976,FALSE,NA,48,1.6451799999999996,never
AUT,Austria,1977,FALSE,NA,47,1.6439399999999995,never
AUT,Austria,1978,FALSE,NA,46,1.6303900000000002,never
AUT,Austria,1979,FALSE,NA,45,1.6399400000000004,never
AUT,Austria,1980,FALSE,NA,44,1.6258599999999996,never
AUT,Austria,1981,FALSE,NA,43,1.60891,censored
AUT,Austria,1982,FALSE,NA,42,1.59547,censored
AUT,Austria,1983,FALSE,NA,41,1.5617300000000003,censored
AUT,Austria,1984,FALSE,NA,40,1.5450999999999997,censored
AUT,Austria,1985,FALSE,NA,39,1.50175,censored
AUT,Austria,1986,FALSE,NA,38,1.4463,censored
AUT,Austria,1987,FALSE,NA,37,1.3952199999999997,censored
AUT,Austria,1988,FALSE,NA,36,1.3081599999999998,censored
AUT,Austria,1989,FALSE,NA,35,1.2243899999999999,censored
AUT,Austria,1990,FALSE,NA,34,1.12563,censored
AUT,Austria,1991,FALSE,NA,33,1.00748,censored
AUT,Austria,1992,FALSE,NA,32,0.8886999999999998,censored
AUT,Austria,1993,FALSE,NA,31,0.77035,censored
AUT,Austria,1994,FALSE,NA,30,0.65026,censored
AUT,Austria,1995,FALSE,NA,29,0.5378499999999999,censored
AUT,Austria,1996,FALSE,NA,28,0.43846,censored
AUT,Austria,1997,FALSE,NA,27,0.33875999999999995,censored
AUT,Austria,1998,FALSE,NA,26,0.25708,censored
AUT,Austria,1999,FALSE,NA,25,0.19130999999999998,censored
AUT,Austria,2000,FALSE,NA,24,0.13783,censored
AUT,Austria,2001,FALSE,NA,23,0.09282,censored
AUT,Austria,2002,FALSE,NA,22,0.05888,censored
AUT,Austria,2003,FALSE,NA,21,0.03806,censored
AUT,Austria,2004,FALSE,NA,20,0.02071,censored
AUT,Austria,2005,FALSE,NA,19,0.010100000000000001,censored
AUT,Austria,2006,FALSE,NA,18,0.0041600000000000005,censored
AUT,Austria,2007,FALSE,NA,17,0.00169,censored
AUT,Austria,2008,FALSE,NA,16,5.2e-4,censored
AUT,Austria,2009,FALSE,NA,15,1e-4,censored
AUT,Austria,2010,FALSE,NA,14,0,censored
BEL,Belgium,1932,TRUE,35,55,2.292660000000001,crossed
BEL,Belgium,1933,TRUE,35,55,2.285420000000001,crossed
BEL,Belgium,1934,TRUE,35,55,2.276340000000001,crossed
BEL,Belgium,1935,TRUE,35,55,2.2768900000000007,crossed
BEL,Belgium,1936,TRUE,35,55,2.2517600000000004,crossed
BEL,Belgium,1937,TRUE,35,55,2.2282600000000006,crossed
BEL,Belgium,1938,TRUE,35,55,2.203010000000001,crossed
BEL,Belgium,1939,TRUE,36,55,2.1653200000000004,crossed
BEL,Belgium,1940,TRUE,36,55,2.1529500000000006,crossed
BEL,Belgium,1941,TRUE,35,55,2.1815100000000007,crossed
BEL,Belgium,1942,TRUE,38,55,2.1030400000000005,crossed
BEL,Belgium,1943,TRUE,41,55,2.0633799999999995,crossed
BEL,Belgium,1944,FALSE,NA,55,2.0135000000000005,never
BEL,Belgium,1945,FALSE,NA,55,1.9699699999999996,never
BEL,Belgium,1946,FALSE,NA,55,1.9047500000000004,never
BEL,Belgium,1947,FALSE,NA,55,1.8999600000000003,never
BEL,Belgium,1948,FALSE,NA,55,1.8753000000000002,never
BEL,Belgium,1949,FALSE,NA,55,1.8498999999999999,never
BEL,Belgium,1950,FALSE,NA,55,1.8616900000000005,never
BEL,Belgium,1951,FALSE,NA,55,1.8503899999999995,never
BEL,Belgium,1952,FALSE,NA,55,1.8431200000000008,never
BEL,Belgium,1953,FALSE,NA,55,1.8433800000000002,never
BEL,Belgium,1954,FALSE,NA,55,1.8327399999999998,never
BEL,Belgium,1955,FALSE,NA,55,1.8376300000000003,never
BEL,Belgium,1956,FALSE,NA,55,1.8516599999999994,never
BEL,Belgium,1957,FALSE,NA,55,1.8416399999999997,never
BEL,Belgium,1958,FALSE,NA,55,1.84383,never
BEL,Belgium,1959,FALSE,NA,55,1.8459800000000006,never
BEL,Belgium,1960,FALSE,NA,55,1.8686699999999998,never
BEL,Belgium,1961,FALSE,NA,55,1.8577299999999999,never
BEL,Belgium,1962,FALSE,NA,55,1.8521800000000004,never
BEL,Belgium,1963,FALSE,NA,55,1.8353000000000002,never
BEL,Belgium,1964,FALSE,NA,55,1.8215999999999992,never
BEL,Belgium,1965,FALSE,NA,55,1.83081,never
BEL,Belgium,1966,FALSE,NA,55,1.8123900000000008,never
BEL,Belgium,1967,FALSE,NA,55,1.8221500000000004,never
BEL,Belgium,1968,FALSE,NA,54,1.8238499999999995,never
BEL,Belgium,1969,FALSE,NA,53,1.8202000000000003,never
BEL,Belgium,1970,FALSE,NA,52,1.8257500000000004,never
BEL,Belgium,1971,FALSE,NA,51,1.8257499999999998,never
BEL,Belgium,1972,FALSE,NA,50,1.8292999999999997,never
BEL,Belgium,1973,FALSE,NA,49,1.84113,never
BEL,Belgium,1974,FALSE,NA,49,1.8632499999999999,never
BEL,Belgium,1975,FALSE,NA,49,1.8698700000000004,never
BEL,Belgium,1976,FALSE,NA,48,1.8865100000000006,never
BEL,Belgium,1977,FALSE,NA,47,1.8800100000000002,never
BEL,Belgium,1978,FALSE,NA,46,1.89269,never
BEL,Belgium,1979,FALSE,NA,45,1.88926,never
BEL,Belgium,1980,FALSE,NA,44,1.8982099999999997,never
BEL,Belgium,1981,FALSE,NA,43,1.8672999999999997,censored
BEL,Belgium,1982,FALSE,NA,42,1.84811,censored
BEL,Belgium,1983,FALSE,NA,41,1.8436000000000001,censored
BEL,Belgium,1984,FALSE,NA,40,1.80116,censored
BEL,Belgium,1985,FALSE,NA,39,1.7695899999999998,censored
BEL,Belgium,1986,FALSE,NA,38,1.7155799999999999,censored
BEL,Belgium,1987,FALSE,NA,37,1.6426300000000003,censored
BEL,Belgium,1988,FALSE,NA,36,1.55378,censored
BEL,Belgium,1989,FALSE,NA,35,1.4358400000000002,censored
BEL,Belgium,1990,FALSE,NA,34,1.31809,censored
BEL,Belgium,1991,FALSE,NA,33,1.16713,censored
BEL,Belgium,1992,FALSE,NA,32,1.0184600000000001,censored
BEL,Belgium,1993,FALSE,NA,31,0.85907,censored
BEL,Belgium,1994,FALSE,NA,30,0.70914,censored
BEL,Belgium,1995,FALSE,NA,29,0.56318,censored
BEL,Belgium,1996,FALSE,NA,28,0.43699,censored
BEL,Belgium,1997,FALSE,NA,27,0.33474000000000004,censored
BEL,Belgium,1998,FALSE,NA,26,0.24944999999999998,censored
BEL,Belgium,1999,FALSE,NA,25,0.18529,censored
BEL,Belgium,2000,FALSE,NA,24,0.13258,censored
BEL,Belgium,2001,FALSE,NA,23,0.09345,censored
BEL,Belgium,2002,FALSE,NA,22,0.060980000000000006,censored
BEL,Belgium,2003,FALSE,NA,21,0.03797,censored
BEL,Belgium,2004,FALSE,NA,20,0.02182,censored
BEL,Belgium,2005,FALSE,NA,19,0.01085,censored
BEL,Belgium,2006,FALSE,NA,18,0.0051199999999999996,censored
BEL,Belgium,2007,FALSE,NA,17,0.00206,censored
BEL,Belgium,2008,FALSE,NA,16,5.1e-4,censored
BEL,Belgium,2009,FALSE,NA,15,6e-5,censored
BGR,Bulgaria,1932,TRUE,45,55,2.05201,crossed
BGR,Bulgaria,1933,FALSE,NA,55,2.0428200000000003,never
BGR,Bulgaria,1934,TRUE,43,55,2.0543600000000017,crossed
BGR,Bulgaria,1935,FALSE,NA,55,2.026290000000001,never
BGR,Bulgaria,1936,FALSE,NA,55,2.0418600000000002,never
BGR,Bulgaria,1937,FALSE,NA,55,2.0297500000000004,never
BGR,Bulgaria,1938,FALSE,NA,55,2.0479299999999987,never
BGR,Bulgaria,1939,FALSE,NA,55,2.02987,never
BGR,Bulgaria,1940,TRUE,38,55,2.07891,crossed
BGR,Bulgaria,1941,TRUE,37,55,2.0883699999999994,crossed
BGR,Bulgaria,1942,TRUE,36,55,2.0981899999999998,crossed
BGR,Bulgaria,1943,TRUE,38,55,2.0809399999999987,crossed
BGR,Bulgaria,1944,TRUE,38,55,2.078090000000001,crossed
BGR,Bulgaria,1945,TRUE,38,55,2.07175,crossed
BGR,Bulgaria,1946,TRUE,39,55,2.0718000000000005,crossed
BGR,Bulgaria,1947,FALSE,NA,55,2.03714,never
BGR,Bulgaria,1948,TRUE,39,55,2.06672,crossed
BGR,Bulgaria,1949,TRUE,40,55,2.0613700000000006,crossed
BGR,Bulgaria,1950,TRUE,37,55,2.087399999999999,crossed
BGR,Bulgaria,1951,FALSE,NA,55,2.04197,never
BGR,Bulgaria,1952,FALSE,NA,55,2.04863,never
BGR,Bulgaria,1953,FALSE,NA,55,2.03169,never
BGR,Bulgaria,1954,FALSE,NA,55,2.0408600000000003,never
BGR,Bulgaria,1955,FALSE,NA,55,2.034840000000001,never
BGR,Bulgaria,1956,FALSE,NA,55,2.02738,never
BGR,Bulgaria,1957,FALSE,NA,55,2.0379600000000004,never
BGR,Bulgaria,1958,FALSE,NA,55,2.0314199999999993,never
BGR,Bulgaria,1959,FALSE,NA,55,2.003979999999999,never
BGR,Bulgaria,1960,FALSE,NA,55,1.9728299999999994,never
BGR,Bulgaria,1961,FALSE,NA,55,1.9249100000000001,never
BGR,Bulgaria,1962,FALSE,NA,55,1.89617,never
BGR,Bulgaria,1963,FALSE,NA,55,1.87006,never
BGR,Bulgaria,1964,FALSE,NA,55,1.8653899999999994,never
BGR,Bulgaria,1965,FALSE,NA,55,1.8459599999999996,never
BGR,Bulgaria,1966,FALSE,NA,55,1.8200500000000002,never
BGR,Bulgaria,1967,FALSE,NA,54,1.7981900000000004,never
BGR,Bulgaria,1968,FALSE,NA,53,1.7830900000000003,never
BGR,Bulgaria,1969,FALSE,NA,52,1.7275399999999999,never
BGR,Bulgaria,1970,FALSE,NA,51,1.6879500000000007,never
BGR,Bulgaria,1971,FALSE,NA,50,1.67503,never
BGR,Bulgaria,1972,FALSE,NA,49,1.6553200000000001,never
BGR,Bulgaria,1973,FALSE,NA,48,1.66785,never
BGR,Bulgaria,1974,FALSE,NA,47,1.6487500000000002,never
BGR,Bulgaria,1975,FALSE,NA,46,1.6360799999999995,never
BGR,Bulgaria,1976,FALSE,NA,45,1.6438799999999998,never
BGR,Bulgaria,1977,FALSE,NA,44,1.6538599999999997,never
BGR,Bulgaria,1978,FALSE,NA,43,1.65682,censored
BGR,Bulgaria,1979,FALSE,NA,42,1.6656400000000005,censored
BGR,Bulgaria,1980,FALSE,NA,41,1.6448500000000006,censored
BGR,Bulgaria,1981,FALSE,NA,40,1.6308599999999998,censored
BGR,Bulgaria,1982,FALSE,NA,39,1.6081200000000002,censored
BGR,Bulgaria,1983,FALSE,NA,38,1.5795300000000003,censored
BGR,Bulgaria,1984,FALSE,NA,37,1.5363499999999999,censored
BGR,Bulgaria,1985,FALSE,NA,36,1.4886499999999998,censored
BGR,Bulgaria,1986,FALSE,NA,35,1.42172,censored
BGR,Bulgaria,1987,FALSE,NA,34,1.3329800000000003,censored
BGR,Bulgaria,1988,FALSE,NA,33,1.25862,censored
BGR,Bulgaria,1989,FALSE,NA,32,1.1627,censored
BGR,Bulgaria,1990,FALSE,NA,31,1.10111,censored
BGR,Bulgaria,1991,FALSE,NA,30,1.00271,censored
BGR,Bulgaria,1992,FALSE,NA,29,0.9228999999999999,censored
BGR,Bulgaria,1993,FALSE,NA,28,0.8367700000000001,censored
BGR,Bulgaria,1994,FALSE,NA,27,0.7627799999999999,censored
BGR,Bulgaria,1995,FALSE,NA,26,0.6678200000000001,censored
BGR,Bulgaria,1996,FALSE,NA,25,0.57936,censored
BGR,Bulgaria,1997,FALSE,NA,24,0.4728,censored
BGR,Bulgaria,1998,FALSE,NA,23,0.37799,censored
BGR,Bulgaria,1999,FALSE,NA,22,0.32377999999999996,censored
BGR,Bulgaria,2000,FALSE,NA,21,0.26926000000000005,censored
BGR,Bulgaria,2001,FALSE,NA,20,0.2127,censored
BGR,Bulgaria,2002,FALSE,NA,19,0.14516,censored
BGR,Bulgaria,2003,FALSE,NA,18,0.09996,censored
BGR,Bulgaria,2004,FALSE,NA,17,0.05543,censored
BGR,Bulgaria,2005,FALSE,NA,16,0.02555,censored
BGR,Bulgaria,2006,FALSE,NA,15,0.006849999999999999,censored
BGR,Bulgaria,2007,FALSE,NA,14,0.0012000000000000001,censored
BGR,Bulgaria,2008,FALSE,NA,13,9e-5,censored
BIH,Bosnia and Herzegovina,1935,TRUE,30,50,3.0823199999999993,crossed
BIH,Bosnia and Herzegovina,1936,TRUE,30,50,2.9995800000000004,crossed
BIH,Bosnia and Herzegovina,1937,TRUE,30,50,2.9413399999999994,crossed
BIH,Bosnia and Herzegovina,1938,TRUE,30,50,2.84929,crossed
BIH,Bosnia and Herzegovina,1939,TRUE,30,50,2.81075,crossed
BIH,Bosnia and Herzegovina,1940,TRUE,30,50,2.7737799999999986,crossed
BIH,Bosnia and Herzegovina,1941,TRUE,30,49,2.7149399999999995,crossed
BIH,Bosnia and Herzegovina,1942,TRUE,31,48,2.58615,crossed
BIH,Bosnia and Herzegovina,1943,TRUE,31,47,2.5102199999999995,crossed
BIH,Bosnia and Herzegovina,1944,TRUE,32,46,2.447990000000001,crossed
BIH,Bosnia and Herzegovina,1945,TRUE,33,45,2.33384,crossed
BIH,Bosnia and Herzegovina,1946,TRUE,33,50,2.3462,crossed
BIH,Bosnia and Herzegovina,1947,TRUE,33,50,2.3418400000000004,crossed
BIH,Bosnia and Herzegovina,1948,TRUE,33,50,2.30557,crossed
BIH,Bosnia and Herzegovina,1949,TRUE,34,50,2.2201100000000005,crossed
BIH,Bosnia and Herzegovina,1950,TRUE,34,50,2.2122,crossed
BIH,Bosnia and Herzegovina,1951,TRUE,38,50,2.09199,crossed
BIH,Bosnia and Herzegovina,1952,FALSE,NA,50,2.01907,never
BIH,Bosnia and Herzegovina,1953,FALSE,NA,50,1.9718300000000002,never
BIH,Bosnia and Herzegovina,1954,FALSE,NA,50,1.9461000000000004,never
BIH,Bosnia and Herzegovina,1955,FALSE,NA,50,1.8775699999999995,never
BIH,Bosnia and Herzegovina,1956,FALSE,NA,50,1.8610400000000002,never
BIH,Bosnia and Herzegovina,1957,FALSE,NA,50,1.7988100000000002,never
BIH,Bosnia and Herzegovina,1958,FALSE,NA,50,1.7747200000000003,never
BIH,Bosnia and Herzegovina,1959,FALSE,NA,50,1.74415,never
BIH,Bosnia and Herzegovina,1960,FALSE,NA,50,1.6973599999999995,never
BIH,Bosnia and Herzegovina,1961,FALSE,NA,50,1.6148899999999997,never
BIH,Bosnia and Herzegovina,1962,FALSE,NA,50,1.5197800000000004,never
BIH,Bosnia and Herzegovina,1963,FALSE,NA,50,1.4122100000000002,never
BIH,Bosnia and Herzegovina,1964,FALSE,NA,50,1.3260999999999998,never
BIH,Bosnia and Herzegovina,1965,FALSE,NA,50,1.2601900000000001,never
BIH,Bosnia and Herzegovina,1966,FALSE,NA,50,1.2033700000000003,never
BIH,Bosnia and Herzegovina,1967,FALSE,NA,50,1.1385800000000004,never
BIH,Bosnia and Herzegovina,1968,FALSE,NA,50,1.0774199999999998,never
BIH,Bosnia and Herzegovina,1969,FALSE,NA,50,1.02475,never
BIH,Bosnia and Herzegovina,1970,FALSE,NA,50,0.9953599999999999,never
BIH,Bosnia and Herzegovina,1971,FALSE,NA,50,0.991,never
BIH,Bosnia and Herzegovina,1972,FALSE,NA,50,1.0231,never
BIH,Bosnia and Herzegovina,1973,FALSE,NA,50,1.0909900000000001,never
BIH,Bosnia and Herzegovina,1974,FALSE,NA,50,1.18572,never
BIH,Bosnia and Herzegovina,1975,FALSE,NA,49,1.2928600000000001,never
BIH,Bosnia and Herzegovina,1981,FALSE,NA,43,1.4857500000000001,censored
BIH,Bosnia and Herzegovina,1982,FALSE,NA,42,1.47034,censored
BIH,Bosnia and Herzegovina,1983,FALSE,NA,41,1.4513300000000002,censored
BIH,Bosnia and Herzegovina,1984,FALSE,NA,40,1.4232099999999999,censored
BIH,Bosnia and Herzegovina,1985,FALSE,NA,39,1.3846900000000004,censored
BIH,Bosnia and Herzegovina,1986,FALSE,NA,38,1.3333499999999998,censored
BIH,Bosnia and Herzegovina,1987,FALSE,NA,37,1.27062,censored
BIH,Bosnia and Herzegovina,1988,FALSE,NA,36,1.1983,censored
BIH,Bosnia and Herzegovina,1989,FALSE,NA,35,1.1184200000000002,censored
BIH,Bosnia and Herzegovina,1990,FALSE,NA,34,1.0335899999999998,censored
BIH,Bosnia and Herzegovina,1991,FALSE,NA,33,0.9464600000000001,censored
BIH,Bosnia and Herzegovina,1992,FALSE,NA,32,0.8594900000000001,censored
BIH,Bosnia and Herzegovina,1993,FALSE,NA,31,0.7751,censored
BIH,Bosnia and Herzegovina,1994,FALSE,NA,30,0.6939599999999998,censored
BIH,Bosnia and Herzegovina,1995,FALSE,NA,29,0.61454,censored
BIH,Bosnia and Herzegovina,1996,FALSE,NA,28,0.53446,censored
BIH,Bosnia and Herzegovina,1997,FALSE,NA,27,0.45149000000000006,censored
BIH,Bosnia and Herzegovina,1998,FALSE,NA,26,0.3681,censored
BIH,Bosnia and Herzegovina,1999,FALSE,NA,25,0.28822000000000003,censored
BIH,Bosnia and Herzegovina,2000,FALSE,NA,24,0.21674,censored
BIH,Bosnia and Herzegovina,2001,FALSE,NA,23,0.15672,censored
BIH,Bosnia and Herzegovina,2002,FALSE,NA,22,0.10733999999999999,censored
BIH,Bosnia and Herzegovina,2003,FALSE,NA,21,0.06842999999999999,censored
BIH,Bosnia and Herzegovina,2004,FALSE,NA,20,0.03926,censored
BIH,Bosnia and Herzegovina,2005,FALSE,NA,19,0.02,censored
BIH,Bosnia and Herzegovina,2006,FALSE,NA,18,0.00862,censored
BIH,Bosnia and Herzegovina,2007,FALSE,NA,17,0.00284,censored
BIH,Bosnia and Herzegovina,2008,FALSE,NA,16,5.2e-4,censored
BIH,Bosnia and Herzegovina,2009,FALSE,NA,15,0,censored
BLR,Belarus,1945,FALSE,NA,55,1.9473800000000001,never
BLR,Belarus,1946,FALSE,NA,55,1.84183,never
BLR,Belarus,1947,FALSE,NA,55,2.025750000000001,never
BLR,Belarus,1948,FALSE,NA,55,1.8628199999999995,never
BLR,Belarus,1949,FALSE,NA,55,1.98952,never
BLR,Belarus,1950,FALSE,NA,55,1.9387199999999998,never
BLR,Belarus,1951,FALSE,NA,55,1.94383,never
BLR,Belarus,1952,FALSE,NA,55,1.97459,never
BLR,Belarus,1953,FALSE,NA,55,1.8813000000000002,never
BLR,Belarus,1954,FALSE,NA,55,1.90134,never
BLR,Belarus,1955,FALSE,NA,55,1.92709,never
BLR,Belarus,1956,FALSE,NA,55,1.9313099999999996,never
BLR,Belarus,1957,FALSE,NA,55,1.9203900000000003,never
BLR,Belarus,1958,FALSE,NA,55,1.92778,never
BLR,Belarus,1959,FALSE,NA,55,1.91002,never
BLR,Belarus,1960,FALSE,NA,55,1.87466,never
BLR,Belarus,1961,FALSE,NA,55,1.87051,never
BLR,Belarus,1962,FALSE,NA,55,1.8383500000000006,never
BLR,Belarus,1963,FALSE,NA,55,1.7863200000000004,never
BLR,Belarus,1964,FALSE,NA,54,1.6900200000000003,never
BLR,Belarus,1965,FALSE,NA,53,1.6850600000000002,never
BLR,Belarus,1966,FALSE,NA,52,1.69598,never
BLR,Belarus,1967,FALSE,NA,51,1.7050500000000002,never
BLR,Belarus,1968,FALSE,NA,50,1.7167500000000002,never
BLR,Belarus,1969,FALSE,NA,49,1.6998300000000002,never
BLR,Belarus,1970,FALSE,NA,48,1.6855599999999997,never
BLR,Belarus,1971,FALSE,NA,47,1.6412099999999996,never
BLR,Belarus,1972,FALSE,NA,46,1.5955599999999999,never
BLR,Belarus,1973,FALSE,NA,45,1.5760800000000001,never
BLR,Belarus,1974,FALSE,NA,44,1.5740799999999997,never
BLR,Belarus,1975,FALSE,NA,43,1.5710299999999997,censored
BLR,Belarus,1976,FALSE,NA,42,1.5797900000000002,censored
BLR,Belarus,1977,FALSE,NA,41,1.6131199999999999,censored
BLR,Belarus,1978,FALSE,NA,40,1.6148400000000003,censored
BLR,Belarus,1979,FALSE,NA,39,1.6121999999999999,censored
BLR,Belarus,1980,FALSE,NA,38,1.61931,censored
BLR,Belarus,1981,FALSE,NA,37,1.6006,censored
BLR,Belarus,1982,FALSE,NA,36,1.58305,censored
BLR,Belarus,1983,FALSE,NA,35,1.5189900000000003,censored
BLR,Belarus,1984,FALSE,NA,34,1.47519,censored
BLR,Belarus,1985,FALSE,NA,33,1.40911,censored
BLR,Belarus,1986,FALSE,NA,32,1.3596,censored
BLR,Belarus,1987,FALSE,NA,31,1.2803200000000001,censored
BLR,Belarus,1988,FALSE,NA,30,1.13306,censored
BLR,Belarus,1989,FALSE,NA,29,1.00685,censored
BLR,Belarus,1990,FALSE,NA,28,0.8903399999999999,censored
BLR,Belarus,1991,FALSE,NA,27,0.78906,censored
BLR,Belarus,1992,FALSE,NA,26,0.6392500000000001,censored
BLR,Belarus,1993,FALSE,NA,25,0.53223,censored
BLR,Belarus,1994,FALSE,NA,24,0.42701999999999996,censored
BLR,Belarus,1995,FALSE,NA,23,0.30471000000000004,censored
BLR,Belarus,1996,FALSE,NA,22,0.21833,censored
BLR,Belarus,1997,FALSE,NA,21,0.13890999999999998,censored
BLR,Belarus,1998,FALSE,NA,20,0.08046,censored
BLR,Belarus,1999,FALSE,NA,19,0.03617,censored
BLR,Belarus,2000,FALSE,NA,18,0.01327,censored
BLR,Belarus,2001,FALSE,NA,17,0.0038799999999999998,censored
BLR,Belarus,2002,FALSE,NA,16,0.00112,censored
BLR,Belarus,2003,FALSE,NA,15,2.6e-4,censored
BLR,Belarus,2004,FALSE,NA,14,0,censored
BLR,Belarus,2005,FALSE,NA,13,0,censored
CAN,Canada,1906,TRUE,33,55,2.8836200000000005,crossed
CAN,Canada,1907,TRUE,34,55,2.8421000000000007,crossed
CAN,Canada,1908,TRUE,34,55,2.82176,crossed
CAN,Canada,1909,TRUE,35,55,2.7316699999999994,crossed
CAN,Canada,1910,TRUE,35,55,2.7543100000000007,crossed
CAN,Canada,1911,TRUE,35,55,2.7137000000000002,crossed
CAN,Canada,1912,TRUE,35,55,2.72776,crossed
CAN,Canada,1913,TRUE,35,55,2.7679900000000006,crossed
CAN,Canada,1914,TRUE,34,55,2.8500199999999993,crossed
CAN,Canada,1915,TRUE,33,55,2.90096,crossed
CAN,Canada,1916,TRUE,34,55,2.8805700000000014,crossed
CAN,Canada,1917,TRUE,33,55,2.8986100000000006,crossed
CAN,Canada,1918,TRUE,33,55,2.9368799999999986,crossed
CAN,Canada,1919,TRUE,33,55,2.938620000000001,crossed
CAN,Canada,1920,TRUE,32,55,3.1376300000000006,crossed
CAN,Canada,1921,TRUE,31,55,3.27125,crossed
CAN,Canada,1922,TRUE,31,55,3.2577100000000003,crossed
CAN,Canada,1923,TRUE,31,55,3.246039999999999,crossed
CAN,Canada,1924,TRUE,31,55,3.272400000000001,crossed
CAN,Canada,1925,TRUE,31,55,3.2700699999999996,crossed
CAN,Canada,1926,TRUE,30,55,3.2520399999999996,crossed
CAN,Canada,1927,TRUE,30,55,3.2750000000000004,crossed
CAN,Canada,1928,TRUE,30,55,3.3149399999999996,crossed
CAN,Canada,1929,TRUE,29,55,3.31385,crossed
CAN,Canada,1930,TRUE,29,55,3.37546,crossed
CAN,Canada,1931,TRUE,29,55,3.3681099999999997,crossed
CAN,Canada,1932,TRUE,29,55,3.33905,crossed
CAN,Canada,1933,TRUE,28,55,3.2585800000000007,crossed
CAN,Canada,1934,TRUE,28,55,3.1934899999999997,crossed
CAN,Canada,1935,TRUE,28,55,3.1141400000000004,crossed
CAN,Canada,1936,TRUE,28,55,3.03631,crossed
CAN,Canada,1937,TRUE,28,55,2.9361699999999997,crossed
CAN,Canada,1938,TRUE,28,55,2.8791,crossed
CAN,Canada,1939,TRUE,29,55,2.7858099999999997,crossed
CAN,Canada,1940,TRUE,29,55,2.73097,crossed
CAN,Canada,1941,TRUE,30,55,2.5928399999999994,crossed
CAN,Canada,1942,TRUE,30,55,2.5014999999999996,crossed
CAN,Canada,1943,TRUE,31,55,2.3968099999999994,crossed
CAN,Canada,1944,TRUE,33,55,2.28034,crossed
CAN,Canada,1945,TRUE,37,55,2.124130000000001,crossed
CAN,Canada,1946,TRUE,37,55,2.1188300000000004,crossed
CAN,Canada,1947,TRUE,36,55,2.1385799999999997,crossed
CAN,Canada,1948,TRUE,41,55,2.06502,crossed
CAN,Canada,1949,FALSE,NA,55,1.9877500000000001,never
CAN,Canada,1950,FALSE,NA,55,1.9496200000000001,never
CAN,Canada,1951,FALSE,NA,55,1.90628,never
CAN,Canada,1952,FALSE,NA,55,1.8894199999999997,never
CAN,Canada,1953,FALSE,NA,55,1.87526,never
CAN,Canada,1954,FALSE,NA,55,1.8695800000000002,never
CAN,Canada,1955,FALSE,NA,55,1.8561499999999995,never
CAN,Canada,1956,FALSE,NA,55,1.8484200000000004,never
CAN,Canada,1957,FALSE,NA,55,1.8420599999999991,never
CAN,Canada,1958,FALSE,NA,55,1.84875,never
CAN,Canada,1959,FALSE,NA,55,1.84309,never
CAN,Canada,1960,FALSE,NA,55,1.8455499999999998,never
CAN,Canada,1961,FALSE,NA,55,1.8194699999999993,never
CAN,Canada,1962,FALSE,NA,55,1.8029300000000001,never
CAN,Canada,1963,FALSE,NA,55,1.80531,never
CAN,Canada,1964,FALSE,NA,55,1.7885999999999997,never
CAN,Canada,1965,FALSE,NA,55,1.77076,never
CAN,Canada,1966,FALSE,NA,55,1.7674200000000007,never
CAN,Canada,1967,FALSE,NA,55,1.7775200000000004,never
CAN,Canada,1968,FALSE,NA,55,1.7855699999999999,never
CAN,Canada,1969,FALSE,NA,54,1.78693,never
CAN,Canada,1970,FALSE,NA,53,1.7879299999999998,never
CAN,Canada,1971,FALSE,NA,52,1.7827199999999999,never
CAN,Canada,1972,FALSE,NA,51,1.80761,never
CAN,Canada,1973,FALSE,NA,50,1.80704,never
CAN,Canada,1974,FALSE,NA,49,1.81598,never
CAN,Canada,1975,FALSE,NA,49,1.8366900000000002,never
CAN,Canada,1976,FALSE,NA,48,1.8040500000000004,never
CAN,Canada,1977,FALSE,NA,47,1.8217100000000002,never
CAN,Canada,1978,FALSE,NA,46,1.8035500000000002,never
CAN,Canada,1979,FALSE,NA,45,1.7997699999999996,never
CAN,Canada,1980,FALSE,NA,44,1.7769699999999997,never
CAN,Canada,1981,FALSE,NA,43,1.7422199999999994,censored
CAN,Canada,1982,FALSE,NA,42,1.7338899999999997,censored
CAN,Canada,1983,FALSE,NA,41,1.7067500000000002,censored
CAN,Canada,1984,FALSE,NA,40,1.6623900000000003,censored
CAN,Canada,1985,FALSE,NA,39,1.6073400000000002,censored
CAN,Canada,1986,FALSE,NA,38,1.5405699999999998,censored
CAN,Canada,1987,FALSE,NA,37,1.46949,censored
CAN,Canada,1988,FALSE,NA,36,1.3800000000000001,censored
CAN,Canada,1989,FALSE,NA,35,1.2554300000000003,censored
CAN,Canada,1990,FALSE,NA,34,1.13511,censored
CAN,Canada,1991,FALSE,NA,33,1.0088,censored
CAN,Canada,1992,FALSE,NA,32,0.8722300000000001,censored
CAN,Canada,1993,FALSE,NA,31,0.73981,censored
CAN,Canada,1994,FALSE,NA,30,0.61286,censored
CAN,Canada,1995,FALSE,NA,29,0.4955300000000001,censored
CAN,Canada,1996,FALSE,NA,28,0.39297000000000004,censored
CAN,Canada,1997,FALSE,NA,27,0.29892,censored
CAN,Canada,1998,FALSE,NA,26,0.23153,censored
CAN,Canada,1999,FALSE,NA,25,0.17208,censored
CAN,Canada,2000,FALSE,NA,24,0.12195999999999999,censored
CAN,Canada,2001,FALSE,NA,23,0.08826,censored
CAN,Canada,2002,FALSE,NA,22,0.05851,censored
CAN,Canada,2003,FALSE,NA,21,0.03789000000000001,censored
CAN,Canada,2004,FALSE,NA,20,0.02267,censored
CAN,Canada,2005,FALSE,NA,19,0.01201,censored
CAN,Canada,2006,FALSE,NA,18,0.005690000000000001,censored
CAN,Canada,2007,FALSE,NA,17,0.00249,censored
CAN,Canada,2008,FALSE,NA,16,9.4e-4,censored
CAN,Canada,2009,FALSE,NA,15,2.1e-4,censored
CAN,Canada,2010,FALSE,NA,13,0,censored
CHE,Switzerland,1917,TRUE,39,55,2.191360000000001,crossed
CHE,Switzerland,1918,TRUE,39,55,2.2234400000000005,crossed
CHE,Switzerland,1919,TRUE,39,55,2.22085,crossed
CHE,Switzerland,1920,TRUE,39,55,2.2036900000000017,crossed
CHE,Switzerland,1921,TRUE,39,55,2.21829,crossed
CHE,Switzerland,1922,TRUE,38,55,2.219280000000001,crossed
CHE,Switzerland,1923,TRUE,38,55,2.21815,crossed
CHE,Switzerland,1924,TRUE,38,55,2.2142399999999998,crossed
CHE,Switzerland,1925,TRUE,38,55,2.2133100000000003,crossed
CHE,Switzerland,1926,TRUE,38,55,2.201050000000001,crossed
CHE,Switzerland,1927,TRUE,38,55,2.2051700000000003,crossed
CHE,Switzerland,1928,TRUE,38,55,2.19461,crossed
CHE,Switzerland,1929,TRUE,38,55,2.19447,crossed
CHE,Switzerland,1930,TRUE,38,55,2.1809699999999994,crossed
CHE,Switzerland,1931,TRUE,38,55,2.17888,crossed
CHE,Switzerland,1932,TRUE,37,55,2.1803299999999997,crossed
CHE,Switzerland,1933,TRUE,37,55,2.1905900000000007,crossed
CHE,Switzerland,1934,TRUE,37,55,2.2011000000000007,crossed
CHE,Switzerland,1935,TRUE,37,55,2.1866000000000008,crossed
CHE,Switzerland,1936,TRUE,36,55,2.1868500000000006,crossed
CHE,Switzerland,1937,TRUE,36,55,2.1696000000000004,crossed
CHE,Switzerland,1938,TRUE,36,55,2.1589200000000006,crossed
CHE,Switzerland,1939,TRUE,37,55,2.1393600000000004,crossed
CHE,Switzerland,1940,TRUE,38,55,2.1127300000000004,crossed
CHE,Switzerland,1941,TRUE,41,55,2.06617,crossed
CHE,Switzerland,1942,FALSE,NA,55,1.99434,never
CHE,Switzerland,1943,FALSE,NA,55,1.9364599999999998,never
CHE,Switzerland,1944,FALSE,NA,55,1.9069899999999997,never
CHE,Switzerland,1945,FALSE,NA,55,1.8682800000000004,never
CHE,Switzerland,1946,FALSE,NA,55,1.84612,never
CHE,Switzerland,1947,FALSE,NA,55,1.8394499999999998,never
CHE,Switzerland,1948,FALSE,NA,55,1.8275599999999999,never
CHE,Switzerland,1949,FALSE,NA,55,1.81223,never
CHE,Switzerland,1950,FALSE,NA,55,1.8040800000000001,never
CHE,Switzerland,1951,FALSE,NA,55,1.7826900000000003,never
CHE,Switzerland,1952,FALSE,NA,55,1.7643700000000002,never
CHE,Switzerland,1953,FALSE,NA,55,1.7587300000000003,never
CHE,Switzerland,1954,FALSE,NA,55,1.7552000000000008,never
CHE,Switzerland,1955,FALSE,NA,55,1.7536899999999997,never
CHE,Switzerland,1956,FALSE,NA,55,1.7572799999999995,never
CHE,Switzerland,1957,FALSE,NA,55,1.7458300000000004,never
CHE,Switzerland,1958,FALSE,NA,55,1.7432800000000002,never
CHE,Switzerland,1959,FALSE,NA,55,1.7578899999999997,never
CHE,Switzerland,1960,FALSE,NA,55,1.7935700000000006,never
CHE,Switzerland,1961,FALSE,NA,55,1.7730500000000011,never
CHE,Switzerland,1962,FALSE,NA,55,1.76233,never
CHE,Switzerland,1963,FALSE,NA,55,1.7323300000000006,never
CHE,Switzerland,1964,FALSE,NA,55,1.7102899999999999,never
CHE,Switzerland,1965,FALSE,NA,55,1.6809100000000003,never
CHE,Switzerland,1966,FALSE,NA,55,1.6665900000000005,never
CHE,Switzerland,1967,FALSE,NA,55,1.6602899999999996,never
CHE,Switzerland,1968,FALSE,NA,55,1.66516,never
CHE,Switzerland,1969,FALSE,NA,55,1.6460100000000004,never
CHE,Switzerland,1970,FALSE,NA,54,1.65318,never
CHE,Switzerland,1971,FALSE,NA,53,1.6409699999999994,never
CHE,Switzerland,1972,FALSE,NA,52,1.6444000000000003,never
CHE,Switzerland,1973,FALSE,NA,51,1.6482999999999997,never
CHE,Switzerland,1974,FALSE,NA,50,1.6497300000000001,never
CHE,Switzerland,1975,FALSE,NA,49,1.6572900000000002,never
CHE,Switzerland,1976,FALSE,NA,48,1.6505099999999995,never
CHE,Switzerland,1977,FALSE,NA,47,1.64663,never
CHE,Switzerland,1978,FALSE,NA,46,1.65291,never
CHE,Switzerland,1979,FALSE,NA,45,1.6433699999999993,never
CHE,Switzerland,1980,FALSE,NA,44,1.6328000000000005,never
CHE,Switzerland,1981,FALSE,NA,43,1.6169399999999998,censored
CHE,Switzerland,1982,FALSE,NA,42,1.60699,censored
CHE,Switzerland,1983,FALSE,NA,41,1.5797800000000002,censored
CHE,Switzerland,1984,FALSE,NA,40,1.53681,censored
CHE,Switzerland,1985,FALSE,NA,39,1.47784,censored
CHE,Switzerland,1986,FALSE,NA,38,1.4233399999999998,censored
CHE,Switzerland,1987,FALSE,NA,37,1.3406500000000001,censored
CHE,Switzerland,1988,FALSE,NA,36,1.2501099999999998,censored
CHE,Switzerland,1989,FALSE,NA,35,1.1356099999999998,censored
CHE,Switzerland,1990,FALSE,NA,34,1.0097099999999999,censored
CHE,Switzerland,1991,FALSE,NA,33,0.8822599999999999,censored
CHE,Switzerland,1992,FALSE,NA,32,0.7435,censored
CHE,Switzerland,1993,FALSE,NA,31,0.60859,censored
CHE,Switzerland,1994,FALSE,NA,30,0.49395,censored
CHE,Switzerland,1995,FALSE,NA,29,0.39036000000000004,censored
CHE,Switzerland,1996,FALSE,NA,28,0.30502,censored
CHE,Switzerland,1997,FALSE,NA,27,0.22153,censored
CHE,Switzerland,1998,FALSE,NA,26,0.15746,censored
CHE,Switzerland,1999,FALSE,NA,25,0.10914,censored
CHE,Switzerland,2000,FALSE,NA,24,0.0706,censored
CHE,Switzerland,2001,FALSE,NA,23,0.04507,censored
CHE,Switzerland,2002,FALSE,NA,22,0.025160000000000002,censored
CHE,Switzerland,2003,FALSE,NA,21,0.014509999999999999,censored
CHE,Switzerland,2004,FALSE,NA,20,0.0074,censored
CHE,Switzerland,2005,FALSE,NA,19,0.00347,censored
CHE,Switzerland,2006,FALSE,NA,18,0.0010400000000000001,censored
CHE,Switzerland,2007,FALSE,NA,17,5.4e-4,censored
CHE,Switzerland,2008,FALSE,NA,16,1.1e-4,censored
CHE,Switzerland,2009,FALSE,NA,15,7e-5,censored
CHE,Switzerland,2010,FALSE,NA,14,0,censored
CHE,Switzerland,2011,FALSE,NA,13,0,censored
CZE,Czech Republic,1930,TRUE,35,55,2.1856500000000003,crossed
CZE,Czech Republic,1931,TRUE,35,55,2.16764,crossed
CZE,Czech Republic,1932,TRUE,35,55,2.15388,crossed
CZE,Czech Republic,1933,TRUE,35,55,2.139099999999999,crossed
CZE,Czech Republic,1934,TRUE,36,55,2.1340100000000004,crossed
CZE,Czech Republic,1935,TRUE,36,55,2.1200700000000006,crossed
CZE,Czech Republic,1936,TRUE,37,55,2.1069,crossed
CZE,Czech Republic,1937,TRUE,38,55,2.0821700000000005,crossed
CZE,Czech Republic,1938,TRUE,36,55,2.1249500000000006,crossed
CZE,Czech Republic,1939,TRUE,41,55,2.0596800000000015,crossed
CZE,Czech Republic,1940,TRUE,36,55,2.118909999999999,crossed
CZE,Czech Republic,1941,TRUE,38,55,2.07823,crossed
CZE,Czech Republic,1942,TRUE,43,55,2.05195,crossed
CZE,Czech Republic,1943,FALSE,NA,55,2.0355200000000004,never
CZE,Czech Republic,1944,TRUE,37,55,2.08869,crossed
CZE,Czech Republic,1945,FALSE,NA,55,2.00374,never
CZE,Czech Republic,1946,FALSE,NA,55,2.04953,never
CZE,Czech Republic,1947,TRUE,38,55,2.08106,crossed
CZE,Czech Republic,1948,TRUE,37,55,2.087440000000001,crossed
CZE,Czech Republic,1949,TRUE,37,55,2.089510000000001,crossed
CZE,Czech Republic,1950,TRUE,36,55,2.106619999999999,crossed
CZE,Czech Republic,1951,TRUE,36,55,2.1080000000000005,crossed
CZE,Czech Republic,1952,TRUE,36,55,2.1054299999999997,crossed
CZE,Czech Republic,1953,TRUE,37,55,2.09452,crossed
CZE,Czech Republic,1954,TRUE,38,55,2.0784400000000005,crossed
CZE,Czech Republic,1955,TRUE,38,55,2.081620000000001,crossed
CZE,Czech Republic,1956,TRUE,39,55,2.0708200000000003,crossed
CZE,Czech Republic,1957,TRUE,38,55,2.0795400000000006,crossed
CZE,Czech Republic,1958,TRUE,41,55,2.05826,crossed
CZE,Czech Republic,1959,FALSE,NA,55,2.0449300000000004,never
CZE,Czech Republic,1960,FALSE,NA,55,2.038900000000001,never
CZE,Czech Republic,1961,FALSE,NA,55,2.0243399999999996,never
CZE,Czech Republic,1962,FALSE,NA,55,2.0140400000000014,never
CZE,Czech Republic,1963,FALSE,NA,55,1.98351,never
CZE,Czech Republic,1964,FALSE,NA,55,1.9712500000000004,never
CZE,Czech Republic,1965,FALSE,NA,55,1.9605700000000001,never
CZE,Czech Republic,1966,FALSE,NA,55,1.9464200000000007,never
CZE,Czech Republic,1967,FALSE,NA,54,1.91324,never
CZE,Czech Republic,1968,FALSE,NA,53,1.90325,never
CZE,Czech Republic,1969,FALSE,NA,52,1.8986500000000002,never
CZE,Czech Republic,1970,FALSE,NA,51,1.8955099999999994,never
CZE,Czech Republic,1971,FALSE,NA,50,1.8762700000000003,never
CZE,Czech Republic,1972,FALSE,NA,50,1.8538000000000001,never
CZE,Czech Republic,1973,FALSE,NA,50,1.82956,never
CZE,Czech Republic,1974,FALSE,NA,50,1.81514,never
CZE,Czech Republic,1975,FALSE,NA,49,1.8015300000000003,never
CZE,Czech Republic,1976,FALSE,NA,48,1.7714299999999998,never
CZE,Czech Republic,1977,FALSE,NA,47,1.7512900000000007,never
CZE,Czech Republic,1978,FALSE,NA,46,1.7305899999999999,never
CZE,Czech Republic,1979,FALSE,NA,45,1.70706,never
CZE,Czech Republic,1980,FALSE,NA,44,1.6966499999999998,never
CZE,Czech Republic,1981,FALSE,NA,43,1.6854299999999998,censored
CZE,Czech Republic,1982,FALSE,NA,42,1.6577400000000002,censored
CZE,Czech Republic,1983,FALSE,NA,41,1.6351,censored
CZE,Czech Republic,1984,FALSE,NA,40,1.6110000000000002,censored
CZE,Czech Republic,1985,FALSE,NA,39,1.5783600000000002,censored
CZE,Czech Republic,1986,FALSE,NA,38,1.5299199999999997,censored
CZE,Czech Republic,1987,FALSE,NA,37,1.4755500000000001,censored
CZE,Czech Republic,1988,FALSE,NA,36,1.41397,censored
CZE,Czech Republic,1989,FALSE,NA,35,1.33717,censored
CZE,Czech Republic,1990,FALSE,NA,34,1.24375,censored
CZE,Czech Republic,1991,FALSE,NA,33,1.1584899999999998,censored
CZE,Czech Republic,1992,FALSE,NA,32,1.04289,censored
CZE,Czech Republic,1993,FALSE,NA,31,0.9382899999999998,censored
CZE,Czech Republic,1994,FALSE,NA,30,0.83208,censored
CZE,Czech Republic,1995,FALSE,NA,29,0.7001299999999999,censored
CZE,Czech Republic,1996,FALSE,NA,28,0.59458,censored
CZE,Czech Republic,1997,FALSE,NA,27,0.47546999999999995,censored
CZE,Czech Republic,1998,FALSE,NA,26,0.37246,censored
CZE,Czech Republic,1999,FALSE,NA,25,0.28629,censored
CZE,Czech Republic,2000,FALSE,NA,24,0.20657999999999999,censored
CZE,Czech Republic,2001,FALSE,NA,23,0.14221999999999999,censored
CZE,Czech Republic,2002,FALSE,NA,22,0.09559999999999999,censored
CZE,Czech Republic,2003,FALSE,NA,21,0.06387,censored
CZE,Czech Republic,2004,FALSE,NA,20,0.03665,censored
CZE,Czech Republic,2005,FALSE,NA,19,0.02001,censored
CZE,Czech Republic,2006,FALSE,NA,18,0.00901,censored
CZE,Czech Republic,2007,FALSE,NA,17,0.00333,censored
CZE,Czech Republic,2008,FALSE,NA,16,9.6e-4,censored
CZE,Czech Republic,2009,FALSE,NA,15,1.5e-4,censored
DEUTE,"Germany, East",1937,TRUE,37,55,2.0883400000000005,crossed
DEUTE,"Germany, East",1938,TRUE,40,55,2.06388,crossed
DEUTE,"Germany, East",1939,FALSE,NA,55,2.0293600000000005,never
DEUTE,"Germany, East",1940,FALSE,NA,55,2.0015200000000006,never
DEUTE,"Germany, East",1941,FALSE,NA,55,1.9648200000000002,never
DEUTE,"Germany, East",1942,FALSE,NA,55,1.9295499999999997,never
DEUTE,"Germany, East",1943,FALSE,NA,55,1.8931699999999996,never
DEUTE,"Germany, East",1944,FALSE,NA,55,1.88715,never
DEUTE,"Germany, East",1945,FALSE,NA,55,1.8736399999999993,never
DEUTE,"Germany, East",1946,FALSE,NA,55,1.84464,never
DEUTE,"Germany, East",1947,FALSE,NA,55,1.8390199999999999,never
DEUTE,"Germany, East",1948,FALSE,NA,55,1.8287699999999996,never
DEUTE,"Germany, East",1949,FALSE,NA,55,1.8019700000000003,never
DEUTE,"Germany, East",1950,FALSE,NA,55,1.7935500000000002,never
DEUTE,"Germany, East",1951,FALSE,NA,55,1.7831199999999996,never
DEUTE,"Germany, East",1952,FALSE,NA,55,1.7987400000000007,never
DEUTE,"Germany, East",1953,FALSE,NA,55,1.80573,never
DEUTE,"Germany, East",1954,FALSE,NA,55,1.8149999999999997,never
DEUTE,"Germany, East",1955,FALSE,NA,55,1.8217300000000003,never
DEUTE,"Germany, East",1956,FALSE,NA,55,1.8236800000000002,never
DEUTE,"Germany, East",1957,FALSE,NA,55,1.8196900000000007,never
DEUTE,"Germany, East",1958,FALSE,NA,55,1.8286099999999998,never
DEUTE,"Germany, East",1959,FALSE,NA,55,1.8267700000000002,never
DEUTE,"Germany, East",1960,FALSE,NA,55,1.8110399999999998,never
DEUTE,"Germany, East",1961,FALSE,NA,55,1.7806300000000002,never
DEUTE,"Germany, East",1962,FALSE,NA,55,1.74874,never
DEUTE,"Germany, East",1963,FALSE,NA,54,1.7047700000000001,never
DEUTE,"Germany, East",1964,FALSE,NA,53,1.6611499999999997,never
DEUTE,"Germany, East",1965,FALSE,NA,52,1.6255799999999996,never
DEUTE,"Germany, East",1966,FALSE,NA,51,1.5882800000000004,never
DEUTE,"Germany, East",1967,FALSE,NA,50,1.5733399999999995,never
DEUTE,"Germany, East",1968,FALSE,NA,49,1.5528599999999997,never
DEUTE,"Germany, East",1969,FALSE,NA,48,1.52989,never
DEUTE,"Germany, East",1970,FALSE,NA,47,1.5106800000000005,never
DEUTE,"Germany, East",1971,FALSE,NA,46,1.5055299999999998,never
DEUTE,"Germany, East",1972,FALSE,NA,45,1.5184,never
DEUTE,"Germany, East",1973,FALSE,NA,44,1.5336400000000001,never
DEUTE,"Germany, East",1974,FALSE,NA,43,1.5442,censored
DEUTE,"Germany, East",1975,FALSE,NA,42,1.5393599999999998,censored
DEUTE,"Germany, East",1976,FALSE,NA,41,1.5261900000000004,censored
DEUTE,"Germany, East",1977,FALSE,NA,40,1.49812,censored
DEUTE,"Germany, East",1978,FALSE,NA,39,1.4712000000000003,censored
DEUTE,"Germany, East",1979,FALSE,NA,38,1.44123,censored
DEUTE,"Germany, East",1980,FALSE,NA,37,1.40289,censored
DEUTE,"Germany, East",1981,FALSE,NA,36,1.3474800000000002,censored
DEUTE,"Germany, East",1982,FALSE,NA,35,1.28243,censored
DEUTE,"Germany, East",1983,FALSE,NA,34,1.2085299999999999,censored
DEUTE,"Germany, East",1984,FALSE,NA,33,1.11686,censored
DEUTE,"Germany, East",1985,FALSE,NA,32,1.02202,censored
DEUTE,"Germany, East",1986,FALSE,NA,31,0.92291,censored
DEUTE,"Germany, East",1987,FALSE,NA,30,0.80449,censored
DEUTE,"Germany, East",1988,FALSE,NA,29,0.68681,censored
DEUTE,"Germany, East",1989,FALSE,NA,28,0.57415,censored
DEUTE,"Germany, East",1990,FALSE,NA,27,0.46432999999999996,censored
DEUTE,"Germany, East",1991,FALSE,NA,26,0.39691,censored
DEUTE,"Germany, East",1992,FALSE,NA,25,0.34589,censored
DEUTE,"Germany, East",1993,FALSE,NA,24,0.27486,censored
DEUTE,"Germany, East",1994,FALSE,NA,23,0.20731,censored
DEUTE,"Germany, East",1995,FALSE,NA,22,0.15710000000000002,censored
DEUTE,"Germany, East",1996,FALSE,NA,21,0.11113999999999999,censored
DEUTE,"Germany, East",1997,FALSE,NA,20,0.07159,censored
DEUTE,"Germany, East",1998,FALSE,NA,19,0.04226,censored
DEUTE,"Germany, East",1999,FALSE,NA,18,0.0223,censored
DEUTE,"Germany, East",2000,FALSE,NA,17,0.00992,censored
DEUTE,"Germany, East",2001,FALSE,NA,16,0.0035299999999999997,censored
DEUTE,"Germany, East",2002,FALSE,NA,15,0.00108,censored
DEUTE,"Germany, East",2003,FALSE,NA,14,1.3e-4,censored
DEUTE,"Germany, East",2004,FALSE,NA,13,0,censored
DEUTW,"Germany, West",1935,TRUE,36,55,2.1828800000000004,crossed
DEUTW,"Germany, West",1936,TRUE,37,55,2.1474499999999996,crossed
DEUTW,"Germany, West",1937,TRUE,37,55,2.1194600000000006,crossed
DEUTW,"Germany, West",1938,TRUE,39,55,2.086850000000001,crossed
DEUTW,"Germany, West",1939,FALSE,NA,55,2.04433,never
DEUTW,"Germany, West",1940,FALSE,NA,55,1.9975700000000005,never
DEUTW,"Germany, West",1941,FALSE,NA,55,1.9370299999999998,never
DEUTW,"Germany, West",1942,FALSE,NA,55,1.8769999999999998,never
DEUTW,"Germany, West",1943,FALSE,NA,55,1.8284,never
DEUTW,"Germany, West",1944,FALSE,NA,55,1.7914099999999993,never
DEUTW,"Germany, West",1945,FALSE,NA,55,1.7747999999999997,never
DEUTW,"Germany, West",1946,FALSE,NA,55,1.77765,never
DEUTW,"Germany, West",1947,FALSE,NA,55,1.76544,never
DEUTW,"Germany, West",1948,FALSE,NA,55,1.73752,never
DEUTW,"Germany, West",1949,FALSE,NA,55,1.7205199999999998,never
DEUTW,"Germany, West",1950,FALSE,NA,55,1.70752,never
DEUTW,"Germany, West",1951,FALSE,NA,55,1.6793600000000002,never
DEUTW,"Germany, West",1952,FALSE,NA,55,1.6510400000000003,never
DEUTW,"Germany, West",1953,FALSE,NA,55,1.6388800000000001,never
DEUTW,"Germany, West",1954,FALSE,NA,55,1.6158500000000002,never
DEUTW,"Germany, West",1955,FALSE,NA,55,1.61485,never
DEUTW,"Germany, West",1956,FALSE,NA,55,1.6232199999999999,never
DEUTW,"Germany, West",1957,FALSE,NA,55,1.6124899999999998,never
DEUTW,"Germany, West",1958,FALSE,NA,55,1.60577,never
DEUTW,"Germany, West",1959,FALSE,NA,55,1.6074800000000002,never
DEUTW,"Germany, West",1960,FALSE,NA,55,1.60914,never
DEUTW,"Germany, West",1961,FALSE,NA,55,1.5980999999999994,never
DEUTW,"Germany, West",1962,FALSE,NA,55,1.5809500000000003,never
DEUTW,"Germany, West",1963,FALSE,NA,54,1.56317,never
DEUTW,"Germany, West",1964,FALSE,NA,53,1.5461600000000002,never
DEUTW,"Germany, West",1965,FALSE,NA,52,1.5344699999999998,never
DEUTW,"Germany, West",1966,FALSE,NA,51,1.5207199999999994,never
DEUTW,"Germany, West",1967,FALSE,NA,50,1.4981499999999999,never
DEUTW,"Germany, West",1968,FALSE,NA,49,1.4869400000000002,never
DEUTW,"Germany, West",1969,FALSE,NA,48,1.4932599999999998,never
DEUTW,"Germany, West",1970,FALSE,NA,47,1.5132100000000002,never
DEUTW,"Germany, West",1971,FALSE,NA,46,1.5275499999999997,never
DEUTW,"Germany, West",1972,FALSE,NA,45,1.5404299999999997,never
DEUTW,"Germany, West",1973,FALSE,NA,44,1.56861,never
DEUTW,"Germany, West",1974,FALSE,NA,43,1.58445,censored
DEUTW,"Germany, West",1975,FALSE,NA,42,1.5828700000000002,censored
DEUTW,"Germany, West",1976,FALSE,NA,41,1.5638500000000002,censored
DEUTW,"Germany, West",1977,FALSE,NA,40,1.5377000000000003,censored
DEUTW,"Germany, West",1978,FALSE,NA,39,1.50802,censored
DEUTW,"Germany, West",1979,FALSE,NA,38,1.4669400000000004,censored
DEUTW,"Germany, West",1980,FALSE,NA,37,1.4072600000000002,censored
DEUTW,"Germany, West",1981,FALSE,NA,36,1.3321299999999998,censored
DEUTW,"Germany, West",1982,FALSE,NA,35,1.24313,censored
DEUTW,"Germany, West",1983,FALSE,NA,34,1.1342800000000002,censored
DEUTW,"Germany, West",1984,FALSE,NA,33,1.0206000000000002,censored
DEUTW,"Germany, West",1985,FALSE,NA,32,0.9068900000000001,censored
DEUTW,"Germany, West",1986,FALSE,NA,31,0.78172,censored
DEUTW,"Germany, West",1987,FALSE,NA,30,0.65966,censored
DEUTW,"Germany, West",1988,FALSE,NA,29,0.54614,censored
DEUTW,"Germany, West",1989,FALSE,NA,28,0.44326999999999994,censored
DEUTW,"Germany, West",1990,FALSE,NA,27,0.35228000000000004,censored
DEUTW,"Germany, West",1991,FALSE,NA,26,0.27608,censored
DEUTW,"Germany, West",1992,FALSE,NA,25,0.21345000000000003,censored
DEUTW,"Germany, West",1993,FALSE,NA,24,0.16178,censored
DEUTW,"Germany, West",1994,FALSE,NA,23,0.12054000000000001,censored
DEUTW,"Germany, West",1995,FALSE,NA,22,0.08868000000000001,censored
DEUTW,"Germany, West",1996,FALSE,NA,21,0.06035,censored
DEUTW,"Germany, West",1997,FALSE,NA,20,0.037720000000000004,censored
DEUTW,"Germany, West",1998,FALSE,NA,19,0.021429999999999998,censored
DEUTW,"Germany, West",1999,FALSE,NA,18,0.010669999999999999,censored
DEUTW,"Germany, West",2000,FALSE,NA,17,0.00479,censored
DEUTW,"Germany, West",2001,FALSE,NA,16,0.0017699999999999999,censored
DEUTW,"Germany, West",2002,FALSE,NA,15,4.5000000000000004e-4,censored
DEUTW,"Germany, West",2003,FALSE,NA,14,5e-5,censored
DEUTW,"Germany, West",2004,FALSE,NA,13,0,censored
DNK,Denmark,1886,TRUE,32,55,3.13156,crossed
DNK,Denmark,1887,TRUE,32,55,3.0531599999999997,crossed
DNK,Denmark,1888,TRUE,33,55,3.00719,crossed
DNK,Denmark,1889,TRUE,33,55,2.9015199999999997,crossed
DNK,Denmark,1890,TRUE,33,55,2.8633500000000005,crossed
DNK,Denmark,1891,TRUE,33,55,2.7980700000000005,crossed
DNK,Denmark,1892,TRUE,34,55,2.73657,crossed
DNK,Denmark,1893,TRUE,34,55,2.6789300000000003,crossed
DNK,Denmark,1894,TRUE,34,55,2.6709300000000007,crossed
DNK,Denmark,1895,TRUE,35,55,2.55076,crossed
DNK,Denmark,1896,TRUE,35,55,2.50764,crossed
DNK,Denmark,1897,TRUE,36,55,2.4413500000000004,crossed
DNK,Denmark,1898,TRUE,36,55,2.3778900000000003,crossed
DNK,Denmark,1899,TRUE,38,55,2.279580000000001,crossed
DNK,Denmark,1900,TRUE,38,55,2.25255,crossed
DNK,Denmark,1901,TRUE,39,55,2.21731,crossed
DNK,Denmark,1902,TRUE,39,55,2.20954,crossed
DNK,Denmark,1903,TRUE,41,55,2.1543900000000007,crossed
DNK,Denmark,1904,TRUE,41,55,2.16376,crossed
DNK,Denmark,1905,TRUE,41,55,2.1459900000000007,crossed
DNK,Denmark,1906,TRUE,40,55,2.181720000000001,crossed
DNK,Denmark,1907,TRUE,40,55,2.1643099999999995,crossed
DNK,Denmark,1908,TRUE,40,55,2.19769,crossed
DNK,Denmark,1909,TRUE,40,55,2.1728299999999994,crossed
DNK,Denmark,1910,TRUE,39,55,2.2099400000000005,crossed
DNK,Denmark,1911,TRUE,38,55,2.24368,crossed
DNK,Denmark,1912,TRUE,38,55,2.26245,crossed
DNK,Denmark,1913,TRUE,37,55,2.298319999999999,crossed
DNK,Denmark,1914,TRUE,37,55,2.3141200000000004,crossed
DNK,Denmark,1915,TRUE,36,55,2.334410000000001,crossed
DNK,Denmark,1916,TRUE,36,55,2.3208299999999995,crossed
DNK,Denmark,1917,TRUE,36,55,2.330190000000001,crossed
DNK,Denmark,1918,TRUE,35,55,2.340920000000001,crossed
DNK,Denmark,1919,TRUE,36,55,2.3025999999999995,crossed
DNK,Denmark,1920,TRUE,35,55,2.35544,crossed
DNK,Denmark,1921,TRUE,35,55,2.3511500000000005,crossed
DNK,Denmark,1922,TRUE,35,55,2.3384199999999993,crossed
DNK,Denmark,1923,TRUE,35,55,2.33326,crossed
DNK,Denmark,1924,TRUE,35,55,2.33476,crossed
DNK,Denmark,1925,TRUE,35,55,2.331530000000001,crossed
DNK,Denmark,1926,TRUE,34,55,2.3480900000000005,crossed
DNK,Denmark,1927,TRUE,34,55,2.3485800000000006,crossed
DNK,Denmark,1928,TRUE,34,55,2.35667,crossed
DNK,Denmark,1929,TRUE,34,55,2.3267100000000003,crossed
DNK,Denmark,1930,TRUE,34,55,2.3496200000000007,crossed
DNK,Denmark,1931,TRUE,33,55,2.37307,crossed
DNK,Denmark,1932,TRUE,33,55,2.3704799999999993,crossed
DNK,Denmark,1933,TRUE,33,55,2.3840399999999993,crossed
DNK,Denmark,1934,TRUE,32,55,2.3922499999999998,crossed
DNK,Denmark,1935,TRUE,32,55,2.3881500000000004,crossed
DNK,Denmark,1936,TRUE,32,55,2.3666899999999997,crossed
DNK,Denmark,1937,TRUE,33,55,2.3325899999999997,crossed
DNK,Denmark,1938,TRUE,33,55,2.3151699999999997,crossed
DNK,Denmark,1939,TRUE,33,55,2.280090000000001,crossed
DNK,Denmark,1940,TRUE,33,55,2.2499600000000006,crossed
DNK,Denmark,1941,TRUE,34,55,2.23213,crossed
DNK,Denmark,1942,TRUE,34,55,2.184270000000001,crossed
DNK,Denmark,1943,TRUE,35,55,2.151540000000001,crossed
DNK,Denmark,1944,TRUE,36,55,2.11881,crossed
DNK,Denmark,1945,TRUE,38,55,2.083040000000001,crossed
DNK,Denmark,1946,FALSE,NA,55,2.0398599999999996,never
DNK,Denmark,1947,FALSE,NA,55,2.0196699999999996,never
DNK,Denmark,1948,FALSE,NA,55,1.9854600000000002,never
DNK,Denmark,1949,FALSE,NA,55,1.9587899999999996,never
DNK,Denmark,1950,FALSE,NA,55,1.9109300000000002,never
DNK,Denmark,1951,FALSE,NA,55,1.9021300000000003,never
DNK,Denmark,1952,FALSE,NA,55,1.8821999999999999,never
DNK,Denmark,1953,FALSE,NA,55,1.8446500000000001,never
DNK,Denmark,1954,FALSE,NA,55,1.85732,never
DNK,Denmark,1955,FALSE,NA,55,1.8404899999999997,never
DNK,Denmark,1956,FALSE,NA,55,1.8405499999999997,never
DNK,Denmark,1957,FALSE,NA,55,1.8503400000000003,never
DNK,Denmark,1958,FALSE,NA,55,1.8637400000000004,never
DNK,Denmark,1959,FALSE,NA,55,1.86289,never
DNK,Denmark,1960,FALSE,NA,55,1.89022,never
DNK,Denmark,1961,FALSE,NA,55,1.9047999999999996,never
DNK,Denmark,1962,FALSE,NA,55,1.9104199999999998,never
DNK,Denmark,1963,FALSE,NA,55,1.9193800000000003,never
DNK,Denmark,1964,FALSE,NA,55,1.9319099999999998,never
DNK,Denmark,1965,FALSE,NA,55,1.9340599999999997,never
DNK,Denmark,1966,FALSE,NA,55,1.9380799999999998,never
DNK,Denmark,1967,FALSE,NA,55,1.9274199999999992,never
DNK,Denmark,1968,FALSE,NA,55,1.96603,never
DNK,Denmark,1969,FALSE,NA,55,1.9699300000000002,never
DNK,Denmark,1970,FALSE,NA,55,1.9903400000000002,never
DNK,Denmark,1971,FALSE,NA,54,1.95151,never
DNK,Denmark,1972,FALSE,NA,53,1.9551800000000004,never
DNK,Denmark,1973,FALSE,NA,52,1.9603700000000002,never
DNK,Denmark,1974,FALSE,NA,51,1.9635399999999996,never
DNK,Denmark,1975,FALSE,NA,50,1.9517000000000004,never
DNK,Denmark,1976,FALSE,NA,49,1.96523,never
DNK,Denmark,1977,FALSE,NA,48,1.9531200000000006,never
DNK,Denmark,1978,FALSE,NA,47,1.94463,never
DNK,Denmark,1979,FALSE,NA,46,1.9153299999999998,never
DNK,Denmark,1980,FALSE,NA,45,1.9172599999999995,never
DNK,Denmark,1981,FALSE,NA,44,1.87234,never
DNK,Denmark,1982,FALSE,NA,43,1.8679299999999999,censored
DNK,Denmark,1983,FALSE,NA,42,1.8223600000000002,censored
DNK,Denmark,1984,FALSE,NA,41,1.8088099999999998,censored
DNK,Denmark,1985,FALSE,NA,40,1.73939,censored
DNK,Denmark,1986,FALSE,NA,39,1.7064900000000003,censored
DNK,Denmark,1987,FALSE,NA,38,1.6599499999999998,censored
DNK,Denmark,1988,FALSE,NA,37,1.5995000000000001,censored
DNK,Denmark,1989,FALSE,NA,36,1.49768,censored
DNK,Denmark,1990,FALSE,NA,35,1.3824699999999996,censored
DNK,Denmark,1991,FALSE,NA,34,1.2645899999999999,censored
DNK,Denmark,1992,FALSE,NA,33,1.1289099999999999,censored
DNK,Denmark,1993,FALSE,NA,32,0.98648,censored
DNK,Denmark,1994,FALSE,NA,31,0.83179,censored
DNK,Denmark,1995,FALSE,NA,30,0.66706,censored
DNK,Denmark,1996,FALSE,NA,29,0.5067,censored
DNK,Denmark,1997,FALSE,NA,28,0.36835,censored
DNK,Denmark,1998,FALSE,NA,27,0.25199,censored
DNK,Denmark,1999,FALSE,NA,26,0.16720000000000002,censored
DNK,Denmark,2000,FALSE,NA,25,0.11559,censored
DNK,Denmark,2001,FALSE,NA,24,0.06854,censored
DNK,Denmark,2002,FALSE,NA,23,0.03926,censored
DNK,Denmark,2003,FALSE,NA,22,0.023309999999999997,censored
DNK,Denmark,2004,FALSE,NA,21,0.0121,censored
DNK,Denmark,2005,FALSE,NA,20,0.005730000000000001,censored
DNK,Denmark,2006,FALSE,NA,19,0.00155,censored
DNK,Denmark,2007,FALSE,NA,18,7.999999999999999e-4,censored
DNK,Denmark,2008,FALSE,NA,17,3.8e-4,censored
DNK,Denmark,2009,FALSE,NA,16,6e-5,censored
DNK,Denmark,2010,FALSE,NA,15,0,censored
DNK,Denmark,2011,FALSE,NA,14,0,censored
DNK,Denmark,2012,FALSE,NA,13,0,censored
ESP,Spain,1907,TRUE,33,55,3.08068,crossed
ESP,Spain,1908,TRUE,33,55,3.0382800000000008,crossed
ESP,Spain,1909,TRUE,34,55,2.97939,crossed
ESP,Spain,1910,TRUE,34,55,2.8962299999999996,crossed
ESP,Spain,1911,TRUE,35,55,2.808129999999999,crossed
ESP,Spain,1912,TRUE,35,55,2.7298900000000006,crossed
ESP,Spain,1913,TRUE,36,55,2.66236,crossed
ESP,Spain,1914,TRUE,36,55,2.6068200000000004,crossed
ESP,Spain,1915,TRUE,36,55,2.56325,crossed
ESP,Spain,1916,TRUE,36,55,2.534659999999999,crossed
ESP,Spain,1917,TRUE,36,55,2.5200199999999997,crossed
ESP,Spain,1918,TRUE,36,55,2.51446,crossed
ESP,Spain,1919,TRUE,36,55,2.51573,crossed
ESP,Spain,1920,TRUE,36,55,2.5142800000000007,crossed
ESP,Spain,1921,TRUE,37,55,2.51397,crossed
ESP,Spain,1922,TRUE,37,55,2.5174899999999996,crossed
ESP,Spain,1923,TRUE,36,55,2.5255799999999993,crossed
ESP,Spain,1924,TRUE,36,55,2.5304299999999995,crossed
ESP,Spain,1925,TRUE,36,55,2.5285800000000003,crossed
ESP,Spain,1926,TRUE,36,55,2.53086,crossed
ESP,Spain,1927,TRUE,36,55,2.5375900000000002,crossed
ESP,Spain,1928,TRUE,36,55,2.5497400000000003,crossed
ESP,Spain,1929,TRUE,36,55,2.56862,crossed
ESP,Spain,1930,TRUE,36,55,2.59123,crossed
ESP,Spain,1931,TRUE,35,55,2.6174999999999984,crossed
ESP,Spain,1932,TRUE,35,55,2.645740000000001,crossed
ESP,Spain,1933,TRUE,35,55,2.6667500000000004,crossed
ESP,Spain,1934,TRUE,34,55,2.6805600000000007,crossed
ESP,Spain,1935,TRUE,34,55,2.682580000000001,crossed
ESP,Spain,1936,TRUE,34,55,2.6742200000000005,crossed
ESP,Spain,1937,TRUE,34,55,2.6633800000000005,crossed
ESP,Spain,1938,TRUE,34,55,2.6598899999999994,crossed
ESP,Spain,1939,TRUE,34,55,2.6341600000000005,crossed
ESP,Spain,1940,TRUE,34,55,2.610560000000001,crossed
ESP,Spain,1941,TRUE,34,55,2.5629100000000005,crossed
ESP,Spain,1942,TRUE,34,55,2.5213300000000003,crossed
ESP,Spain,1943,TRUE,34,55,2.4953800000000004,crossed
ESP,Spain,1944,TRUE,34,55,2.46324,crossed
ESP,Spain,1945,TRUE,34,55,2.4298300000000004,crossed
ESP,Spain,1946,TRUE,34,55,2.40936,crossed
ESP,Spain,1947,TRUE,34,55,2.3373700000000004,crossed
ESP,Spain,1948,TRUE,35,55,2.29903,crossed
ESP,Spain,1949,TRUE,35,55,2.2570900000000003,crossed
ESP,Spain,1950,TRUE,37,55,2.1814300000000006,crossed
ESP,Spain,1951,TRUE,38,55,2.1239800000000004,crossed
ESP,Spain,1952,TRUE,39,55,2.1085099999999994,crossed
ESP,Spain,1953,TRUE,43,55,2.05915,crossed
ESP,Spain,1954,FALSE,NA,55,2.0041,never
ESP,Spain,1955,FALSE,NA,55,1.9459699999999998,never
ESP,Spain,1956,FALSE,NA,55,1.9231000000000003,never
ESP,Spain,1957,FALSE,NA,55,1.88536,never
ESP,Spain,1958,FALSE,NA,55,1.8496000000000001,never
ESP,Spain,1959,FALSE,NA,55,1.79759,never
ESP,Spain,1960,FALSE,NA,55,1.7757899999999995,never
ESP,Spain,1961,FALSE,NA,55,1.72457,never
ESP,Spain,1962,FALSE,NA,55,1.69772,never
ESP,Spain,1963,FALSE,NA,55,1.6641200000000003,never
ESP,Spain,1964,FALSE,NA,55,1.6524299999999998,never
ESP,Spain,1965,FALSE,NA,55,1.6199599999999998,never
ESP,Spain,1966,FALSE,NA,55,1.5853299999999997,never
ESP,Spain,1967,FALSE,NA,55,1.56458,never
ESP,Spain,1968,FALSE,NA,55,1.5444099999999996,never
ESP,Spain,1969,FALSE,NA,54,1.5084499999999996,never
ESP,Spain,1970,FALSE,NA,53,1.4879100000000003,never
ESP,Spain,1971,FALSE,NA,52,1.4638399999999998,never
ESP,Spain,1972,FALSE,NA,51,1.4338199999999999,never
ESP,Spain,1973,FALSE,NA,50,1.4067100000000001,never
ESP,Spain,1974,FALSE,NA,50,1.3976199999999999,never
ESP,Spain,1975,FALSE,NA,49,1.3703600000000002,never
ESP,Spain,1976,FALSE,NA,48,1.3625400000000003,never
ESP,Spain,1977,FALSE,NA,47,1.35383,never
ESP,Spain,1978,FALSE,NA,46,1.3595699999999997,never
ESP,Spain,1979,FALSE,NA,45,1.3509600000000002,never
ESP,Spain,1980,FALSE,NA,44,1.3698499999999998,never
ESP,Spain,1981,FALSE,NA,43,1.35799,censored
ESP,Spain,1982,FALSE,NA,42,1.3510600000000001,censored
ESP,Spain,1983,FALSE,NA,41,1.3141700000000003,censored
ESP,Spain,1984,FALSE,NA,40,1.2809599999999999,censored
ESP,Spain,1985,FALSE,NA,39,1.22819,censored
ESP,Spain,1986,FALSE,NA,38,1.1679099999999998,censored
ESP,Spain,1987,FALSE,NA,37,1.0906399999999998,censored
ESP,Spain,1988,FALSE,NA,36,0.9993200000000001,censored
ESP,Spain,1989,FALSE,NA,35,0.88975,censored
ESP,Spain,1990,FALSE,NA,34,0.78971,censored
ESP,Spain,1991,FALSE,NA,33,0.6778499999999998,censored
ESP,Spain,1992,FALSE,NA,32,0.5686800000000001,censored
ESP,Spain,1993,FALSE,NA,31,0.47468,censored
ESP,Spain,1994,FALSE,NA,30,0.39601,censored
ESP,Spain,1995,FALSE,NA,29,0.33338,censored
ESP,Spain,1996,FALSE,NA,28,0.27615999999999996,censored
ESP,Spain,1997,FALSE,NA,27,0.21992,censored
ESP,Spain,1998,FALSE,NA,26,0.1832,censored
ESP,Spain,1999,FALSE,NA,25,0.1447,censored
ESP,Spain,2000,FALSE,NA,24,0.11347,censored
ESP,Spain,2001,FALSE,NA,23,0.0819,censored
ESP,Spain,2002,FALSE,NA,22,0.05722999999999999,censored
ESP,Spain,2003,FALSE,NA,21,0.038470000000000004,censored
ESP,Spain,2004,FALSE,NA,20,0.023710000000000002,censored
ESP,Spain,2005,FALSE,NA,19,0.01311,censored
ESP,Spain,2006,FALSE,NA,18,0.00628,censored
ESP,Spain,2007,FALSE,NA,17,0.00279,censored
ESP,Spain,2008,FALSE,NA,16,0.0010500000000000002,censored
ESP,Spain,2009,FALSE,NA,15,2.6000000000000003e-4,censored
ESP,Spain,2010,FALSE,NA,14,6e-5,censored
EST,Estonia,1944,FALSE,NA,55,1.8830900000000002,never
EST,Estonia,1945,FALSE,NA,55,1.8627000000000002,never
EST,Estonia,1946,FALSE,NA,55,1.8534399999999998,never
EST,Estonia,1947,FALSE,NA,55,1.93607,never
EST,Estonia,1948,FALSE,NA,55,1.8672200000000005,never
EST,Estonia,1949,FALSE,NA,55,1.9696799999999999,never
EST,Estonia,1950,FALSE,NA,55,1.9930800000000004,never
EST,Estonia,1951,FALSE,NA,55,1.9688099999999995,never
EST,Estonia,1952,FALSE,NA,55,2.00077,never
EST,Estonia,1953,FALSE,NA,55,1.93713,never
EST,Estonia,1954,FALSE,NA,55,1.9780799999999998,never
EST,Estonia,1955,FALSE,NA,55,1.9619600000000001,never
EST,Estonia,1956,FALSE,NA,55,2.0063300000000006,never
EST,Estonia,1957,FALSE,NA,55,2.0231600000000003,never
EST,Estonia,1958,FALSE,NA,55,2.0448999999999997,never
EST,Estonia,1959,FALSE,NA,55,2.018,never
EST,Estonia,1960,TRUE,39,55,2.09342,crossed
EST,Estonia,1961,FALSE,NA,55,2.02403,never
EST,Estonia,1962,FALSE,NA,55,1.9710699999999997,never
EST,Estonia,1963,FALSE,NA,55,1.9563000000000001,never
EST,Estonia,1964,FALSE,NA,55,1.8782500000000002,never
EST,Estonia,1965,FALSE,NA,55,1.9040500000000002,never
EST,Estonia,1966,FALSE,NA,55,1.8711200000000006,never
EST,Estonia,1967,FALSE,NA,55,1.8802800000000004,never
EST,Estonia,1968,FALSE,NA,55,1.8751399999999987,never
EST,Estonia,1969,FALSE,NA,55,1.87516,never
EST,Estonia,1970,FALSE,NA,54,1.8508100000000003,never
EST,Estonia,1971,FALSE,NA,53,1.8631800000000007,never
EST,Estonia,1972,FALSE,NA,52,1.8187099999999998,never
EST,Estonia,1973,FALSE,NA,51,1.8495200000000003,never
EST,Estonia,1974,FALSE,NA,50,1.8621300000000005,never
EST,Estonia,1975,FALSE,NA,49,1.8473000000000002,never
EST,Estonia,1976,FALSE,NA,48,1.84525,never
EST,Estonia,1977,FALSE,NA,47,1.8588499999999997,never
EST,Estonia,1978,FALSE,NA,46,1.8766999999999998,never
EST,Estonia,1979,FALSE,NA,45,1.85688,never
EST,Estonia,1980,FALSE,NA,44,1.8764799999999997,never
EST,Estonia,1981,FALSE,NA,43,1.8784,censored
EST,Estonia,1982,FALSE,NA,42,1.8359500000000002,censored
EST,Estonia,1983,FALSE,NA,41,1.8320500000000002,censored
EST,Estonia,1984,FALSE,NA,40,1.77035,censored
EST,Estonia,1985,FALSE,NA,39,1.6963299999999997,censored
EST,Estonia,1986,FALSE,NA,38,1.6652299999999998,censored
EST,Estonia,1987,FALSE,NA,37,1.55682,censored
EST,Estonia,1988,FALSE,NA,36,1.48936,censored
EST,Estonia,1989,FALSE,NA,35,1.3887299999999998,censored
EST,Estonia,1990,FALSE,NA,34,1.26936,censored
EST,Estonia,1991,FALSE,NA,33,1.15393,censored
EST,Estonia,1992,FALSE,NA,32,1.0158699999999998,censored
EST,Estonia,1993,FALSE,NA,31,0.8827200000000001,censored
EST,Estonia,1994,FALSE,NA,30,0.79189,censored
EST,Estonia,1995,FALSE,NA,29,0.6521699999999999,censored
EST,Estonia,1996,FALSE,NA,28,0.53206,censored
EST,Estonia,1997,FALSE,NA,27,0.4209,censored
EST,Estonia,1998,FALSE,NA,26,0.33018,censored
EST,Estonia,1999,FALSE,NA,25,0.24804,censored
EST,Estonia,2000,FALSE,NA,24,0.18990999999999997,censored
EST,Estonia,2001,FALSE,NA,23,0.13644,censored
EST,Estonia,2002,FALSE,NA,22,0.08368,censored
EST,Estonia,2003,FALSE,NA,21,0.05204,censored
EST,Estonia,2004,FALSE,NA,20,0.02837,censored
EST,Estonia,2005,FALSE,NA,19,0.01236,censored
EST,Estonia,2006,FALSE,NA,18,0.0054800000000000005,censored
EST,Estonia,2007,FALSE,NA,17,0.0023,censored
EST,Estonia,2008,FALSE,NA,16,6.3e-4,censored
EST,Estonia,2009,FALSE,NA,15,0,censored
EST,Estonia,2010,FALSE,NA,14,0,censored
EST,Estonia,2011,FALSE,NA,13,0,censored
FIN,Finland,1851,TRUE,31,49,4.80878,crossed
FIN,Finland,1852,TRUE,31,49,4.811579999999998,crossed
FIN,Finland,1853,TRUE,31,49,4.8097199999999996,crossed
FIN,Finland,1854,TRUE,31,49,4.805860000000002,crossed
FIN,Finland,1855,TRUE,31,49,4.800539999999999,crossed
FIN,Finland,1856,TRUE,31,49,4.795460000000002,crossed
FIN,Finland,1857,TRUE,31,49,4.796779999999999,crossed
FIN,Finland,1858,TRUE,31,49,4.804499999999999,crossed
FIN,Finland,1859,TRUE,31,49,4.812750000000001,crossed
FIN,Finland,1860,TRUE,31,49,4.8199000000000005,crossed
FIN,Finland,1861,TRUE,31,49,4.821389999999999,crossed
FIN,Finland,1862,TRUE,31,49,4.8108,crossed
FIN,Finland,1863,TRUE,31,49,4.783709999999999,crossed
FIN,Finland,1864,TRUE,31,49,4.741940000000001,crossed
FIN,Finland,1865,TRUE,31,49,4.6875100000000005,crossed
FIN,Finland,1866,TRUE,31,49,4.62983,crossed
FIN,Finland,1867,TRUE,31,49,4.582240000000001,crossed
FIN,Finland,1868,TRUE,31,49,4.554730000000001,crossed
FIN,Finland,1869,TRUE,31,49,4.559540000000002,crossed
FIN,Finland,1870,TRUE,31,49,4.5979600000000005,crossed
FIN,Finland,1871,TRUE,31,49,4.654250000000001,crossed
FIN,Finland,1872,TRUE,31,49,4.704969999999999,crossed
FIN,Finland,1873,TRUE,30,49,4.72783,crossed
FIN,Finland,1874,TRUE,30,49,4.7078,crossed
FIN,Finland,1875,TRUE,30,49,4.641609999999999,crossed
FIN,Finland,1876,TRUE,30,49,4.543640000000002,crossed
FIN,Finland,1877,TRUE,31,49,4.434889999999999,crossed
FIN,Finland,1878,TRUE,31,49,4.330989999999999,crossed
FIN,Finland,1879,TRUE,31,49,4.240279999999999,crossed
FIN,Finland,1880,TRUE,31,49,4.157769999999999,crossed
FIN,Finland,1881,TRUE,31,49,4.07636,crossed
FIN,Finland,1882,TRUE,31,49,3.9898,crossed
FIN,Finland,1883,TRUE,31,49,3.898219999999999,crossed
FIN,Finland,1884,TRUE,31,55,3.8010700000000006,crossed
FIN,Finland,1885,TRUE,32,55,3.701240000000001,crossed
FIN,Finland,1886,TRUE,32,55,3.6037700000000004,crossed
FIN,Finland,1887,TRUE,32,55,3.5085600000000006,crossed
FIN,Finland,1888,TRUE,33,55,3.416030000000001,crossed
FIN,Finland,1889,TRUE,33,55,3.32765,crossed
FIN,Finland,1890,TRUE,33,55,3.2421200000000003,crossed
FIN,Finland,1891,TRUE,33,55,3.15994,crossed
FIN,Finland,1892,TRUE,34,55,3.08141,crossed
FIN,Finland,1893,TRUE,34,55,3.01038,crossed
FIN,Finland,1894,TRUE,34,55,2.9444600000000007,crossed
FIN,Finland,1895,TRUE,34,55,2.88456,crossed
FIN,Finland,1896,TRUE,35,55,2.8237499999999995,crossed
FIN,Finland,1897,TRUE,35,55,2.7721699999999996,crossed
FIN,Finland,1898,TRUE,35,55,2.714860000000001,crossed
FIN,Finland,1899,TRUE,36,55,2.6677000000000004,crossed
FIN,Finland,1900,TRUE,36,55,2.61948,crossed
FIN,Finland,1901,TRUE,37,55,2.5836900000000003,crossed
FIN,Finland,1902,TRUE,37,55,2.5176400000000005,crossed
FIN,Finland,1903,TRUE,38,55,2.46874,crossed
FIN,Finland,1904,TRUE,38,55,2.4462100000000007,crossed
FIN,Finland,1905,TRUE,39,55,2.424070000000001,crossed
FIN,Finland,1906,TRUE,39,55,2.4114300000000006,crossed
FIN,Finland,1907,TRUE,39,55,2.4077200000000007,crossed
FIN,Finland,1908,TRUE,39,55,2.401060000000001,crossed
FIN,Finland,1909,TRUE,39,55,2.4296900000000003,crossed
FIN,Finland,1910,TRUE,38,55,2.475650000000001,crossed
FIN,Finland,1911,TRUE,37,55,2.5124300000000006,crossed
FIN,Finland,1912,TRUE,37,55,2.51761,crossed
FIN,Finland,1913,TRUE,37,55,2.5224300000000004,crossed
FIN,Finland,1914,TRUE,36,55,2.5553399999999997,crossed
FIN,Finland,1915,TRUE,36,55,2.58351,crossed
FIN,Finland,1916,TRUE,36,55,2.603190000000001,crossed
FIN,Finland,1917,TRUE,35,55,2.6008199999999992,crossed
FIN,Finland,1918,TRUE,35,55,2.6269299999999993,crossed
FIN,Finland,1919,TRUE,35,55,2.6175099999999993,crossed
FIN,Finland,1920,TRUE,34,55,2.6940500000000007,crossed
FIN,Finland,1921,TRUE,34,55,2.67986,crossed
FIN,Finland,1922,TRUE,34,55,2.63917,crossed
FIN,Finland,1923,TRUE,34,55,2.6063499999999995,crossed
FIN,Finland,1924,TRUE,34,55,2.5981400000000003,crossed
FIN,Finland,1925,TRUE,34,55,2.5776999999999997,crossed
FIN,Finland,1926,TRUE,34,55,2.5808700000000004,crossed
FIN,Finland,1927,TRUE,34,55,2.534900000000001,crossed
FIN,Finland,1928,TRUE,33,55,2.55472,crossed
FIN,Finland,1929,TRUE,34,55,2.499240000000001,crossed
FIN,Finland,1930,TRUE,34,55,2.46585,crossed
FIN,Finland,1931,TRUE,33,55,2.4568399999999997,crossed
FIN,Finland,1932,TRUE,34,55,2.41347,crossed
FIN,Finland,1933,TRUE,34,55,2.3708799999999997,crossed
FIN,Finland,1934,TRUE,34,55,2.33703,crossed
FIN,Finland,1935,TRUE,34,55,2.313929999999999,crossed
FIN,Finland,1936,TRUE,34,55,2.28022,crossed
FIN,Finland,1937,TRUE,35,55,2.201439999999999,crossed
FIN,Finland,1938,TRUE,37,55,2.156189999999999,crossed
FIN,Finland,1939,TRUE,38,55,2.127460000000001,crossed
FIN,Finland,1940,TRUE,41,55,2.0817299999999994,crossed
FIN,Finland,1941,FALSE,NA,55,1.9837399999999998,never
FIN,Finland,1942,FALSE,NA,55,1.9658999999999998,never
FIN,Finland,1943,FALSE,NA,55,1.9388699999999999,never
FIN,Finland,1944,FALSE,NA,55,1.9006499999999995,never
FIN,Finland,1945,FALSE,NA,55,1.88021,never
FIN,Finland,1946,FALSE,NA,55,1.87161,never
FIN,Finland,1947,FALSE,NA,55,1.87186,never
FIN,Finland,1948,FALSE,NA,55,1.8456599999999996,never
FIN,Finland,1949,FALSE,NA,55,1.8530699999999996,never
FIN,Finland,1950,FALSE,NA,55,1.86,never
FIN,Finland,1951,FALSE,NA,55,1.8415400000000006,never
FIN,Finland,1952,FALSE,NA,55,1.8611099999999996,never
FIN,Finland,1953,FALSE,NA,55,1.8537200000000005,never
FIN,Finland,1954,FALSE,NA,55,1.87542,never
FIN,Finland,1955,FALSE,NA,55,1.8844800000000002,never
FIN,Finland,1956,FALSE,NA,55,1.9049599999999998,never
FIN,Finland,1957,FALSE,NA,55,1.9304000000000006,never
FIN,Finland,1958,FALSE,NA,55,1.9334100000000005,never
FIN,Finland,1959,FALSE,NA,55,1.9565200000000003,never
FIN,Finland,1960,FALSE,NA,55,1.9464200000000007,never
FIN,Finland,1961,FALSE,NA,55,1.9600899999999999,never
FIN,Finland,1962,FALSE,NA,55,1.9446200000000002,never
FIN,Finland,1963,FALSE,NA,55,1.9386500000000007,never
FIN,Finland,1964,FALSE,NA,55,1.9364000000000006,never
FIN,Finland,1965,FALSE,NA,55,1.9163700000000004,never
FIN,Finland,1966,FALSE,NA,55,1.9202100000000002,never
FIN,Finland,1967,FALSE,NA,55,1.8980699999999997,never
FIN,Finland,1968,FALSE,NA,55,1.90116,never
FIN,Finland,1969,FALSE,NA,55,1.9053799999999994,never
FIN,Finland,1970,FALSE,NA,54,1.90304,never
FIN,Finland,1971,FALSE,NA,53,1.8798799999999996,never
FIN,Finland,1972,FALSE,NA,52,1.9107199999999995,never
FIN,Finland,1973,FALSE,NA,51,1.9015199999999999,never
FIN,Finland,1974,FALSE,NA,50,1.9061400000000002,never
FIN,Finland,1975,FALSE,NA,49,1.89092,never
FIN,Finland,1976,FALSE,NA,48,1.9040800000000004,never
FIN,Finland,1977,FALSE,NA,47,1.88442,never
FIN,Finland,1978,FALSE,NA,46,1.8894400000000005,never
FIN,Finland,1979,FALSE,NA,45,1.8497299999999997,never
FIN,Finland,1980,FALSE,NA,44,1.8391000000000002,never
FIN,Finland,1981,FALSE,NA,43,1.8075100000000004,censored
FIN,Finland,1982,FALSE,NA,42,1.7774299999999996,censored
FIN,Finland,1983,FALSE,NA,41,1.7479299999999998,censored
FIN,Finland,1984,FALSE,NA,40,1.6964100000000002,censored
FIN,Finland,1985,FALSE,NA,39,1.6424200000000002,censored
FIN,Finland,1986,FALSE,NA,38,1.55414,censored
FIN,Finland,1987,FALSE,NA,37,1.4762300000000002,censored
FIN,Finland,1988,FALSE,NA,36,1.3754799999999998,censored
FIN,Finland,1989,FALSE,NA,35,1.25361,censored
FIN,Finland,1990,FALSE,NA,34,1.13454,censored
FIN,Finland,1991,FALSE,NA,33,1.0019500000000001,censored
FIN,Finland,1992,FALSE,NA,32,0.8703099999999999,censored
FIN,Finland,1993,FALSE,NA,31,0.7450199999999999,censored
FIN,Finland,1994,FALSE,NA,30,0.6119800000000001,censored
FIN,Finland,1995,FALSE,NA,29,0.50193,censored
FIN,Finland,1996,FALSE,NA,28,0.39812000000000003,censored
FIN,Finland,1997,FALSE,NA,27,0.30308,censored
FIN,Finland,1998,FALSE,NA,26,0.23502,censored
FIN,Finland,1999,FALSE,NA,25,0.16776,censored
FIN,Finland,2000,FALSE,NA,24,0.12328,censored
FIN,Finland,2001,FALSE,NA,23,0.08355,censored
FIN,Finland,2002,FALSE,NA,22,0.057690000000000005,censored
FIN,Finland,2003,FALSE,NA,21,0.03205,censored
FIN,Finland,2004,FALSE,NA,20,0.01789,censored
FIN,Finland,2005,FALSE,NA,19,0.00727,censored
FIN,Finland,2006,FALSE,NA,18,0.0025,censored
FIN,Finland,2007,FALSE,NA,17,6.8e-4,censored
FIN,Finland,2008,FALSE,NA,16,1.9e-4,censored
FIN,Finland,2009,FALSE,NA,15,0,censored
FIN,Finland,2010,FALSE,NA,14,0,censored
FIN,Finland,2011,FALSE,NA,13,0,censored
FRA,France,1877,TRUE,34,49,2.5381000000000005,crossed
FRA,France,1878,TRUE,35,49,2.4923900000000003,crossed
FRA,France,1879,TRUE,35,49,2.4484199999999996,crossed
FRA,France,1880,TRUE,36,49,2.4078,crossed
FRA,France,1881,TRUE,37,49,2.37148,crossed
FRA,France,1882,TRUE,37,49,2.33839,crossed
FRA,France,1883,TRUE,38,49,2.307839999999999,crossed
FRA,France,1884,TRUE,38,49,2.2777999999999996,crossed
FRA,France,1885,TRUE,39,49,2.2474000000000007,crossed
FRA,France,1886,TRUE,39,49,2.21759,crossed
FRA,France,1887,TRUE,40,49,2.1882799999999993,crossed
FRA,France,1888,TRUE,40,49,2.1582899999999996,crossed
FRA,France,1889,TRUE,41,49,2.1268899999999995,crossed
FRA,France,1890,TRUE,43,49,2.0939700000000006,crossed
FRA,France,1891,TRUE,45,55,2.061960000000001,crossed
FRA,France,1892,FALSE,NA,55,2.0335599999999996,never
FRA,France,1893,FALSE,NA,55,2.0116799999999992,never
FRA,France,1894,FALSE,NA,55,1.9965099999999996,never
FRA,France,1895,FALSE,NA,55,1.9905000000000002,never
FRA,France,1896,FALSE,NA,55,1.99564,never
FRA,France,1897,FALSE,NA,55,2.0114300000000003,never
FRA,France,1898,FALSE,NA,55,2.03469,never
FRA,France,1899,TRUE,45,55,2.062490000000001,crossed
FRA,France,1900,TRUE,43,55,2.0906400000000005,crossed
FRA,France,1901,TRUE,42,55,2.1121000000000003,crossed
FRA,France,1902,TRUE,41,55,2.1263100000000006,crossed
FRA,France,1903,TRUE,41,55,2.13861,crossed
FRA,France,1904,TRUE,41,55,2.1478499999999996,crossed
FRA,France,1905,TRUE,41,55,2.1607200000000013,crossed
FRA,France,1906,TRUE,40,55,2.1763800000000004,crossed
FRA,France,1907,TRUE,40,55,2.1900600000000012,crossed
FRA,France,1908,TRUE,40,55,2.2065099999999997,crossed
FRA,France,1909,TRUE,39,55,2.22827,crossed
FRA,France,1910,TRUE,39,55,2.25889,crossed
FRA,France,1911,TRUE,38,55,2.2796199999999995,crossed
FRA,France,1912,TRUE,37,55,2.32043,crossed
FRA,France,1913,TRUE,37,55,2.35,crossed
FRA,France,1914,TRUE,36,55,2.3744899999999998,crossed
FRA,France,1915,TRUE,36,55,2.3937700000000004,crossed
FRA,France,1916,TRUE,36,55,2.41989,crossed
FRA,France,1917,TRUE,36,55,2.417019999999999,crossed
FRA,France,1918,TRUE,36,55,2.4075800000000003,crossed
FRA,France,1919,TRUE,36,55,2.403800000000001,crossed
FRA,France,1920,TRUE,35,55,2.4696800000000008,crossed
FRA,France,1921,TRUE,35,55,2.4631899999999995,crossed
FRA,France,1922,TRUE,34,55,2.5083999999999995,crossed
FRA,France,1923,TRUE,34,55,2.5359799999999995,crossed
FRA,France,1924,TRUE,33,55,2.5775699999999993,crossed
FRA,France,1925,TRUE,33,55,2.5854900000000014,crossed
FRA,France,1926,TRUE,33,55,2.6086700000000005,crossed
FRA,France,1927,TRUE,33,55,2.62622,crossed
FRA,France,1928,TRUE,32,55,2.6499800000000007,crossed
FRA,France,1929,TRUE,32,55,2.6440100000000006,crossed
FRA,France,1930,TRUE,32,55,2.6492,crossed
FRA,France,1931,TRUE,32,55,2.644180000000001,crossed
FRA,France,1932,TRUE,32,55,2.621530000000001,crossed
FRA,France,1933,TRUE,32,55,2.6270500000000006,crossed
FRA,France,1934,TRUE,32,55,2.60868,crossed
FRA,France,1935,TRUE,32,55,2.59802,crossed
FRA,France,1936,TRUE,32,55,2.57394,crossed
FRA,France,1937,TRUE,32,55,2.537710000000001,crossed
FRA,France,1938,TRUE,32,55,2.5084400000000002,crossed
FRA,France,1939,TRUE,32,55,2.4756899999999997,crossed
FRA,France,1940,TRUE,32,55,2.4292200000000004,crossed
FRA,France,1941,TRUE,32,55,2.40688,crossed
FRA,France,1942,TRUE,33,55,2.338099999999999,crossed
FRA,France,1943,TRUE,33,55,2.298410000000001,crossed
FRA,France,1944,TRUE,33,55,2.2832200000000005,crossed
FRA,France,1945,TRUE,34,55,2.24473,crossed
FRA,France,1946,TRUE,36,55,2.1878600000000006,crossed
FRA,France,1947,TRUE,37,55,2.15443,crossed
FRA,France,1948,TRUE,37,55,2.1368800000000006,crossed
FRA,France,1949,TRUE,39,55,2.10787,crossed
FRA,France,1950,TRUE,39,55,2.114410000000001,crossed
FRA,France,1951,TRUE,39,55,2.1161300000000014,crossed
FRA,France,1952,TRUE,39,55,2.12152,crossed
FRA,France,1953,TRUE,39,55,2.119230000000001,crossed
FRA,France,1954,TRUE,39,55,2.124010000000001,crossed
FRA,France,1955,TRUE,38,55,2.131200000000001,crossed
FRA,France,1956,TRUE,38,55,2.1426500000000006,crossed
FRA,France,1957,TRUE,39,55,2.13471,crossed
FRA,France,1958,TRUE,39,55,2.13862,crossed
FRA,France,1959,TRUE,39,55,2.12692,crossed
FRA,France,1960,TRUE,39,55,2.12898,crossed
FRA,France,1961,TRUE,40,55,2.1016000000000004,crossed
FRA,France,1962,TRUE,41,55,2.091430000000001,crossed
FRA,France,1963,TRUE,42,55,2.074100000000001,crossed
FRA,France,1964,TRUE,44,55,2.0572700000000004,crossed
FRA,France,1965,FALSE,NA,55,2.0435200000000013,never
FRA,France,1966,FALSE,NA,55,2.0244500000000003,never
FRA,France,1967,FALSE,NA,55,2.0174299999999996,never
FRA,France,1968,FALSE,NA,55,2.02049,never
FRA,France,1969,FALSE,NA,54,2.00657,never
FRA,France,1970,FALSE,NA,53,2.005990000000001,never
FRA,France,1971,FALSE,NA,52,1.99667,never
FRA,France,1972,FALSE,NA,51,1.9956200000000006,never
FRA,France,1973,FALSE,NA,50,1.99446,never
FRA,France,1974,FALSE,NA,49,2.0114400000000003,never
FRA,France,1975,FALSE,NA,48,2.0213900000000002,never
FRA,France,1976,FALSE,NA,47,2.03937,never
FRA,France,1977,FALSE,NA,46,2.04537,never
FRA,France,1978,TRUE,44,45,2.0560899999999998,crossed
FRA,France,1979,TRUE,44,44,2.0585499999999994,crossed
FRA,France,1980,TRUE,43,43,2.05196,crossed
FRA,France,1981,FALSE,NA,42,2.02105,censored
FRA,France,1982,FALSE,NA,41,2.00599,censored
FRA,France,1983,FALSE,NA,40,1.97083,censored
FRA,France,1984,FALSE,NA,39,1.93684,censored
FRA,France,1985,FALSE,NA,38,1.8673599999999997,censored
FRA,France,1986,FALSE,NA,37,1.7901799999999999,censored
FRA,France,1987,FALSE,NA,36,1.70032,censored
FRA,France,1988,FALSE,NA,35,1.58984,censored
FRA,France,1989,FALSE,NA,34,1.45632,censored
FRA,France,1990,FALSE,NA,33,1.3150800000000002,censored
FRA,France,1991,FALSE,NA,32,1.1558599999999999,censored
FRA,France,1992,FALSE,NA,31,0.99837,censored
FRA,France,1993,FALSE,NA,30,0.84252,censored
FRA,France,1994,FALSE,NA,29,0.69801,censored
FRA,France,1995,FALSE,NA,28,0.56614,censored
FRA,France,1996,FALSE,NA,27,0.4432,censored
FRA,France,1997,FALSE,NA,26,0.33594,censored
FRA,France,1998,FALSE,NA,25,0.24521,censored
FRA,France,1999,FALSE,NA,24,0.17637000000000003,censored
FRA,France,2000,FALSE,NA,23,0.12061,censored
FRA,France,2001,FALSE,NA,22,0.07865,censored
FRA,France,2002,FALSE,NA,21,0.0482,censored
FRA,France,2003,FALSE,NA,20,0.027250000000000003,censored
FRA,France,2004,FALSE,NA,19,0.01345,censored
FRA,France,2005,FALSE,NA,18,0.00587,censored
FRA,France,2006,FALSE,NA,17,0.0024600000000000004,censored
FRA,France,2007,FALSE,NA,16,8.2e-4,censored
FRA,France,2008,FALSE,NA,15,2.1e-4,censored
FRA,France,2009,FALSE,NA,14,2e-5,censored
FRA,France,2010,FALSE,NA,13,0,censored
GBRTENW,"UK, England and Wales",1896,TRUE,43,55,2.0864400000000005,crossed
GBRTENW,"UK, England and Wales",1897,TRUE,46,55,2.05609,crossed
GBRTENW,"UK, England and Wales",1898,FALSE,NA,55,2.01895,never
GBRTENW,"UK, England and Wales",1899,FALSE,NA,55,1.97674,never
GBRTENW,"UK, England and Wales",1900,FALSE,NA,55,1.95429,never
GBRTENW,"UK, England and Wales",1901,FALSE,NA,55,1.9127,never
GBRTENW,"UK, England and Wales",1902,FALSE,NA,55,1.8646099999999999,never
GBRTENW,"UK, England and Wales",1903,FALSE,NA,55,1.8304499999999997,never
GBRTENW,"UK, England and Wales",1904,FALSE,NA,55,1.8013200000000005,never
GBRTENW,"UK, England and Wales",1905,FALSE,NA,55,1.7830000000000004,never
GBRTENW,"UK, England and Wales",1906,FALSE,NA,55,1.7652700000000006,never
GBRTENW,"UK, England and Wales",1907,FALSE,NA,55,1.7541400000000003,never
GBRTENW,"UK, England and Wales",1908,FALSE,NA,55,1.7675900000000004,never
GBRTENW,"UK, England and Wales",1909,FALSE,NA,55,1.7692500000000002,never
GBRTENW,"UK, England and Wales",1910,FALSE,NA,55,1.8026900000000001,never
GBRTENW,"UK, England and Wales",1911,FALSE,NA,55,1.8129699999999997,never
GBRTENW,"UK, England and Wales",1912,FALSE,NA,55,1.8203799999999999,never
GBRTENW,"UK, England and Wales",1913,FALSE,NA,55,1.8493000000000002,never
GBRTENW,"UK, England and Wales",1914,FALSE,NA,55,1.91601,never
GBRTENW,"UK, England and Wales",1915,FALSE,NA,55,1.9460999999999997,never
GBRTENW,"UK, England and Wales",1916,FALSE,NA,55,1.93823,never
GBRTENW,"UK, England and Wales",1917,FALSE,NA,55,1.94379,never
GBRTENW,"UK, England and Wales",1918,FALSE,NA,55,1.87475,never
GBRTENW,"UK, England and Wales",1919,FALSE,NA,55,1.8088000000000002,never
GBRTENW,"UK, England and Wales",1920,TRUE,38,55,2.20141,crossed
GBRTENW,"UK, England and Wales",1921,TRUE,41,55,2.1061,crossed
GBRTENW,"UK, England and Wales",1922,FALSE,NA,55,2.0482500000000003,never
GBRTENW,"UK, England and Wales",1923,TRUE,43,55,2.06975,crossed
GBRTENW,"UK, England and Wales",1924,TRUE,40,55,2.118010000000001,crossed
GBRTENW,"UK, England and Wales",1925,TRUE,40,55,2.1220099999999995,crossed
GBRTENW,"UK, England and Wales",1926,TRUE,38,55,2.1911199999999997,crossed
GBRTENW,"UK, England and Wales",1927,TRUE,38,55,2.1991800000000015,crossed
GBRTENW,"UK, England and Wales",1928,TRUE,37,55,2.2318200000000004,crossed
GBRTENW,"UK, England and Wales",1929,TRUE,36,55,2.25758,crossed
GBRTENW,"UK, England and Wales",1930,TRUE,35,55,2.3409299999999997,crossed
GBRTENW,"UK, England and Wales",1931,TRUE,35,55,2.35722,crossed
GBRTENW,"UK, England and Wales",1932,TRUE,34,55,2.3499000000000008,crossed
GBRTENW,"UK, England and Wales",1933,TRUE,34,55,2.373859999999999,crossed
GBRTENW,"UK, England and Wales",1934,TRUE,33,55,2.403059999999999,crossed
GBRTENW,"UK, England and Wales",1935,TRUE,33,55,2.41231,crossed
GBRTENW,"UK, England and Wales",1936,TRUE,33,55,2.40634,crossed
GBRTENW,"UK, England and Wales",1937,TRUE,33,55,2.386590000000001,crossed
GBRTENW,"UK, England and Wales",1938,TRUE,32,55,2.37001,crossed
GBRTENW,"UK, England and Wales",1939,TRUE,32,55,2.3654100000000002,crossed
GBRTENW,"UK, England and Wales",1940,TRUE,32,55,2.375070000000001,crossed
GBRTENW,"UK, England and Wales",1941,TRUE,33,55,2.302350000000001,crossed
GBRTENW,"UK, England and Wales",1942,TRUE,33,55,2.263200000000001,crossed
GBRTENW,"UK, England and Wales",1943,TRUE,34,55,2.2403599999999995,crossed
GBRTENW,"UK, England and Wales",1944,TRUE,34,55,2.24549,crossed
GBRTENW,"UK, England and Wales",1945,TRUE,36,55,2.1781199999999994,crossed
GBRTENW,"UK, England and Wales",1946,TRUE,38,55,2.1185400000000003,crossed
GBRTENW,"UK, England and Wales",1947,TRUE,37,55,2.1385800000000006,crossed
GBRTENW,"UK, England and Wales",1948,TRUE,38,55,2.1243800000000004,crossed
GBRTENW,"UK, England and Wales",1949,TRUE,42,55,2.0618,crossed
GBRTENW,"UK, England and Wales",1950,TRUE,42,55,2.0620000000000007,crossed
GBRTENW,"UK, England and Wales",1951,FALSE,NA,55,2.0346300000000004,never
GBRTENW,"UK, England and Wales",1952,FALSE,NA,55,2.0427699999999986,never
GBRTENW,"UK, England and Wales",1953,FALSE,NA,55,2.048269999999999,never
GBRTENW,"UK, England and Wales",1954,FALSE,NA,55,2.0331200000000003,never
GBRTENW,"UK, England and Wales",1955,FALSE,NA,55,2.00803,never
GBRTENW,"UK, England and Wales",1956,FALSE,NA,55,2.01141,never
GBRTENW,"UK, England and Wales",1957,FALSE,NA,55,2.0185299999999993,never
GBRTENW,"UK, England and Wales",1958,FALSE,NA,55,1.9954699999999999,never
GBRTENW,"UK, England and Wales",1959,FALSE,NA,55,1.9694,never
GBRTENW,"UK, England and Wales",1960,FALSE,NA,55,1.9871099999999995,never
GBRTENW,"UK, England and Wales",1961,FALSE,NA,55,1.96089,never
GBRTENW,"UK, England and Wales",1962,FALSE,NA,55,1.9343799999999998,never
GBRTENW,"UK, England and Wales",1963,FALSE,NA,55,1.92479,never
GBRTENW,"UK, England and Wales",1964,FALSE,NA,55,1.92712,never
GBRTENW,"UK, England and Wales",1965,FALSE,NA,55,1.92072,never
GBRTENW,"UK, England and Wales",1966,FALSE,NA,55,1.9153099999999998,never
GBRTENW,"UK, England and Wales",1967,FALSE,NA,55,1.9023599999999996,never
GBRTENW,"UK, England and Wales",1968,FALSE,NA,54,1.91895,never
GBRTENW,"UK, England and Wales",1969,FALSE,NA,53,1.9113300000000002,never
GBRTENW,"UK, England and Wales",1970,FALSE,NA,52,1.9151699999999996,never
GBRTENW,"UK, England and Wales",1971,FALSE,NA,51,1.9072500000000001,never
GBRTENW,"UK, England and Wales",1972,FALSE,NA,50,1.9010300000000002,never
GBRTENW,"UK, England and Wales",1973,FALSE,NA,50,1.8858799999999998,never
GBRTENW,"UK, England and Wales",1974,FALSE,NA,50,1.9052300000000004,never
GBRTENW,"UK, England and Wales",1975,FALSE,NA,49,1.9120300000000006,never
GBRTENW,"UK, England and Wales",1976,FALSE,NA,48,1.93166,never
GBRTENW,"UK, England and Wales",1977,FALSE,NA,47,1.9389100000000001,never
GBRTENW,"UK, England and Wales",1978,FALSE,NA,46,1.93349,never
GBRTENW,"UK, England and Wales",1979,FALSE,NA,45,1.93838,never
GBRTENW,"UK, England and Wales",1980,FALSE,NA,44,1.9686100000000002,never
GBRTENW,"UK, England and Wales",1981,FALSE,NA,43,1.9499899999999997,censored
GBRTENW,"UK, England and Wales",1982,FALSE,NA,42,1.9264500000000002,censored
GBRTENW,"UK, England and Wales",1983,FALSE,NA,41,1.8920500000000002,censored
GBRTENW,"UK, England and Wales",1984,FALSE,NA,40,1.8508800000000003,censored
GBRTENW,"UK, England and Wales",1985,FALSE,NA,39,1.79361,censored
GBRTENW,"UK, England and Wales",1986,FALSE,NA,38,1.7357900000000004,censored
GBRTENW,"UK, England and Wales",1987,FALSE,NA,37,1.6696900000000001,censored
GBRTENW,"UK, England and Wales",1988,FALSE,NA,36,1.5770199999999999,censored
GBRTENW,"UK, England and Wales",1989,FALSE,NA,35,1.4604199999999998,censored
GBRTENW,"UK, England and Wales",1990,FALSE,NA,34,1.334,censored
GBRTENW,"UK, England and Wales",1991,FALSE,NA,33,1.1729800000000001,censored
GBRTENW,"UK, England and Wales",1992,FALSE,NA,32,1.03,censored
GBRTENW,"UK, England and Wales",1993,FALSE,NA,31,0.8985799999999999,censored
GBRTENW,"UK, England and Wales",1994,FALSE,NA,30,0.7629499999999999,censored
GBRTENW,"UK, England and Wales",1995,FALSE,NA,29,0.6459499999999999,censored
GBRTENW,"UK, England and Wales",1996,FALSE,NA,28,0.5334,censored
GBRTENW,"UK, England and Wales",1997,FALSE,NA,27,0.43278000000000005,censored
GBRTENW,"UK, England and Wales",1998,FALSE,NA,26,0.34392,censored
GBRTENW,"UK, England and Wales",1999,FALSE,NA,25,0.27322,censored
GBRTENW,"UK, England and Wales",2000,FALSE,NA,24,0.20976999999999998,censored
GBRTENW,"UK, England and Wales",2001,FALSE,NA,23,0.15316,censored
GBRTENW,"UK, England and Wales",2002,FALSE,NA,22,0.10545,censored
GBRTENW,"UK, England and Wales",2003,FALSE,NA,21,0.06849,censored
GBRTENW,"UK, England and Wales",2004,FALSE,NA,20,0.04019,censored
GBRTENW,"UK, England and Wales",2005,FALSE,NA,19,0.02131,censored
GBRTENW,"UK, England and Wales",2006,FALSE,NA,18,0.010450000000000001,censored
GBRTENW,"UK, England and Wales",2007,FALSE,NA,17,0.004569999999999999,censored
GBRTENW,"UK, England and Wales",2008,FALSE,NA,16,0.00185,censored
GBRTENW,"UK, England and Wales",2009,FALSE,NA,15,1e-5,censored
GBR_NIR,"UK, Northern Ireland",1959,TRUE,34,55,2.460600000000001,crossed
GBR_NIR,"UK, Northern Ireland",1960,TRUE,34,55,2.45634,crossed
GBR_NIR,"UK, Northern Ireland",1961,TRUE,35,55,2.3925400000000008,crossed
GBR_NIR,"UK, Northern Ireland",1962,TRUE,35,55,2.3744100000000006,crossed
GBR_NIR,"UK, Northern Ireland",1963,TRUE,36,55,2.3059300000000005,crossed
GBR_NIR,"UK, Northern Ireland",1964,TRUE,36,55,2.3246700000000002,crossed
GBR_NIR,"UK, Northern Ireland",1965,TRUE,37,55,2.2349200000000007,crossed
GBR_NIR,"UK, Northern Ireland",1966,TRUE,37,55,2.2352800000000004,crossed
GBR_NIR,"UK, Northern Ireland",1967,TRUE,39,55,2.1750200000000004,crossed
GBR_NIR,"UK, Northern Ireland",1968,TRUE,39,54,2.1734600000000013,crossed
GBR_NIR,"UK, Northern Ireland",1969,TRUE,40,53,2.1348500000000006,crossed
GBR_NIR,"UK, Northern Ireland",1970,TRUE,41,52,2.1111000000000004,crossed
GBR_NIR,"UK, Northern Ireland",1971,TRUE,41,51,2.1201300000000005,crossed
GBR_NIR,"UK, Northern Ireland",1972,FALSE,NA,50,2.0242699999999996,never
GBR_NIR,"UK, Northern Ireland",1973,FALSE,NA,50,2.0484099999999996,never
GBR_NIR,"UK, Northern Ireland",1974,FALSE,NA,50,2.0001699999999993,never
GBR_NIR,"UK, Northern Ireland",1975,FALSE,NA,49,2.0025299999999997,never
GBR_NIR,"UK, Northern Ireland",1976,FALSE,NA,48,2.03055,never
GBR_NIR,"UK, Northern Ireland",1977,FALSE,NA,47,2.03153,never
GBR_NIR,"UK, Northern Ireland",1978,FALSE,NA,46,2.0327699999999997,never
GBR_NIR,"UK, Northern Ireland",1979,TRUE,43,45,2.06294,crossed
GBR_NIR,"UK, Northern Ireland",1980,TRUE,40,44,2.14412,crossed
GBR_NIR,"UK, Northern Ireland",1981,TRUE,42,43,2.07327,crossed
GBR_NIR,"UK, Northern Ireland",1982,FALSE,NA,42,2.0327399999999995,censored
GBR_NIR,"UK, Northern Ireland",1983,FALSE,NA,41,2.01437,censored
GBR_NIR,"UK, Northern Ireland",1984,FALSE,NA,40,1.9697799999999999,censored
GBR_NIR,"UK, Northern Ireland",1985,FALSE,NA,39,1.8976899999999999,censored
GBR_NIR,"UK, Northern Ireland",1986,FALSE,NA,38,1.8052799999999998,censored
GBR_NIR,"UK, Northern Ireland",1987,FALSE,NA,37,1.74836,censored
GBR_NIR,"UK, Northern Ireland",1988,FALSE,NA,36,1.67813,censored
GBR_NIR,"UK, Northern Ireland",1989,FALSE,NA,35,1.55389,censored
GBR_NIR,"UK, Northern Ireland",1990,FALSE,NA,34,1.4125199999999998,censored
GBR_NIR,"UK, Northern Ireland",1991,FALSE,NA,33,1.2824,censored
GBR_NIR,"UK, Northern Ireland",1992,FALSE,NA,32,1.13263,censored
GBR_NIR,"UK, Northern Ireland",1993,FALSE,NA,31,0.96497,censored
GBR_NIR,"UK, Northern Ireland",1994,FALSE,NA,30,0.81914,censored
GBR_NIR,"UK, Northern Ireland",1995,FALSE,NA,29,0.65676,censored
GBR_NIR,"UK, Northern Ireland",1996,FALSE,NA,28,0.53346,censored
GBR_NIR,"UK, Northern Ireland",1997,FALSE,NA,27,0.44319,censored
GBR_NIR,"UK, Northern Ireland",1998,FALSE,NA,26,0.36332,censored
GBR_NIR,"UK, Northern Ireland",1999,FALSE,NA,25,0.29503,censored
GBR_NIR,"UK, Northern Ireland",2000,FALSE,NA,24,0.22832000000000002,censored
GBR_NIR,"UK, Northern Ireland",2001,FALSE,NA,23,0.17151,censored
GBR_NIR,"UK, Northern Ireland",2002,FALSE,NA,22,0.11368999999999999,censored
GBR_NIR,"UK, Northern Ireland",2003,FALSE,NA,21,0.07441,censored
GBR_NIR,"UK, Northern Ireland",2004,FALSE,NA,20,0.04233,censored
GBR_NIR,"UK, Northern Ireland",2005,FALSE,NA,19,0.019410000000000004,censored
GBR_NIR,"UK, Northern Ireland",2006,FALSE,NA,18,0.00816,censored
GBR_NIR,"UK, Northern Ireland",2007,FALSE,NA,17,0.00284,censored
GBR_NIR,"UK, Northern Ireland",2008,FALSE,NA,16,1.5e-4,censored
GBR_NIR,"UK, Northern Ireland",2009,FALSE,NA,15,1e-5,censored
GBR_NIR,"UK, Northern Ireland",2010,FALSE,NA,14,0,censored
GBR_SCO,"UK, Scotland",1924,TRUE,36,55,2.38429,crossed
GBR_SCO,"UK, Scotland",1925,TRUE,36,55,2.3464300000000016,crossed
GBR_SCO,"UK, Scotland",1926,TRUE,35,55,2.4399599999999997,crossed
GBR_SCO,"UK, Scotland",1927,TRUE,36,55,2.37834,crossed
GBR_SCO,"UK, Scotland",1928,TRUE,35,55,2.40888,crossed
GBR_SCO,"UK, Scotland",1929,TRUE,34,55,2.455420000000001,crossed
GBR_SCO,"UK, Scotland",1930,TRUE,34,55,2.533810000000002,crossed
GBR_SCO,"UK, Scotland",1931,TRUE,33,55,2.544240000000001,crossed
GBR_SCO,"UK, Scotland",1932,TRUE,33,55,2.5427700000000013,crossed
GBR_SCO,"UK, Scotland",1933,TRUE,32,55,2.5583000000000005,crossed
GBR_SCO,"UK, Scotland",1934,TRUE,32,55,2.6118499999999996,crossed
GBR_SCO,"UK, Scotland",1935,TRUE,32,55,2.58899,crossed
GBR_SCO,"UK, Scotland",1936,TRUE,31,55,2.56945,crossed
GBR_SCO,"UK, Scotland",1937,TRUE,31,55,2.547170000000001,crossed
GBR_SCO,"UK, Scotland",1938,TRUE,31,55,2.530370000000001,crossed
GBR_SCO,"UK, Scotland",1939,TRUE,31,55,2.52263,crossed
GBR_SCO,"UK, Scotland",1940,TRUE,31,55,2.4926,crossed
GBR_SCO,"UK, Scotland",1941,TRUE,32,55,2.3932600000000006,crossed
GBR_SCO,"UK, Scotland",1942,TRUE,32,55,2.32853,crossed
GBR_SCO,"UK, Scotland",1943,TRUE,32,55,2.33234,crossed
GBR_SCO,"UK, Scotland",1944,TRUE,32,55,2.31362,crossed
GBR_SCO,"UK, Scotland",1945,TRUE,34,55,2.2126499999999996,crossed
GBR_SCO,"UK, Scotland",1946,TRUE,37,55,2.1110400000000005,crossed
GBR_SCO,"UK, Scotland",1947,TRUE,33,55,2.2891900000000005,crossed
GBR_SCO,"UK, Scotland",1948,TRUE,37,55,2.1357199999999996,crossed
GBR_SCO,"UK, Scotland",1949,TRUE,37,55,2.1158199999999994,crossed
GBR_SCO,"UK, Scotland",1950,TRUE,40,55,2.0710300000000004,crossed
GBR_SCO,"UK, Scotland",1951,FALSE,NA,55,2.04406,never
GBR_SCO,"UK, Scotland",1952,FALSE,NA,55,1.9935699999999998,never
GBR_SCO,"UK, Scotland",1953,FALSE,NA,55,2.0086300000000006,never
GBR_SCO,"UK, Scotland",1954,FALSE,NA,55,1.9400199999999996,never
GBR_SCO,"UK, Scotland",1955,FALSE,NA,55,1.9429899999999998,never
GBR_SCO,"UK, Scotland",1956,FALSE,NA,55,1.9232799999999997,never
GBR_SCO,"UK, Scotland",1957,FALSE,NA,55,1.9385400000000002,never
GBR_SCO,"UK, Scotland",1958,FALSE,NA,55,1.9103400000000004,never
GBR_SCO,"UK, Scotland",1959,FALSE,NA,55,1.8957799999999998,never
GBR_SCO,"UK, Scotland",1960,FALSE,NA,55,1.8807900000000004,never
GBR_SCO,"UK, Scotland",1961,FALSE,NA,55,1.8737499999999996,never
GBR_SCO,"UK, Scotland",1962,FALSE,NA,55,1.86139,never
GBR_SCO,"UK, Scotland",1963,FALSE,NA,55,1.85946,never
GBR_SCO,"UK, Scotland",1964,FALSE,NA,55,1.83036,never
GBR_SCO,"UK, Scotland",1965,FALSE,NA,55,1.8132200000000003,never
GBR_SCO,"UK, Scotland",1966,FALSE,NA,55,1.79251,never
GBR_SCO,"UK, Scotland",1967,FALSE,NA,55,1.76566,never
GBR_SCO,"UK, Scotland",1968,FALSE,NA,54,1.79605,never
GBR_SCO,"UK, Scotland",1969,FALSE,NA,53,1.7696200000000002,never
GBR_SCO,"UK, Scotland",1970,FALSE,NA,52,1.7425099999999998,never
GBR_SCO,"UK, Scotland",1971,FALSE,NA,51,1.7559,never
GBR_SCO,"UK, Scotland",1972,FALSE,NA,50,1.7246999999999997,never
GBR_SCO,"UK, Scotland",1973,FALSE,NA,50,1.7226100000000002,never
GBR_SCO,"UK, Scotland",1974,FALSE,NA,50,1.73257,never
GBR_SCO,"UK, Scotland",1975,FALSE,NA,49,1.7274900000000002,never
GBR_SCO,"UK, Scotland",1976,FALSE,NA,48,1.7235899999999995,never
GBR_SCO,"UK, Scotland",1977,FALSE,NA,47,1.7269,never
GBR_SCO,"UK, Scotland",1978,FALSE,NA,46,1.75162,never
GBR_SCO,"UK, Scotland",1979,FALSE,NA,45,1.7334600000000002,never
GBR_SCO,"UK, Scotland",1980,FALSE,NA,44,1.75959,never
GBR_SCO,"UK, Scotland",1981,FALSE,NA,43,1.7477999999999998,censored
GBR_SCO,"UK, Scotland",1982,FALSE,NA,42,1.7341099999999998,censored
GBR_SCO,"UK, Scotland",1983,FALSE,NA,41,1.7067,censored
GBR_SCO,"UK, Scotland",1984,FALSE,NA,40,1.6581800000000002,censored
GBR_SCO,"UK, Scotland",1985,FALSE,NA,39,1.61628,censored
GBR_SCO,"UK, Scotland",1986,FALSE,NA,38,1.5626,censored
GBR_SCO,"UK, Scotland",1987,FALSE,NA,37,1.48075,censored
GBR_SCO,"UK, Scotland",1988,FALSE,NA,36,1.39168,censored
GBR_SCO,"UK, Scotland",1989,FALSE,NA,35,1.2769499999999998,censored
GBR_SCO,"UK, Scotland",1990,FALSE,NA,34,1.1914099999999999,censored
GBR_SCO,"UK, Scotland",1991,FALSE,NA,33,1.05103,censored
GBR_SCO,"UK, Scotland",1992,FALSE,NA,32,0.9389599999999999,censored
GBR_SCO,"UK, Scotland",1993,FALSE,NA,31,0.8114899999999999,censored
GBR_SCO,"UK, Scotland",1994,FALSE,NA,30,0.69011,censored
GBR_SCO,"UK, Scotland",1995,FALSE,NA,29,0.5793799999999999,censored
GBR_SCO,"UK, Scotland",1996,FALSE,NA,28,0.47572,censored
GBR_SCO,"UK, Scotland",1997,FALSE,NA,27,0.38076,censored
GBR_SCO,"UK, Scotland",1998,FALSE,NA,26,0.29582,censored
GBR_SCO,"UK, Scotland",1999,FALSE,NA,25,0.23126,censored
GBR_SCO,"UK, Scotland",2000,FALSE,NA,24,0.17149,censored
GBR_SCO,"UK, Scotland",2001,FALSE,NA,23,0.12388,censored
GBR_SCO,"UK, Scotland",2002,FALSE,NA,22,0.08405,censored
GBR_SCO,"UK, Scotland",2003,FALSE,NA,21,0.05761000000000001,censored
GBR_SCO,"UK, Scotland",2004,FALSE,NA,20,0.03567,censored
GBR_SCO,"UK, Scotland",2005,FALSE,NA,19,0.021670000000000002,censored
GBR_SCO,"UK, Scotland",2006,FALSE,NA,18,0.009340000000000001,censored
GBR_SCO,"UK, Scotland",2007,FALSE,NA,17,0.00319,censored
GBR_SCO,"UK, Scotland",2008,FALSE,NA,16,0.00107,censored
GBR_SCO,"UK, Scotland",2009,FALSE,NA,15,1.5999999999999999e-4,censored
GBR_SCO,"UK, Scotland",2010,FALSE,NA,14,0,censored
GRC,Greece,1935,FALSE,NA,49,2.023122,never
GRC,Greece,1936,FALSE,NA,49,2.0087960000000002,never
GRC,Greece,1937,FALSE,NA,49,2.0018979999999997,never
GRC,Greece,1938,FALSE,NA,49,2.001526,never
GRC,Greece,1939,FALSE,NA,49,2.0054260000000004,never
GRC,Greece,1940,FALSE,NA,49,2.0100100000000003,never
GRC,Greece,1941,FALSE,NA,49,2.013149999999999,never
GRC,Greece,1942,FALSE,NA,49,2.01267,never
GRC,Greece,1943,FALSE,NA,49,2.0067800000000005,never
GRC,Greece,1944,FALSE,NA,49,1.9963200000000003,never
GRC,Greece,1945,FALSE,NA,49,1.9852100000000001,never
GRC,Greece,1946,FALSE,NA,49,1.97756,never
GRC,Greece,1947,FALSE,NA,49,1.97565,never
GRC,Greece,1948,FALSE,NA,49,1.9802300000000002,never
GRC,Greece,1949,FALSE,NA,49,1.9891400000000006,never
GRC,Greece,1950,FALSE,NA,49,1.99892,never
GRC,Greece,1951,FALSE,NA,49,2.0063,never
GRC,Greece,1952,FALSE,NA,49,2.01118,never
GRC,Greece,1953,FALSE,NA,49,2.01397,never
GRC,Greece,1954,FALSE,NA,49,2.0135600000000005,never
GRC,Greece,1955,FALSE,NA,50,2.0083499999999996,never
GRC,Greece,1956,FALSE,NA,50,1.99781,never
GRC,Greece,1957,FALSE,NA,50,1.9835299999999996,never
GRC,Greece,1958,FALSE,NA,50,1.9675700000000007,never
GRC,Greece,1959,FALSE,NA,50,1.9504700000000006,never
GRC,Greece,1960,FALSE,NA,49,1.9323,never
GRC,Greece,1961,FALSE,NA,48,1.91155,never
GRC,Greece,1962,FALSE,NA,47,1.8859800000000002,never
GRC,Greece,1963,FALSE,NA,46,1.8566400000000003,never
GRC,Greece,1964,FALSE,NA,45,1.8237999999999999,never
GRC,Greece,1965,FALSE,NA,44,1.78897,never
GRC,Greece,1966,FALSE,NA,43,1.7482899999999997,censored
GRC,Greece,1967,FALSE,NA,42,1.7106599999999998,censored
GRC,Greece,1968,FALSE,NA,41,1.6708500000000004,censored
GRC,Greece,1969,FALSE,NA,40,1.62307,censored
GRC,Greece,1970,FALSE,NA,39,1.5661100000000001,censored
GRC,Greece,1971,FALSE,NA,38,1.50155,censored
GRC,Greece,1972,FALSE,NA,37,1.4269800000000001,censored
GRC,Greece,1973,FALSE,NA,36,1.34242,censored
GRC,Greece,1974,FALSE,NA,35,1.25224,censored
GRC,Greece,1975,FALSE,NA,34,1.15567,censored
GRC,Greece,1976,FALSE,NA,33,1.05088,censored
GRC,Greece,1977,FALSE,NA,32,0.9368799999999999,censored
GRC,Greece,1978,FALSE,NA,31,0.8241200000000001,censored
GRC,Greece,1979,FALSE,NA,30,0.71008,censored
GRC,Greece,1980,FALSE,NA,29,0.59708,censored
GRC,Greece,1981,FALSE,NA,28,0.49358,censored
GRC,Greece,1982,FALSE,NA,27,0.40352,censored
GRC,Greece,1983,FALSE,NA,26,0.32859,censored
GRC,Greece,1984,FALSE,NA,25,0.26580000000000004,censored
GRC,Greece,1985,FALSE,NA,24,0.21744,censored
GRC,Greece,1986,FALSE,NA,23,0.17071999999999998,censored
GRC,Greece,1987,FALSE,NA,22,0.12468000000000001,censored
GRC,Greece,1988,FALSE,NA,21,0.08571,censored
GRC,Greece,1989,FALSE,NA,20,0.0555,censored
GRC,Greece,1990,FALSE,NA,19,0.03436,censored
GRC,Greece,1991,FALSE,NA,18,0.01994,censored
GRC,Greece,1992,FALSE,NA,17,0.010790000000000001,censored
GRC,Greece,1993,FALSE,NA,16,0.00506,censored
GRC,Greece,1994,FALSE,NA,15,8.6e-4,censored
HRV,Croatia,1935,FALSE,NA,50,2.01312,never
HRV,Croatia,1936,FALSE,NA,50,1.9827300000000005,never
HRV,Croatia,1937,FALSE,NA,50,1.98239,never
HRV,Croatia,1938,FALSE,NA,50,1.9698300000000004,never
HRV,Croatia,1939,FALSE,NA,50,1.9725100000000002,never
HRV,Croatia,1940,FALSE,NA,50,1.9659600000000006,never
HRV,Croatia,1941,FALSE,NA,50,1.9524500000000005,never
HRV,Croatia,1942,FALSE,NA,50,1.9221700000000002,never
HRV,Croatia,1943,FALSE,NA,50,1.9166899999999998,never
HRV,Croatia,1944,FALSE,NA,50,1.86508,never
HRV,Croatia,1945,FALSE,NA,50,1.7589500000000005,never
HRV,Croatia,1946,FALSE,NA,55,1.7999199999999997,never
HRV,Croatia,1947,FALSE,NA,55,1.8635500000000003,never
HRV,Croatia,1948,FALSE,NA,55,1.8996800000000005,never
HRV,Croatia,1949,FALSE,NA,55,1.8647400000000005,never
HRV,Croatia,1950,FALSE,NA,55,1.8856,never
HRV,Croatia,1951,FALSE,NA,55,1.84466,never
HRV,Croatia,1952,FALSE,NA,55,1.85427,never
HRV,Croatia,1953,FALSE,NA,55,1.8716200000000005,never
HRV,Croatia,1954,FALSE,NA,55,1.9063799999999995,never
HRV,Croatia,1955,FALSE,NA,55,1.9098400000000004,never
HRV,Croatia,1956,FALSE,NA,55,1.9517499999999999,never
HRV,Croatia,1957,FALSE,NA,55,1.94327,never
HRV,Croatia,1958,FALSE,NA,55,1.9564700000000006,never
HRV,Croatia,1959,FALSE,NA,55,1.9757399999999998,never
HRV,Croatia,1960,FALSE,NA,55,1.9898399999999996,never
HRV,Croatia,1961,FALSE,NA,55,1.9802100000000002,never
HRV,Croatia,1962,FALSE,NA,55,1.9773999999999996,never
HRV,Croatia,1963,FALSE,NA,55,1.9522599999999999,never
HRV,Croatia,1964,FALSE,NA,55,1.9273,never
HRV,Croatia,1965,FALSE,NA,55,1.9041200000000005,never
HRV,Croatia,1966,FALSE,NA,55,1.8852699999999996,never
HRV,Croatia,1967,FALSE,NA,55,1.85585,never
HRV,Croatia,1968,FALSE,NA,55,1.8202500000000004,never
HRV,Croatia,1969,FALSE,NA,55,1.7909200000000005,never
HRV,Croatia,1970,FALSE,NA,54,1.7531599999999998,never
HRV,Croatia,1971,FALSE,NA,53,1.74632,never
HRV,Croatia,1972,FALSE,NA,52,1.73894,never
HRV,Croatia,1973,FALSE,NA,51,1.7270999999999994,never
HRV,Croatia,1974,FALSE,NA,50,1.72197,never
HRV,Croatia,1975,FALSE,NA,49,1.7303000000000002,never
HRV,Croatia,1976,FALSE,NA,48,1.74751,never
HRV,Croatia,1977,FALSE,NA,47,1.7323000000000002,never
HRV,Croatia,1978,FALSE,NA,46,1.7460799999999996,never
HRV,Croatia,1979,FALSE,NA,45,1.7442199999999999,never
HRV,Croatia,1980,FALSE,NA,44,1.7343099999999998,never
HRV,Croatia,1981,FALSE,NA,43,1.7354600000000002,censored
HRV,Croatia,1982,FALSE,NA,42,1.72881,censored
HRV,Croatia,1983,FALSE,NA,41,1.68794,censored
HRV,Croatia,1984,FALSE,NA,40,1.6599599999999999,censored
HRV,Croatia,1985,FALSE,NA,39,1.62077,censored
HRV,Croatia,1986,FALSE,NA,38,1.5806699999999998,censored
HRV,Croatia,1987,FALSE,NA,37,1.50227,censored
HRV,Croatia,1988,FALSE,NA,36,1.4131399999999996,censored
HRV,Croatia,1989,FALSE,NA,35,1.3211400000000002,censored
HRV,Croatia,1990,FALSE,NA,34,1.2113199999999997,censored
HRV,Croatia,1991,FALSE,NA,33,1.0855700000000001,censored
HRV,Croatia,1992,FALSE,NA,32,1.01332,censored
HRV,Croatia,1993,FALSE,NA,31,0.87431,censored
HRV,Croatia,1994,FALSE,NA,30,0.73784,censored
HRV,Croatia,1995,FALSE,NA,29,0.6152,censored
HRV,Croatia,1996,FALSE,NA,28,0.5083700000000001,censored
HRV,Croatia,1997,FALSE,NA,27,0.40143000000000006,censored
HRV,Croatia,1998,FALSE,NA,26,0.32905999999999996,censored
HRV,Croatia,1999,FALSE,NA,25,0.24757,censored
HRV,Croatia,2000,FALSE,NA,24,0.18283000000000002,censored
HRV,Croatia,2001,FALSE,NA,23,0.12926,censored
HRV,Croatia,2002,FALSE,NA,22,0.08838,censored
HRV,Croatia,2003,FALSE,NA,21,0.05699,censored
HRV,Croatia,2004,FALSE,NA,20,0.03419,censored
HRV,Croatia,2005,FALSE,NA,19,0.01815,censored
HRV,Croatia,2006,FALSE,NA,18,0.01022,censored
HRV,Croatia,2007,FALSE,NA,17,0.00384,censored
HRV,Croatia,2008,FALSE,NA,16,0.0012499999999999998,censored
HRV,Croatia,2009,FALSE,NA,15,1e-4,censored
HRV,Croatia,2010,FALSE,NA,14,0,censored
HRV,Croatia,2011,FALSE,NA,13,0,censored
HUN,Hungary,1932,TRUE,43,55,2.057740000000001,crossed
HUN,Hungary,1933,TRUE,43,55,2.054190000000001,crossed
HUN,Hungary,1934,FALSE,NA,55,2.03397,never
HUN,Hungary,1935,FALSE,NA,55,1.981835000000001,never
HUN,Hungary,1936,FALSE,NA,55,1.9816600000000004,never
HUN,Hungary,1937,FALSE,NA,55,1.9836599999999995,never
HUN,Hungary,1938,FALSE,NA,55,1.9564499999999996,never
HUN,Hungary,1939,FALSE,NA,55,1.94372,never
HUN,Hungary,1940,FALSE,NA,55,1.94932,never
HUN,Hungary,1941,FALSE,NA,55,1.8983900000000002,never
HUN,Hungary,1942,FALSE,NA,55,1.9162800000000002,never
HUN,Hungary,1943,FALSE,NA,55,1.9092,never
HUN,Hungary,1944,FALSE,NA,55,1.9300299999999997,never
HUN,Hungary,1945,FALSE,NA,55,1.8974900000000001,never
HUN,Hungary,1946,FALSE,NA,55,1.9202199999999996,never
HUN,Hungary,1947,FALSE,NA,55,1.9099299999999997,never
HUN,Hungary,1948,FALSE,NA,55,1.94372,never
HUN,Hungary,1949,FALSE,NA,55,1.9575299999999993,never
HUN,Hungary,1950,FALSE,NA,55,1.9709999999999994,never
HUN,Hungary,1951,FALSE,NA,55,1.9648600000000005,never
HUN,Hungary,1952,FALSE,NA,55,1.9739300000000002,never
HUN,Hungary,1953,FALSE,NA,55,1.9390399999999999,never
HUN,Hungary,1954,FALSE,NA,55,1.92741,never
HUN,Hungary,1955,FALSE,NA,55,1.9459699999999995,never
HUN,Hungary,1956,FALSE,NA,55,1.9613100000000003,never
HUN,Hungary,1957,FALSE,NA,55,2.0038300000000002,never
HUN,Hungary,1958,FALSE,NA,55,2.0171300000000003,never
HUN,Hungary,1959,FALSE,NA,55,2.01998,never
HUN,Hungary,1960,FALSE,NA,55,2.0327100000000007,never
HUN,Hungary,1961,FALSE,NA,55,2.02446,never
HUN,Hungary,1962,FALSE,NA,55,2.04928,never
HUN,Hungary,1963,FALSE,NA,55,2.02478,never
HUN,Hungary,1964,FALSE,NA,55,2.0109500000000002,never
HUN,Hungary,1965,FALSE,NA,55,2.00056,never
HUN,Hungary,1966,FALSE,NA,54,1.9929700000000004,never
HUN,Hungary,1967,FALSE,NA,53,1.9655499999999997,never
HUN,Hungary,1968,FALSE,NA,52,1.94689,never
HUN,Hungary,1969,FALSE,NA,51,1.91842,never
HUN,Hungary,1970,FALSE,NA,50,1.8876300000000001,never
HUN,Hungary,1971,FALSE,NA,49,1.8535999999999995,never
HUN,Hungary,1972,FALSE,NA,49,1.82265,never
HUN,Hungary,1973,FALSE,NA,49,1.7872299999999997,never
HUN,Hungary,1974,FALSE,NA,49,1.7651500000000002,never
HUN,Hungary,1975,FALSE,NA,49,1.6988599999999998,never
HUN,Hungary,1976,FALSE,NA,48,1.6864999999999997,never
HUN,Hungary,1977,FALSE,NA,47,1.6548399999999996,never
HUN,Hungary,1978,FALSE,NA,46,1.6318000000000001,never
HUN,Hungary,1979,FALSE,NA,45,1.5962999999999996,never
HUN,Hungary,1980,FALSE,NA,44,1.5578600000000002,never
HUN,Hungary,1981,FALSE,NA,43,1.5298399999999999,censored
HUN,Hungary,1982,FALSE,NA,42,1.5073600000000003,censored
HUN,Hungary,1983,FALSE,NA,41,1.46746,censored
HUN,Hungary,1984,FALSE,NA,40,1.4316,censored
HUN,Hungary,1985,FALSE,NA,39,1.3956399999999998,censored
HUN,Hungary,1986,FALSE,NA,38,1.33913,censored
HUN,Hungary,1987,FALSE,NA,37,1.2927,censored
HUN,Hungary,1988,FALSE,NA,36,1.22975,censored
HUN,Hungary,1989,FALSE,NA,35,1.1479399999999997,censored
HUN,Hungary,1990,FALSE,NA,34,1.07399,censored
HUN,Hungary,1991,FALSE,NA,33,0.9973,censored
HUN,Hungary,1992,FALSE,NA,32,0.91501999999999994,censored
HUN,Hungary,1993,FALSE,NA,31,0.8272200000000001,censored
HUN,Hungary,1994,FALSE,NA,30,0.74913,censored
HUN,Hungary,1995,FALSE,NA,29,0.6643100000000001,censored
HUN,Hungary,1996,FALSE,NA,28,0.57865,censored
HUN,Hungary,1997,FALSE,NA,27,0.51603,censored
HUN,Hungary,1998,FALSE,NA,26,0.44633,censored
HUN,Hungary,1999,FALSE,NA,25,0.36502,censored
HUN,Hungary,2000,FALSE,NA,24,0.29605000000000004,censored
HUN,Hungary,2001,FALSE,NA,23,0.23448000000000002,censored
HUN,Hungary,2002,FALSE,NA,22,0.17474,censored
HUN,Hungary,2003,FALSE,NA,21,0.1236,censored
HUN,Hungary,2004,FALSE,NA,20,0.08515,censored
HUN,Hungary,2005,FALSE,NA,19,0.0543,censored
HUN,Hungary,2006,FALSE,NA,18,0.03084,censored
HUN,Hungary,2007,FALSE,NA,17,0.01422,censored
HUN,Hungary,2008,FALSE,NA,16,0.00475,censored
IRL,Ireland,1940,TRUE,31,55,3.4279599999999992,crossed
IRL,Ireland,1941,TRUE,32,55,3.2523899999999997,crossed
IRL,Ireland,1942,TRUE,32,55,3.267749999999999,crossed
IRL,Ireland,1943,TRUE,31,55,3.36668,crossed
IRL,Ireland,1944,TRUE,31,55,3.256519999999999,crossed
IRL,Ireland,1945,TRUE,32,55,3.2128599999999996,crossed
IRL,Ireland,1946,TRUE,32,55,3.178520000000001,crossed
IRL,Ireland,1947,TRUE,31,55,3.18771,crossed
IRL,Ireland,1948,TRUE,31,55,3.1309400000000003,crossed
IRL,Ireland,1949,TRUE,32,55,3.04839,crossed
IRL,Ireland,1950,TRUE,32,55,2.99086,crossed
IRL,Ireland,1951,TRUE,32,55,2.89406,crossed
IRL,Ireland,1952,TRUE,32,55,2.8565699999999996,crossed
IRL,Ireland,1953,TRUE,32,55,2.8630199999999997,crossed
IRL,Ireland,1954,TRUE,33,55,2.7199500000000008,crossed
IRL,Ireland,1955,TRUE,33,55,2.7263699999999997,crossed
IRL,Ireland,1956,TRUE,34,55,2.6024299999999996,crossed
IRL,Ireland,1957,TRUE,34,55,2.556749999999999,crossed
IRL,Ireland,1958,TRUE,34,55,2.5142999999999995,crossed
IRL,Ireland,1959,TRUE,35,55,2.4596099999999996,crossed
IRL,Ireland,1960,TRUE,36,55,2.4336700000000002,crossed
IRL,Ireland,1961,TRUE,36,55,2.3885800000000015,crossed
IRL,Ireland,1962,TRUE,37,55,2.30748,crossed
IRL,Ireland,1963,TRUE,38,55,2.3133600000000003,crossed
IRL,Ireland,1964,TRUE,38,55,2.25148,crossed
IRL,Ireland,1965,TRUE,39,55,2.23205,crossed
IRL,Ireland,1966,TRUE,40,55,2.1832300000000004,crossed
IRL,Ireland,1967,TRUE,40,55,2.1692900000000006,crossed
IRL,Ireland,1968,TRUE,40,54,2.1804200000000002,crossed
IRL,Ireland,1969,TRUE,41,53,2.164140000000001,crossed
IRL,Ireland,1970,TRUE,41,52,2.1289000000000002,crossed
IRL,Ireland,1971,TRUE,42,51,2.10637,crossed
IRL,Ireland,1972,TRUE,42,50,2.09636,crossed
IRL,Ireland,1973,TRUE,42,49,2.1065,crossed
IRL,Ireland,1974,TRUE,43,49,2.0837000000000003,crossed
IRL,Ireland,1975,TRUE,44,48,2.06874,crossed
IRL,Ireland,1976,FALSE,NA,47,2.0402300000000007,never
IRL,Ireland,1977,FALSE,NA,46,2.0436300000000003,never
IRL,Ireland,1978,FALSE,NA,45,2.01934,never
IRL,Ireland,1979,FALSE,NA,44,2.01807,never
IRL,Ireland,1980,FALSE,NA,43,1.9866599999999999,censored
IRL,Ireland,1981,FALSE,NA,42,1.94447,censored
IRL,Ireland,1982,FALSE,NA,41,1.9134499999999997,censored
IRL,Ireland,1983,FALSE,NA,40,1.87142,censored
IRL,Ireland,1984,FALSE,NA,39,1.7958300000000005,censored
IRL,Ireland,1985,FALSE,NA,38,1.6636199999999999,censored
IRL,Ireland,1986,FALSE,NA,37,1.5862,censored
IRL,Ireland,1987,FALSE,NA,36,1.47538,censored
IRL,Ireland,1988,FALSE,NA,35,1.31499,censored
IRL,Ireland,1989,FALSE,NA,34,1.14374,censored
IRL,Ireland,1990,FALSE,NA,33,0.99655,censored
IRL,Ireland,1991,FALSE,NA,32,0.8552900000000001,censored
IRL,Ireland,1992,FALSE,NA,31,0.7321700000000001,censored
IRL,Ireland,1993,FALSE,NA,30,0.61,censored
IRL,Ireland,1994,FALSE,NA,29,0.49629,censored
IRL,Ireland,1995,FALSE,NA,28,0.38587,censored
IRL,Ireland,1996,FALSE,NA,27,0.30673999999999996,censored
IRL,Ireland,1997,FALSE,NA,26,0.24097000000000002,censored
IRL,Ireland,1998,FALSE,NA,25,0.19097999999999998,censored
IRL,Ireland,1999,FALSE,NA,24,0.13735,censored
IRL,Ireland,2000,FALSE,NA,23,0.09838000000000001,censored
IRL,Ireland,2001,FALSE,NA,22,0.06734,censored
IRL,Ireland,2002,FALSE,NA,21,0.04105,censored
IRL,Ireland,2003,FALSE,NA,20,0.02511,censored
IRL,Ireland,2004,FALSE,NA,19,0.01057,censored
IRL,Ireland,2005,FALSE,NA,18,0.00486,censored
IRL,Ireland,2006,FALSE,NA,17,0.00165,censored
IRL,Ireland,2007,FALSE,NA,16,5.600000000000001e-4,censored
IRL,Ireland,2008,FALSE,NA,15,9e-5,censored
IRL,Ireland,2009,FALSE,NA,13,0,censored
ISL,Iceland,1838,TRUE,32,50,4.587385000000001,crossed
ISL,Iceland,1839,TRUE,32,50,4.552065,crossed
ISL,Iceland,1840,TRUE,32,50,4.505399999999999,crossed
ISL,Iceland,1841,TRUE,32,50,4.452260000000001,crossed
ISL,Iceland,1842,TRUE,32,50,4.395630000000001,crossed
ISL,Iceland,1843,TRUE,33,50,4.3375900000000005,crossed
ISL,Iceland,1844,TRUE,33,50,4.27844,crossed
ISL,Iceland,1845,TRUE,33,50,4.235459999999999,crossed
ISL,Iceland,1846,TRUE,33,50,4.204100000000001,crossed
ISL,Iceland,1847,TRUE,33,50,4.188510000000001,crossed
ISL,Iceland,1848,TRUE,33,50,4.177809999999999,crossed
ISL,Iceland,1849,TRUE,33,50,4.1503499999999995,crossed
ISL,Iceland,1850,TRUE,33,50,4.09734,crossed
ISL,Iceland,1851,TRUE,33,50,4.02651,crossed
ISL,Iceland,1852,TRUE,33,50,3.9518600000000004,crossed
ISL,Iceland,1853,TRUE,34,50,3.8788899999999997,crossed
ISL,Iceland,1854,TRUE,34,50,3.83496,crossed
ISL,Iceland,1855,TRUE,34,50,3.8130900000000008,crossed
ISL,Iceland,1856,TRUE,34,50,3.8215999999999997,crossed
ISL,Iceland,1857,TRUE,34,50,3.855180000000002,crossed
ISL,Iceland,1858,TRUE,34,50,3.8898799999999993,crossed
ISL,Iceland,1859,TRUE,34,50,3.9248300000000014,crossed
ISL,Iceland,1860,TRUE,33,50,3.9529800000000006,crossed
ISL,Iceland,1861,TRUE,33,50,3.9730399999999997,crossed
ISL,Iceland,1862,TRUE,33,50,3.9736599999999997,crossed
ISL,Iceland,1863,TRUE,33,50,3.9612700000000003,crossed
ISL,Iceland,1864,TRUE,33,50,3.9325899999999994,crossed
ISL,Iceland,1865,TRUE,33,50,3.8964699999999994,crossed
ISL,Iceland,1866,TRUE,33,50,3.8626299999999993,crossed
ISL,Iceland,1867,TRUE,33,50,3.84729,crossed
ISL,Iceland,1868,TRUE,33,50,3.8556999999999997,crossed
ISL,Iceland,1869,TRUE,33,50,3.8800999999999997,crossed
ISL,Iceland,1870,TRUE,33,50,3.9040899999999987,crossed
ISL,Iceland,1871,TRUE,33,50,3.9265499999999998,crossed
ISL,Iceland,1872,TRUE,33,50,3.93938,crossed
ISL,Iceland,1873,TRUE,33,50,3.9442,crossed
ISL,Iceland,1874,TRUE,33,50,3.9376000000000007,crossed
ISL,Iceland,1875,TRUE,33,50,3.91875,crossed
ISL,Iceland,1876,TRUE,33,50,3.8947599999999993,crossed
ISL,Iceland,1877,TRUE,33,50,3.8694200000000003,crossed
ISL,Iceland,1878,TRUE,33,50,3.8472799999999996,crossed
ISL,Iceland,1879,TRUE,33,50,3.82715,crossed
ISL,Iceland,1880,TRUE,33,50,3.808489999999999,crossed
ISL,Iceland,1881,TRUE,33,50,3.784970000000001,crossed
ISL,Iceland,1882,TRUE,33,50,3.7400400000000014,crossed
ISL,Iceland,1883,TRUE,33,50,3.6846399999999995,crossed
ISL,Iceland,1884,TRUE,33,50,3.638369999999999,crossed
ISL,Iceland,1885,TRUE,33,50,3.6108299999999995,crossed
ISL,Iceland,1886,TRUE,33,50,3.6009400000000005,crossed
ISL,Iceland,1887,TRUE,33,50,3.5990199999999994,crossed
ISL,Iceland,1888,TRUE,33,50,3.6036200000000003,crossed
ISL,Iceland,1889,TRUE,33,50,3.6068799999999994,crossed
ISL,Iceland,1890,TRUE,33,50,3.60417,crossed
ISL,Iceland,1891,TRUE,33,50,3.5934899999999996,crossed
ISL,Iceland,1892,TRUE,33,50,3.575249999999999,crossed
ISL,Iceland,1893,TRUE,33,50,3.5465100000000005,crossed
ISL,Iceland,1894,TRUE,33,50,3.5017200000000006,crossed
ISL,Iceland,1895,TRUE,33,50,3.44196,crossed
ISL,Iceland,1896,TRUE,33,50,3.36585,crossed
ISL,Iceland,1897,TRUE,33,50,3.2794300000000005,crossed
ISL,Iceland,1898,TRUE,33,50,3.1837199999999997,crossed
ISL,Iceland,1899,TRUE,33,50,3.09084,crossed
ISL,Iceland,1900,TRUE,34,50,3.0047299999999995,crossed
ISL,Iceland,1901,TRUE,34,50,2.927439999999999,crossed
ISL,Iceland,1902,TRUE,34,50,2.8565499999999995,crossed
ISL,Iceland,1903,TRUE,35,50,2.7930400000000004,crossed
ISL,Iceland,1904,TRUE,36,50,2.7469400000000004,crossed
ISL,Iceland,1905,TRUE,36,55,2.7176400000000003,crossed
ISL,Iceland,1906,TRUE,36,55,2.7050300000000007,crossed
ISL,Iceland,1907,TRUE,36,55,2.70978,crossed
ISL,Iceland,1908,TRUE,36,55,2.7348000000000003,crossed
ISL,Iceland,1909,TRUE,36,55,2.77737,crossed
ISL,Iceland,1910,TRUE,35,55,2.8302999999999994,crossed
ISL,Iceland,1911,TRUE,35,55,2.8865799999999995,crossed
ISL,Iceland,1912,TRUE,34,55,2.9397800000000003,crossed
ISL,Iceland,1913,TRUE,34,55,2.9867900000000005,crossed
ISL,Iceland,1914,TRUE,34,55,3.0286100000000005,crossed
ISL,Iceland,1915,TRUE,33,55,3.064139999999999,crossed
ISL,Iceland,1916,TRUE,33,55,3.1014499999999994,crossed
ISL,Iceland,1917,TRUE,33,55,3.1440399999999995,crossed
ISL,Iceland,1918,TRUE,33,55,3.18238,crossed
ISL,Iceland,1919,TRUE,32,55,3.233799999999999,crossed
ISL,Iceland,1920,TRUE,32,55,3.2821800000000003,crossed
ISL,Iceland,1921,TRUE,32,55,3.3228999999999984,crossed
ISL,Iceland,1922,TRUE,31,55,3.3744500000000004,crossed
ISL,Iceland,1923,TRUE,31,55,3.43084,crossed
ISL,Iceland,1924,TRUE,31,55,3.44314,crossed
ISL,Iceland,1925,TRUE,31,55,3.4421700000000004,crossed
ISL,Iceland,1926,TRUE,30,55,3.46666,crossed
ISL,Iceland,1927,TRUE,30,55,3.4683900000000008,crossed
ISL,Iceland,1928,TRUE,30,55,3.4975699999999996,crossed
ISL,Iceland,1929,TRUE,29,55,3.5437099999999986,crossed
ISL,Iceland,1930,TRUE,29,55,3.6045,crossed
ISL,Iceland,1931,TRUE,29,55,3.57847,crossed
ISL,Iceland,1932,TRUE,28,55,3.6077399999999993,crossed
ISL,Iceland,1933,TRUE,28,55,3.4672699999999996,crossed
ISL,Iceland,1934,TRUE,28,55,3.4806999999999992,crossed
ISL,Iceland,1935,TRUE,28,55,3.4024599999999996,crossed
ISL,Iceland,1936,TRUE,28,55,3.4240799999999996,crossed
ISL,Iceland,1937,TRUE,28,55,3.399120000000001,crossed
ISL,Iceland,1938,TRUE,28,55,3.2795800000000006,crossed
ISL,Iceland,1939,TRUE,28,55,3.21842,crossed
ISL,Iceland,1940,TRUE,28,55,3.0810800000000005,crossed
ISL,Iceland,1941,TRUE,28,55,3.17005,crossed
ISL,Iceland,1942,TRUE,29,55,3.0515100000000004,crossed
ISL,Iceland,1943,TRUE,29,55,3.0066100000000002,crossed
ISL,Iceland,1944,TRUE,29,55,2.9184599999999996,crossed
ISL,Iceland,1945,TRUE,31,55,2.746760000000001,crossed
ISL,Iceland,1946,TRUE,30,55,2.8033200000000003,crossed
ISL,Iceland,1947,TRUE,30,55,2.792379999999999,crossed
ISL,Iceland,1948,TRUE,30,55,2.7672100000000004,crossed
ISL,Iceland,1949,TRUE,30,55,2.7503299999999995,crossed
ISL,Iceland,1950,TRUE,31,55,2.6992399999999983,crossed
ISL,Iceland,1951,TRUE,31,55,2.686020000000001,crossed
ISL,Iceland,1952,TRUE,32,55,2.6456600000000003,crossed
ISL,Iceland,1953,TRUE,32,55,2.5701800000000006,crossed
ISL,Iceland,1954,TRUE,33,55,2.544609999999999,crossed
ISL,Iceland,1955,TRUE,33,55,2.54627,crossed
ISL,Iceland,1956,TRUE,34,55,2.50494,crossed
ISL,Iceland,1957,TRUE,34,55,2.5148200000000003,crossed
ISL,Iceland,1958,TRUE,34,55,2.5210499999999993,crossed
ISL,Iceland,1959,TRUE,34,55,2.50122,crossed
ISL,Iceland,1960,TRUE,34,55,2.524349999999999,crossed
ISL,Iceland,1961,TRUE,34,55,2.4999100000000007,crossed
ISL,Iceland,1962,TRUE,35,55,2.4359599999999997,crossed
ISL,Iceland,1963,TRUE,35,55,2.4414500000000006,crossed
ISL,Iceland,1964,TRUE,35,55,2.4069699999999994,crossed
ISL,Iceland,1965,TRUE,36,55,2.3481499999999995,crossed
ISL,Iceland,1966,TRUE,36,55,2.32562,crossed
ISL,Iceland,1967,TRUE,37,55,2.3004199999999995,crossed
ISL,Iceland,1968,TRUE,36,55,2.34531,crossed
ISL,Iceland,1969,TRUE,38,55,2.2608700000000006,crossed
ISL,Iceland,1970,TRUE,38,54,2.2248300000000003,crossed
ISL,Iceland,1971,TRUE,37,53,2.3099700000000007,crossed
ISL,Iceland,1972,TRUE,37,52,2.31329,crossed
ISL,Iceland,1973,TRUE,38,51,2.2629599999999996,crossed
ISL,Iceland,1974,TRUE,39,50,2.20065,crossed
ISL,Iceland,1975,TRUE,38,49,2.23408,crossed
ISL,Iceland,1976,TRUE,38,48,2.2676100000000017,crossed
ISL,Iceland,1977,TRUE,40,47,2.16788,crossed
ISL,Iceland,1978,TRUE,38,46,2.230819999999999,crossed
ISL,Iceland,1979,TRUE,38,45,2.2428399999999997,crossed
ISL,Iceland,1980,TRUE,39,44,2.1770300000000002,crossed
ISL,Iceland,1981,TRUE,39,43,2.1611700000000003,crossed
ISL,Iceland,1982,TRUE,41,42,2.0863600000000004,crossed
ISL,Iceland,1983,TRUE,40,41,2.0852100000000005,crossed
ISL,Iceland,1984,FALSE,NA,40,2.01572,censored
ISL,Iceland,1985,FALSE,NA,39,1.95633,censored
ISL,Iceland,1986,FALSE,NA,38,1.9150599999999995,censored
ISL,Iceland,1987,FALSE,NA,37,1.75125,censored
ISL,Iceland,1988,FALSE,NA,36,1.69906,censored
ISL,Iceland,1989,FALSE,NA,35,1.6102799999999997,censored
ISL,Iceland,1990,FALSE,NA,34,1.46401,censored
ISL,Iceland,1991,FALSE,NA,33,1.30215,censored
ISL,Iceland,1992,FALSE,NA,32,1.1868199999999998,censored
ISL,Iceland,1993,FALSE,NA,31,1.04858,censored
ISL,Iceland,1994,FALSE,NA,30,0.8524099999999999,censored
ISL,Iceland,1995,FALSE,NA,29,0.7166199999999999,censored
ISL,Iceland,1996,FALSE,NA,28,0.6227800000000001,censored
ISL,Iceland,1997,FALSE,NA,27,0.45688999999999996,censored
ISL,Iceland,1998,FALSE,NA,26,0.37272,censored
ISL,Iceland,1999,FALSE,NA,25,0.24435,censored
ISL,Iceland,2000,FALSE,NA,24,0.16586,censored
ISL,Iceland,2001,FALSE,NA,23,0.10343000000000001,censored
ISL,Iceland,2002,FALSE,NA,22,0.06552,censored
ISL,Iceland,2003,FALSE,NA,21,0.04121,censored
ISL,Iceland,2004,FALSE,NA,20,0.01507,censored
ISL,Iceland,2005,FALSE,NA,19,0.00753,censored
ISL,Iceland,2006,FALSE,NA,18,0.00218,censored
ISL,Iceland,2007,FALSE,NA,17,8.7e-4,censored
ISL,Iceland,2008,FALSE,NA,16,0,censored
ISL,Iceland,2009,FALSE,NA,15,0,censored
ISL,Iceland,2010,FALSE,NA,14,0,censored
ISL,Iceland,2011,FALSE,NA,13,0,censored
ITA,Italy,1915,TRUE,35,55,2.5388600000000023,crossed
ITA,Italy,1916,TRUE,36,55,2.5143299999999997,crossed
ITA,Italy,1917,TRUE,36,55,2.4879800000000003,crossed
ITA,Italy,1918,TRUE,36,55,2.4664800000000002,crossed
ITA,Italy,1919,TRUE,36,55,2.4419700000000013,crossed
ITA,Italy,1920,TRUE,37,55,2.38951,crossed
ITA,Italy,1921,TRUE,37,55,2.3560399999999992,crossed
ITA,Italy,1922,TRUE,37,55,2.31241,crossed
ITA,Italy,1923,TRUE,38,55,2.29273,crossed
ITA,Italy,1924,TRUE,38,55,2.29028,crossed
ITA,Italy,1925,TRUE,38,55,2.273630000000001,crossed
ITA,Italy,1926,TRUE,38,55,2.27235,crossed
ITA,Italy,1927,TRUE,38,55,2.2817999999999996,crossed
ITA,Italy,1928,TRUE,38,55,2.2939699999999994,crossed
ITA,Italy,1929,TRUE,38,55,2.2677399999999994,crossed
ITA,Italy,1930,TRUE,37,55,2.31581,crossed
ITA,Italy,1931,TRUE,37,55,2.3328000000000007,crossed
ITA,Italy,1932,TRUE,37,55,2.3080000000000007,crossed
ITA,Italy,1933,TRUE,36,55,2.336490000000001,crossed
ITA,Italy,1934,TRUE,36,55,2.3461,crossed
ITA,Italy,1935,TRUE,36,55,2.32911,crossed
ITA,Italy,1936,TRUE,36,55,2.2991,crossed
ITA,Italy,1937,TRUE,36,55,2.26054,crossed
ITA,Italy,1938,TRUE,36,55,2.255000000000001,crossed
ITA,Italy,1939,TRUE,36,55,2.21692,crossed
ITA,Italy,1940,TRUE,36,55,2.2117900000000006,crossed
ITA,Italy,1941,TRUE,37,55,2.165800000000001,crossed
ITA,Italy,1942,TRUE,37,55,2.145290000000001,crossed
ITA,Italy,1943,TRUE,37,55,2.15514,crossed
ITA,Italy,1944,TRUE,38,55,2.1218100000000004,crossed
ITA,Italy,1945,TRUE,42,55,2.06388,crossed
ITA,Italy,1946,TRUE,39,55,2.1002299999999994,crossed
ITA,Italy,1947,TRUE,44,55,2.05335,crossed
ITA,Italy,1948,FALSE,NA,55,1.9951400000000006,never
ITA,Italy,1949,FALSE,NA,55,1.94175,never
ITA,Italy,1950,FALSE,NA,55,1.9340100000000005,never
ITA,Italy,1951,FALSE,NA,55,1.9036500000000005,never
ITA,Italy,1952,FALSE,NA,55,1.8868899999999995,never
ITA,Italy,1953,FALSE,NA,55,1.8683,never
ITA,Italy,1954,FALSE,NA,55,1.861269999999999,never
ITA,Italy,1955,FALSE,NA,55,1.8386100000000003,never
ITA,Italy,1956,FALSE,NA,55,1.81172,never
ITA,Italy,1957,FALSE,NA,55,1.7832100000000002,never
ITA,Italy,1958,FALSE,NA,55,1.75669,never
ITA,Italy,1959,FALSE,NA,55,1.7273599999999998,never
ITA,Italy,1960,FALSE,NA,55,1.7108199999999998,never
ITA,Italy,1961,FALSE,NA,55,1.6768999999999996,never
ITA,Italy,1962,FALSE,NA,55,1.6404,never
ITA,Italy,1963,FALSE,NA,55,1.6230999999999998,never
ITA,Italy,1964,FALSE,NA,55,1.58923,never
ITA,Italy,1965,FALSE,NA,55,1.5612199999999998,never
ITA,Italy,1966,FALSE,NA,55,1.5384800000000003,never
ITA,Italy,1967,FALSE,NA,55,1.5315,never
ITA,Italy,1968,FALSE,NA,55,1.5218200000000004,never
ITA,Italy,1969,FALSE,NA,54,1.4969200000000005,never
ITA,Italy,1970,FALSE,NA,53,1.4915399999999994,never
ITA,Italy,1971,FALSE,NA,52,1.48141,never
ITA,Italy,1972,FALSE,NA,51,1.47422,never
ITA,Italy,1973,FALSE,NA,50,1.4577199999999997,never
ITA,Italy,1974,FALSE,NA,50,1.4466400000000004,never
ITA,Italy,1975,FALSE,NA,49,1.42931,never
ITA,Italy,1976,FALSE,NA,48,1.4332900000000002,never
ITA,Italy,1977,FALSE,NA,47,1.43576,never
ITA,Italy,1978,FALSE,NA,46,1.4306,never
ITA,Italy,1979,FALSE,NA,45,1.4280199999999998,never
ITA,Italy,1980,FALSE,NA,44,1.4330699999999996,never
ITA,Italy,1981,FALSE,NA,43,1.4184899999999998,censored
ITA,Italy,1982,FALSE,NA,42,1.4061699999999997,censored
ITA,Italy,1983,FALSE,NA,41,1.3699,censored
ITA,Italy,1984,FALSE,NA,40,1.3424300000000002,censored
ITA,Italy,1985,FALSE,NA,39,1.29098,censored
ITA,Italy,1986,FALSE,NA,38,1.2324600000000001,censored
ITA,Italy,1987,FALSE,NA,37,1.17189,censored
ITA,Italy,1988,FALSE,NA,36,1.0781699999999999,censored
ITA,Italy,1989,FALSE,NA,35,0.9722700000000002,censored
ITA,Italy,1990,FALSE,NA,34,0.8707100000000001,censored
ITA,Italy,1991,FALSE,NA,33,0.7603500000000001,censored
ITA,Italy,1992,FALSE,NA,32,0.6547399999999999,censored
ITA,Italy,1993,FALSE,NA,31,0.54825,censored
ITA,Italy,1994,FALSE,NA,30,0.4532,censored
ITA,Italy,1995,FALSE,NA,29,0.36637999999999993,censored
ITA,Italy,1996,FALSE,NA,28,0.29051,censored
ITA,Italy,1997,FALSE,NA,27,0.22207000000000002,censored
ITA,Italy,1998,FALSE,NA,26,0.17512999999999998,censored
ITA,Italy,1999,FALSE,NA,25,0.1276,censored
ITA,Italy,2000,FALSE,NA,24,0.09109,censored
ITA,Italy,2001,FALSE,NA,23,0.06326,censored
ITA,Italy,2002,FALSE,NA,22,0.040889999999999996,censored
ITA,Italy,2003,FALSE,NA,21,0.02511,censored
ITA,Italy,2004,FALSE,NA,20,0.014249999999999999,censored
ITA,Italy,2005,FALSE,NA,19,0.00678,censored
ITA,Italy,2006,FALSE,NA,18,0.00289,censored
ITA,Italy,2007,FALSE,NA,17,9.2e-4,censored
ITA,Italy,2008,FALSE,NA,16,1.1e-4,censored
ITA,Italy,2009,FALSE,NA,15,2e-5,censored
ITA,Italy,2010,FALSE,NA,14,1e-5,censored
JPN,Japan,1910,FALSE,NA,55,1.709706,never
JPN,Japan,1911,FALSE,NA,55,1.6920160000000002,never
JPN,Japan,1912,FALSE,NA,55,1.7142179999999998,never
JPN,Japan,1913,FALSE,NA,55,1.7581900000000004,never
JPN,Japan,1914,FALSE,NA,55,1.8118160000000003,never
JPN,Japan,1922,TRUE,40,55,2.068740000000001,crossed
JPN,Japan,1923,TRUE,36,55,2.1770199999999997,crossed
JPN,Japan,1924,TRUE,34,55,2.27218,crossed
JPN,Japan,1932,TRUE,38,55,2.09351,crossed
JPN,Japan,1933,TRUE,40,55,2.0689099999999994,crossed
JPN,Japan,1934,FALSE,NA,55,2.0163900000000003,never
JPN,Japan,1935,TRUE,40,55,2.0616199999999996,crossed
JPN,Japan,1936,FALSE,NA,55,2.0327800000000007,never
JPN,Japan,1937,TRUE,40,55,2.059999999999999,crossed
JPN,Japan,1938,FALSE,NA,55,2.0404299999999997,never
JPN,Japan,1939,FALSE,NA,55,2.0115200000000004,never
JPN,Japan,1940,FALSE,NA,55,2.0389600000000003,never
JPN,Japan,1941,TRUE,38,55,2.07868,crossed
JPN,Japan,1942,FALSE,NA,55,2.0417300000000007,never
JPN,Japan,1943,FALSE,NA,55,2.0447500000000005,never
JPN,Japan,1944,FALSE,NA,55,2.0389000000000004,never
JPN,Japan,1945,FALSE,NA,55,2.00877,never
JPN,Japan,1946,FALSE,NA,55,1.9334000000000002,never
JPN,Japan,1947,FALSE,NA,55,1.9815200000000006,never
JPN,Japan,1948,FALSE,NA,55,1.9883400000000004,never
JPN,Japan,1949,FALSE,NA,55,1.99703,never
JPN,Japan,1950,FALSE,NA,55,1.9891399999999995,never
JPN,Japan,1951,FALSE,NA,55,1.9546400000000006,never
JPN,Japan,1952,FALSE,NA,55,1.97866,never
JPN,Japan,1953,FALSE,NA,55,1.98866,never
JPN,Japan,1954,FALSE,NA,55,1.9888100000000006,never
JPN,Japan,1955,FALSE,NA,55,1.9815200000000002,never
JPN,Japan,1956,FALSE,NA,55,1.9719799999999998,never
JPN,Japan,1957,FALSE,NA,55,1.9226800000000002,never
JPN,Japan,1958,FALSE,NA,55,1.9200000000000006,never
JPN,Japan,1959,FALSE,NA,55,1.8940000000000001,never
JPN,Japan,1960,FALSE,NA,55,1.8463700000000005,never
JPN,Japan,1961,FALSE,NA,55,1.8070399999999993,never
JPN,Japan,1962,FALSE,NA,55,1.7630100000000004,never
JPN,Japan,1963,FALSE,NA,55,1.7221300000000002,never
JPN,Japan,1964,FALSE,NA,55,1.6798000000000008,never
JPN,Japan,1965,FALSE,NA,55,1.6900100000000005,never
JPN,Japan,1966,FALSE,NA,55,1.5557800000000002,never
JPN,Japan,1967,FALSE,NA,55,1.5157900000000002,never
JPN,Japan,1968,FALSE,NA,55,1.5707599999999997,never
JPN,Japan,1969,FALSE,NA,55,1.4990299999999999,never
JPN,Japan,1970,FALSE,NA,54,1.4790099999999997,never
JPN,Japan,1971,FALSE,NA,53,1.46118,never
JPN,Japan,1972,FALSE,NA,52,1.44993,never
JPN,Japan,1973,FALSE,NA,51,1.4408100000000001,never
JPN,Japan,1974,FALSE,NA,50,1.4443700000000002,never
JPN,Japan,1975,FALSE,NA,49,1.43174,never
JPN,Japan,1976,FALSE,NA,48,1.4346400000000001,never
JPN,Japan,1977,FALSE,NA,47,1.44595,never
JPN,Japan,1978,FALSE,NA,46,1.4623899999999999,never
JPN,Japan,1979,FALSE,NA,45,1.4762899999999999,never
JPN,Japan,1980,FALSE,NA,44,1.47827,never
JPN,Japan,1981,FALSE,NA,43,1.4717600000000002,censored
JPN,Japan,1982,FALSE,NA,42,1.48201,censored
JPN,Japan,1983,FALSE,NA,41,1.46271,censored
JPN,Japan,1984,FALSE,NA,40,1.4409,censored
JPN,Japan,1985,FALSE,NA,39,1.3899800000000002,censored
JPN,Japan,1986,FALSE,NA,38,1.3325300000000002,censored
JPN,Japan,1987,FALSE,NA,37,1.2570999999999999,censored
JPN,Japan,1988,FALSE,NA,36,1.17397,censored
JPN,Japan,1989,FALSE,NA,35,1.0784,censored
JPN,Japan,1990,FALSE,NA,34,0.96923,censored
JPN,Japan,1991,FALSE,NA,33,0.8633200000000001,censored
JPN,Japan,1992,FALSE,NA,32,0.75255,censored
JPN,Japan,1993,FALSE,NA,31,0.62878,censored
JPN,Japan,1994,FALSE,NA,30,0.52388,censored
JPN,Japan,1995,FALSE,NA,29,0.41356000000000004,censored
JPN,Japan,1996,FALSE,NA,28,0.31772,censored
JPN,Japan,1997,FALSE,NA,27,0.23683,censored
JPN,Japan,1998,FALSE,NA,26,0.17008,censored
JPN,Japan,1999,FALSE,NA,25,0.11577,censored
JPN,Japan,2000,FALSE,NA,24,0.07692,censored
JPN,Japan,2001,FALSE,NA,23,0.0496,censored
JPN,Japan,2002,FALSE,NA,22,0.030709999999999998,censored
JPN,Japan,2003,FALSE,NA,21,0.017730000000000003,censored
JPN,Japan,2004,FALSE,NA,20,0.00854,censored
JPN,Japan,2005,FALSE,NA,19,0.00385,censored
JPN,Japan,2006,FALSE,NA,18,0.00158,censored
JPN,Japan,2007,FALSE,NA,17,5.8e-4,censored
JPN,Japan,2008,FALSE,NA,16,1.7e-4,censored
JPN,Japan,2009,FALSE,NA,15,6e-5,censored
JPN,Japan,2010,FALSE,NA,14,1e-5,censored
JPN,Japan,2011,FALSE,NA,13,0,censored
KOR,Republic of Korea,1945,TRUE,29,55,3.28823,crossed
KOR,Republic of Korea,1946,TRUE,29,55,3.1556499999999996,crossed
KOR,Republic of Korea,1947,TRUE,29,55,3.0189399999999993,crossed
KOR,Republic of Korea,1948,TRUE,29,55,2.8885099999999997,crossed
KOR,Republic of Korea,1949,TRUE,29,55,2.7565399999999998,crossed
KOR,Republic of Korea,1950,TRUE,30,55,2.6254100000000005,crossed
KOR,Republic of Korea,1951,TRUE,30,55,2.5135,crossed
KOR,Republic of Korea,1952,TRUE,30,55,2.416350000000001,crossed
KOR,Republic of Korea,1953,TRUE,30,55,2.3330899999999994,crossed
KOR,Republic of Korea,1954,TRUE,31,55,2.2608200000000003,crossed
KOR,Republic of Korea,1955,TRUE,32,55,2.19383,crossed
KOR,Republic of Korea,1956,TRUE,35,55,2.1392599999999997,crossed
KOR,Republic of Korea,1957,TRUE,37,55,2.0949600000000004,crossed
KOR,Republic of Korea,1958,TRUE,42,55,2.05745,crossed
KOR,Republic of Korea,1959,FALSE,NA,55,2.0285300000000004,never
KOR,Republic of Korea,1960,FALSE,NA,55,2.0176600000000002,never
KOR,Republic of Korea,1961,FALSE,NA,55,2.0055500000000004,never
KOR,Republic of Korea,1962,FALSE,NA,55,2.0047300000000003,never
KOR,Republic of Korea,1963,FALSE,NA,55,1.99213,never
KOR,Republic of Korea,1964,FALSE,NA,55,1.9939899999999997,never
KOR,Republic of Korea,1965,FALSE,NA,55,1.9907100000000002,never
KOR,Republic of Korea,1966,FALSE,NA,55,1.9899600000000002,never
KOR,Republic of Korea,1967,FALSE,NA,55,1.95755,never
KOR,Republic of Korea,1968,FALSE,NA,55,1.9463799999999998,never
KOR,Republic of Korea,1969,FALSE,NA,55,1.8988199999999997,never
KOR,Republic of Korea,1970,FALSE,NA,54,1.8131600000000005,never
KOR,Republic of Korea,1971,FALSE,NA,53,1.7520699999999998,never
KOR,Republic of Korea,1972,FALSE,NA,52,1.7010800000000004,never
KOR,Republic of Korea,1973,FALSE,NA,51,1.6668000000000003,never
KOR,Republic of Korea,1974,FALSE,NA,50,1.6493899999999997,never
KOR,Republic of Korea,1975,FALSE,NA,49,1.60318,never
KOR,Republic of Korea,1976,FALSE,NA,48,1.5725100000000003,never
KOR,Republic of Korea,1977,FALSE,NA,47,1.5279899999999997,never
KOR,Republic of Korea,1978,FALSE,NA,46,1.5427400000000002,never
KOR,Republic of Korea,1979,FALSE,NA,45,1.4985799999999998,never
KOR,Republic of Korea,1980,FALSE,NA,44,1.4662799999999998,never
KOR,Republic of Korea,1981,FALSE,NA,43,1.36783,censored
KOR,Republic of Korea,1982,FALSE,NA,42,1.35588,censored
KOR,Republic of Korea,1983,FALSE,NA,41,1.2997800000000002,censored
KOR,Republic of Korea,1984,FALSE,NA,40,1.2336500000000001,censored
KOR,Republic of Korea,1985,FALSE,NA,39,1.1595000000000002,censored
KOR,Republic of Korea,1986,FALSE,NA,38,1.0773499999999998,censored
KOR,Republic of Korea,1987,FALSE,NA,37,0.9836299999999999,censored
KOR,Republic of Korea,1988,FALSE,NA,36,0.8774799999999999,censored
KOR,Republic of Korea,1989,FALSE,NA,35,0.73928,censored
KOR,Republic of Korea,1990,FALSE,NA,34,0.6151099999999999,censored
KOR,Republic of Korea,1991,FALSE,NA,33,0.4856600000000001,censored
KOR,Republic of Korea,1992,FALSE,NA,32,0.36874,censored
KOR,Republic of Korea,1993,FALSE,NA,31,0.2656,censored
KOR,Republic of Korea,1994,FALSE,NA,30,0.18751,censored
KOR,Republic of Korea,1995,FALSE,NA,29,0.13116999999999998,censored
KOR,Republic of Korea,1996,FALSE,NA,28,0.09012,censored
KOR,Republic of Korea,1997,FALSE,NA,27,0.0601,censored
KOR,Republic of Korea,1998,FALSE,NA,26,0.04239,censored
KOR,Republic of Korea,1999,FALSE,NA,25,0.029,censored
KOR,Republic of Korea,2000,FALSE,NA,24,0.01944,censored
KOR,Republic of Korea,2001,FALSE,NA,23,0.01312,censored
KOR,Republic of Korea,2002,FALSE,NA,22,0.00707,censored
KOR,Republic of Korea,2003,FALSE,NA,21,0.0034999999999999996,censored
KOR,Republic of Korea,2004,FALSE,NA,20,0.00183,censored
KOR,Republic of Korea,2005,FALSE,NA,19,9.500000000000001e-4,censored
KOR,Republic of Korea,2006,FALSE,NA,18,5e-4,censored
KOR,Republic of Korea,2007,FALSE,NA,17,1.7e-4,censored
KOR,Republic of Korea,2008,FALSE,NA,16,1e-4,censored
KOR,Republic of Korea,2009,FALSE,NA,15,3.0000000000000004e-5,censored
KOR,Republic of Korea,2010,FALSE,NA,14,0,censored
KOR,Republic of Korea,2011,FALSE,NA,13,0,censored
LTU,Lithuania,1944,FALSE,NA,55,1.9752900000000002,never
LTU,Lithuania,1945,FALSE,NA,55,1.9995899999999998,never
LTU,Lithuania,1946,FALSE,NA,55,1.9595399999999998,never
LTU,Lithuania,1947,FALSE,NA,55,2.018670000000001,never
LTU,Lithuania,1948,FALSE,NA,55,1.9767400000000002,never
LTU,Lithuania,1949,TRUE,40,55,2.09074,crossed
LTU,Lithuania,1950,FALSE,NA,55,2.0181099999999996,never
LTU,Lithuania,1951,FALSE,NA,55,2.0048200000000005,never
LTU,Lithuania,1952,FALSE,NA,55,1.99412,never
LTU,Lithuania,1953,FALSE,NA,55,1.9457499999999996,never
LTU,Lithuania,1954,FALSE,NA,55,1.9236699999999995,never
LTU,Lithuania,1955,FALSE,NA,55,1.9738800000000005,never
LTU,Lithuania,1956,FALSE,NA,55,1.9311699999999996,never
LTU,Lithuania,1957,FALSE,NA,55,1.98423,never
LTU,Lithuania,1958,FALSE,NA,55,1.99278,never
LTU,Lithuania,1959,FALSE,NA,55,1.9106099999999995,never
LTU,Lithuania,1960,FALSE,NA,55,1.94042,never
LTU,Lithuania,1961,FALSE,NA,55,1.8705900000000002,never
LTU,Lithuania,1962,FALSE,NA,55,1.7783899999999997,never
LTU,Lithuania,1963,FALSE,NA,55,1.74201,never
LTU,Lithuania,1964,FALSE,NA,55,1.73158,never
LTU,Lithuania,1965,FALSE,NA,55,1.72452,never
LTU,Lithuania,1966,FALSE,NA,54,1.7396,never
LTU,Lithuania,1967,FALSE,NA,53,1.7218900000000001,never
LTU,Lithuania,1968,FALSE,NA,52,1.7534,never
LTU,Lithuania,1969,FALSE,NA,51,1.7595400000000003,never
LTU,Lithuania,1970,FALSE,NA,50,1.7582600000000004,never
LTU,Lithuania,1971,FALSE,NA,49,1.74034,never
LTU,Lithuania,1972,FALSE,NA,49,1.7110699999999996,never
LTU,Lithuania,1973,FALSE,NA,49,1.6882700000000002,never
LTU,Lithuania,1974,FALSE,NA,49,1.7217100000000003,never
LTU,Lithuania,1975,FALSE,NA,49,1.7335900000000002,never
LTU,Lithuania,1976,FALSE,NA,48,1.7609599999999999,never
LTU,Lithuania,1977,FALSE,NA,47,1.7774500000000002,never
LTU,Lithuania,1978,FALSE,NA,46,1.7853800000000002,never
LTU,Lithuania,1979,FALSE,NA,45,1.8109000000000004,never
LTU,Lithuania,1980,FALSE,NA,44,1.8186700000000005,never
LTU,Lithuania,1981,FALSE,NA,43,1.7988099999999998,censored
LTU,Lithuania,1982,FALSE,NA,42,1.8049100000000002,censored
LTU,Lithuania,1983,FALSE,NA,41,1.78541,censored
LTU,Lithuania,1984,FALSE,NA,40,1.7771100000000002,censored
LTU,Lithuania,1985,FALSE,NA,39,1.7435500000000002,censored
LTU,Lithuania,1986,FALSE,NA,38,1.6651599999999998,censored
LTU,Lithuania,1987,FALSE,NA,37,1.59904,censored
LTU,Lithuania,1988,FALSE,NA,36,1.51837,censored
LTU,Lithuania,1989,FALSE,NA,35,1.4031500000000001,censored
LTU,Lithuania,1990,FALSE,NA,34,1.29243,censored
LTU,Lithuania,1991,FALSE,NA,33,1.14695,censored
LTU,Lithuania,1992,FALSE,NA,32,0.9922199999999998,censored
LTU,Lithuania,1993,FALSE,NA,31,0.86689,censored
LTU,Lithuania,1994,FALSE,NA,30,0.7351199999999999,censored
LTU,Lithuania,1995,FALSE,NA,29,0.61441,censored
LTU,Lithuania,1996,FALSE,NA,28,0.51807,censored
LTU,Lithuania,1997,FALSE,NA,27,0.41290000000000004,censored
LTU,Lithuania,1998,FALSE,NA,26,0.32567,censored
LTU,Lithuania,1999,FALSE,NA,25,0.24652999999999997,censored
LTU,Lithuania,2000,FALSE,NA,24,0.17880000000000001,censored
LTU,Lithuania,2001,FALSE,NA,23,0.11934999999999998,censored
LTU,Lithuania,2002,FALSE,NA,22,0.07818,censored
LTU,Lithuania,2003,FALSE,NA,21,0.04673,censored
LTU,Lithuania,2004,FALSE,NA,20,0.02821,censored
LTU,Lithuania,2005,FALSE,NA,19,0.017759999999999998,censored
LTU,Lithuania,2006,FALSE,NA,18,0.00985,censored
LTU,Lithuania,2007,FALSE,NA,17,0.004030000000000001,censored
LTU,Lithuania,2008,FALSE,NA,16,9.4e-4,censored
LVA,Latvia,1950,FALSE,NA,49,1.8447200000000004,never
LVA,Latvia,1951,FALSE,NA,49,1.853488,never
LVA,Latvia,1952,FALSE,NA,49,1.8578160000000001,never
LVA,Latvia,1953,FALSE,NA,50,1.86019,never
LVA,Latvia,1954,FALSE,NA,50,1.8635000000000002,never
LVA,Latvia,1955,FALSE,NA,50,1.8701100000000002,never
LVA,Latvia,1956,FALSE,NA,50,1.88036,never
LVA,Latvia,1957,FALSE,NA,50,1.89238,never
LVA,Latvia,1958,FALSE,NA,50,1.9035100000000003,never
LVA,Latvia,1959,FALSE,NA,50,1.9098700000000002,never
LVA,Latvia,1960,FALSE,NA,49,1.9096100000000005,never
LVA,Latvia,1961,FALSE,NA,48,1.9013499999999999,never
LVA,Latvia,1962,FALSE,NA,47,1.8852499999999996,never
LVA,Latvia,1963,FALSE,NA,46,1.8630600000000004,never
LVA,Latvia,1964,FALSE,NA,45,1.8360100000000001,never
LVA,Latvia,1965,FALSE,NA,44,1.80861,never
LVA,Latvia,1966,FALSE,NA,43,1.7844799999999998,censored
LVA,Latvia,1967,FALSE,NA,42,1.75895,censored
LVA,Latvia,1968,FALSE,NA,41,1.7328299999999999,censored
LVA,Latvia,1969,FALSE,NA,40,1.6998900000000003,censored
LVA,Latvia,1970,FALSE,NA,39,1.6546500000000004,censored
LVA,Latvia,1971,FALSE,NA,38,1.6002500000000006,censored
LVA,Latvia,1972,FALSE,NA,37,1.53822,censored
LVA,Latvia,1973,FALSE,NA,36,1.4702399999999998,censored
LVA,Latvia,1974,FALSE,NA,35,1.3894699999999998,censored
LVA,Latvia,1975,FALSE,NA,34,1.3059499999999997,censored
LVA,Latvia,1976,FALSE,NA,33,1.2146400000000002,censored
LVA,Latvia,1977,FALSE,NA,32,1.12102,censored
LVA,Latvia,1978,FALSE,NA,31,1.0230000000000001,censored
LVA,Latvia,1979,FALSE,NA,30,0.92643,censored
LVA,Latvia,1980,FALSE,NA,29,0.8284399999999998,censored
LVA,Latvia,1981,FALSE,NA,28,0.73012,censored
LVA,Latvia,1982,FALSE,NA,27,0.63005,censored
LVA,Latvia,1983,FALSE,NA,26,0.54096,censored
LVA,Latvia,1984,FALSE,NA,25,0.45059,censored
LVA,Latvia,1985,FALSE,NA,24,0.36912,censored
LVA,Latvia,1986,FALSE,NA,23,0.29179,censored
LVA,Latvia,1987,FALSE,NA,22,0.22956,censored
LVA,Latvia,1988,FALSE,NA,21,0.16543,censored
LVA,Latvia,1989,FALSE,NA,20,0.10968,censored
LVA,Latvia,1990,FALSE,NA,19,0.06362000000000001,censored
LVA,Latvia,1991,FALSE,NA,18,0.03214,censored
LVA,Latvia,1992,FALSE,NA,17,0.01184,censored
LVA,Latvia,1993,FALSE,NA,16,0.0027400000000000002,censored
LVA,Latvia,1994,FALSE,NA,15,2.8e-4,censored
MDA,Moldova,1964,TRUE,41,49,2.05979,crossed
MDA,Moldova,1965,FALSE,NA,49,1.9997200000000004,never
MDA,Moldova,1966,FALSE,NA,49,1.9669499999999998,never
MDA,Moldova,1967,FALSE,NA,49,1.9531100000000001,never
MDA,Moldova,1968,FALSE,NA,49,1.95284,never
MDA,Moldova,1969,FALSE,NA,49,1.9516999999999998,never
MDA,Moldova,1970,FALSE,NA,49,1.93393,never
MDA,Moldova,1971,FALSE,NA,49,1.8936699999999997,never
MDA,Moldova,1972,FALSE,NA,49,1.8344800000000001,never
MDA,Moldova,1973,FALSE,NA,49,1.7649900000000005,never
MDA,Moldova,1974,FALSE,NA,49,1.69833,never
MDA,Moldova,1975,FALSE,NA,49,1.6442800000000004,never
MDA,Moldova,1976,FALSE,NA,48,1.6058,never
MDA,Moldova,1977,FALSE,NA,47,1.58016,never
MDA,Moldova,1978,FALSE,NA,46,1.5644099999999994,never
MDA,Moldova,1979,FALSE,NA,45,1.5552599999999999,never
MDA,Moldova,1980,FALSE,NA,44,1.5508300000000002,never
MDA,Moldova,1981,FALSE,NA,43,1.55129,censored
MDA,Moldova,1982,FALSE,NA,42,1.5568499999999998,censored
MDA,Moldova,1983,FALSE,NA,41,1.5643500000000001,censored
MDA,Moldova,1984,FALSE,NA,40,1.57174,censored
MDA,Moldova,1985,FALSE,NA,39,1.5760500000000002,censored
MDA,Moldova,1986,FALSE,NA,38,1.5731799999999998,censored
MDA,Moldova,1987,FALSE,NA,37,1.5583900000000002,censored
MDA,Moldova,1988,FALSE,NA,36,1.52921,censored
MDA,Moldova,1989,FALSE,NA,35,1.48634,censored
MDA,Moldova,1990,FALSE,NA,34,1.4323800000000002,censored
MDA,Moldova,1991,FALSE,NA,33,1.3695600000000001,censored
MDA,Moldova,1992,FALSE,NA,32,1.30097,censored
MDA,Moldova,1993,FALSE,NA,31,1.22811,censored
MDA,Moldova,1994,FALSE,NA,30,1.15073,censored
MDA,Moldova,1995,FALSE,NA,29,1.0682699999999998,censored
MDA,Moldova,1996,FALSE,NA,28,0.97768,censored
MDA,Moldova,1997,FALSE,NA,27,0.8781,censored
MDA,Moldova,1998,FALSE,NA,26,0.76893,censored
MDA,Moldova,1999,FALSE,NA,25,0.65068,censored
MDA,Moldova,2000,FALSE,NA,24,0.52826,censored
MDA,Moldova,2001,FALSE,NA,23,0.41086,censored
MDA,Moldova,2002,FALSE,NA,22,0.30004000000000003,censored
MDA,Moldova,2003,FALSE,NA,21,0.2011,censored
MDA,Moldova,2004,FALSE,NA,20,0.12014000000000001,censored
MDA,Moldova,2005,FALSE,NA,19,0.061840000000000006,censored
MDA,Moldova,2006,FALSE,NA,18,0.02548,censored
MDA,Moldova,2007,FALSE,NA,17,0.0078,censored
MDA,Moldova,2008,FALSE,NA,16,0.0018600000000000001,censored
MKD,Macedonia,1935,TRUE,29,50,3.294470000000001,crossed
MKD,Macedonia,1936,TRUE,29,50,3.220830000000001,crossed
MKD,Macedonia,1937,TRUE,29,50,3.1659000000000006,crossed
MKD,Macedonia,1938,TRUE,29,50,3.0760700000000005,crossed
MKD,Macedonia,1939,TRUE,29,50,3.1126200000000006,crossed
MKD,Macedonia,1940,TRUE,29,50,3.0864399999999996,crossed
MKD,Macedonia,1941,TRUE,29,50,3.0211200000000002,crossed
MKD,Macedonia,1942,TRUE,29,50,2.8780099999999997,crossed
MKD,Macedonia,1943,TRUE,29,50,2.8189100000000007,crossed
MKD,Macedonia,1944,TRUE,29,50,2.77462,crossed
MKD,Macedonia,1945,TRUE,30,50,2.6698199999999996,crossed
MKD,Macedonia,1946,TRUE,30,50,2.5935099999999998,crossed
MKD,Macedonia,1947,TRUE,30,50,2.5732800000000005,crossed
MKD,Macedonia,1948,TRUE,30,50,2.55585,crossed
MKD,Macedonia,1949,TRUE,31,50,2.4611199999999993,crossed
MKD,Macedonia,1950,TRUE,32,50,2.3820299999999994,crossed
MKD,Macedonia,1951,TRUE,33,50,2.322110000000001,crossed
MKD,Macedonia,1952,TRUE,33,50,2.29538,crossed
MKD,Macedonia,1953,TRUE,33,50,2.2995,crossed
MKD,Macedonia,1954,TRUE,32,50,2.33395,crossed
MKD,Macedonia,1955,TRUE,33,49,2.2893799999999995,crossed
MKD,Macedonia,1956,TRUE,33,49,2.28206,crossed
MKD,Macedonia,1957,TRUE,33,49,2.26766,crossed
MKD,Macedonia,1958,TRUE,33,49,2.279629999999999,crossed
MKD,Macedonia,1959,TRUE,33,49,2.2794000000000003,crossed
MKD,Macedonia,1960,TRUE,33,49,2.28534,crossed
MKD,Macedonia,1961,TRUE,33,49,2.27952,crossed
MKD,Macedonia,1962,TRUE,33,49,2.260430000000001,crossed
MKD,Macedonia,1963,TRUE,34,49,2.2358,crossed
MKD,Macedonia,1964,TRUE,34,49,2.2226200000000005,crossed
MKD,Macedonia,1965,TRUE,34,49,2.22113,crossed
MKD,Macedonia,1966,TRUE,34,49,2.2223799999999994,crossed
MKD,Macedonia,1967,TRUE,34,49,2.22436,crossed
MKD,Macedonia,1968,TRUE,34,49,2.22098,crossed
MKD,Macedonia,1969,TRUE,35,49,2.2083399999999997,crossed
MKD,Macedonia,1970,TRUE,36,49,2.181999999999999,crossed
MKD,Macedonia,1971,TRUE,36,49,2.1584299999999996,crossed
MKD,Macedonia,1972,TRUE,38,49,2.1281399999999997,crossed
MKD,Macedonia,1973,TRUE,39,49,2.1044299999999994,crossed
MKD,Macedonia,1974,TRUE,42,49,2.07168,crossed
MKD,Macedonia,1975,FALSE,NA,49,2.03765,never
MKD,Macedonia,1976,FALSE,NA,48,1.9976900000000002,never
MKD,Macedonia,1977,FALSE,NA,47,1.9548099999999997,never
MKD,Macedonia,1978,FALSE,NA,46,1.9079899999999996,never
MKD,Macedonia,1979,FALSE,NA,45,1.8590200000000001,never
MKD,Macedonia,1980,FALSE,NA,44,1.80685,never
MKD,Macedonia,1981,FALSE,NA,43,1.7579200000000001,censored
MKD,Macedonia,1982,FALSE,NA,42,1.7107099999999997,censored
MKD,Macedonia,1983,FALSE,NA,41,1.6637599999999997,censored
MKD,Macedonia,1984,FALSE,NA,40,1.6180499999999995,censored
MKD,Macedonia,1985,FALSE,NA,39,1.57274,censored
MKD,Macedonia,1986,FALSE,NA,38,1.5258400000000003,censored
MKD,Macedonia,1987,FALSE,NA,37,1.4753600000000002,censored
MKD,Macedonia,1988,FALSE,NA,36,1.4192099999999999,censored
MKD,Macedonia,1989,FALSE,NA,35,1.3551200000000003,censored
MKD,Macedonia,1990,FALSE,NA,34,1.28322,censored
MKD,Macedonia,1991,FALSE,NA,33,1.2013199999999997,censored
MKD,Macedonia,1992,FALSE,NA,32,1.1108500000000001,censored
MKD,Macedonia,1993,FALSE,NA,31,1.0112799999999997,censored
MKD,Macedonia,1994,FALSE,NA,30,0.9054000000000001,censored
MKD,Macedonia,1995,FALSE,NA,29,0.7955099999999999,censored
MKD,Macedonia,1996,FALSE,NA,28,0.6843400000000001,censored
MKD,Macedonia,1997,FALSE,NA,27,0.57555,censored
MKD,Macedonia,1998,FALSE,NA,26,0.47151,censored
MKD,Macedonia,1999,FALSE,NA,25,0.37574,censored
MKD,Macedonia,2000,FALSE,NA,24,0.29073,censored
MKD,Macedonia,2001,FALSE,NA,23,0.21853999999999998,censored
MKD,Macedonia,2002,FALSE,NA,22,0.15733000000000003,censored
MKD,Macedonia,2003,FALSE,NA,21,0.10679,censored
MKD,Macedonia,2004,FALSE,NA,20,0.06789,censored
MKD,Macedonia,2005,FALSE,NA,19,0.03941,censored
MKD,Macedonia,2006,FALSE,NA,18,0.01994,censored
MKD,Macedonia,2007,FALSE,NA,17,0.00827,censored
MKD,Macedonia,2008,FALSE,NA,16,0.00225,censored
NLD,Netherlands,1891,FALSE,NA,50,0.39015750000000005,never
NLD,Netherlands,1892,FALSE,NA,50,0.4682525,never
NLD,Netherlands,1893,FALSE,NA,50,0.5570325000000002,never
NLD,Netherlands,1915,TRUE,34,55,3.0029075,crossed
NLD,Netherlands,1916,TRUE,34,55,3.0080700000000005,crossed
NLD,Netherlands,1917,TRUE,34,55,2.99957,crossed
NLD,Netherlands,1918,TRUE,34,55,2.9802499999999994,crossed
NLD,Netherlands,1919,TRUE,34,55,2.9640750000000002,crossed
NLD,Netherlands,1920,TRUE,34,55,2.9239200000000003,crossed
NLD,Netherlands,1921,TRUE,34,55,2.88633,crossed
NLD,Netherlands,1922,TRUE,34,55,2.86594,crossed
NLD,Netherlands,1923,TRUE,34,55,2.84056,crossed
NLD,Netherlands,1924,TRUE,34,55,2.79571,crossed
NLD,Netherlands,1925,TRUE,34,55,2.76548,crossed
NLD,Netherlands,1926,TRUE,34,55,2.7301100000000003,crossed
NLD,Netherlands,1927,TRUE,34,55,2.718810000000001,crossed
NLD,Netherlands,1928,TRUE,34,55,2.7057600000000006,crossed
NLD,Netherlands,1929,TRUE,34,55,2.6864799999999995,crossed
NLD,Netherlands,1930,TRUE,33,55,2.6791799999999997,crossed
NLD,Netherlands,1931,TRUE,33,55,2.669899999999999,crossed
NLD,Netherlands,1932,TRUE,33,55,2.64665,crossed
NLD,Netherlands,1933,TRUE,33,55,2.6080500000000018,crossed
NLD,Netherlands,1934,TRUE,33,55,2.56384,crossed
NLD,Netherlands,1935,TRUE,33,55,2.5113700000000003,crossed
NLD,Netherlands,1936,TRUE,33,55,2.46942,crossed
NLD,Netherlands,1937,TRUE,33,55,2.4149099999999994,crossed
NLD,Netherlands,1938,TRUE,33,55,2.352789999999999,crossed
NLD,Netherlands,1939,TRUE,33,55,2.2961600000000004,crossed
NLD,Netherlands,1940,TRUE,34,55,2.2505399999999987,crossed
NLD,Netherlands,1941,TRUE,34,55,2.191739999999999,crossed
NLD,Netherlands,1942,TRUE,36,55,2.1511200000000006,crossed
NLD,Netherlands,1943,TRUE,37,55,2.11292,crossed
NLD,Netherlands,1944,TRUE,41,55,2.0655600000000014,crossed
NLD,Netherlands,1945,FALSE,NA,55,2.00729,never
NLD,Netherlands,1946,FALSE,NA,55,1.96647,never
NLD,Netherlands,1947,FALSE,NA,55,1.9383700000000006,never
NLD,Netherlands,1948,FALSE,NA,55,1.9160599999999994,never
NLD,Netherlands,1949,FALSE,NA,55,1.9043200000000002,never
NLD,Netherlands,1950,FALSE,NA,55,1.9038999999999997,never
NLD,Netherlands,1951,FALSE,NA,55,1.8801100000000004,never
NLD,Netherlands,1952,FALSE,NA,55,1.8762899999999996,never
NLD,Netherlands,1953,FALSE,NA,55,1.8753300000000002,never
NLD,Netherlands,1954,FALSE,NA,55,1.8717100000000004,never
NLD,Netherlands,1955,FALSE,NA,55,1.8811300000000002,never
NLD,Netherlands,1956,FALSE,NA,55,1.86663,never
NLD,Netherlands,1957,FALSE,NA,55,1.8734900000000005,never
NLD,Netherlands,1958,FALSE,NA,55,1.87138,never
NLD,Netherlands,1959,FALSE,NA,55,1.85414,never
NLD,Netherlands,1960,FALSE,NA,55,1.8709600000000002,never
NLD,Netherlands,1961,FALSE,NA,55,1.83794,never
NLD,Netherlands,1962,FALSE,NA,55,1.83397,never
NLD,Netherlands,1963,FALSE,NA,55,1.8197900000000005,never
NLD,Netherlands,1964,FALSE,NA,55,1.80248,never
NLD,Netherlands,1965,FALSE,NA,55,1.7905200000000006,never
NLD,Netherlands,1966,FALSE,NA,55,1.7811700000000004,never
NLD,Netherlands,1967,FALSE,NA,55,1.7684600000000001,never
NLD,Netherlands,1968,FALSE,NA,55,1.76581,never
NLD,Netherlands,1969,FALSE,NA,54,1.7616,never
NLD,Netherlands,1970,FALSE,NA,53,1.76096,never
NLD,Netherlands,1971,FALSE,NA,52,1.75379,never
NLD,Netherlands,1972,FALSE,NA,51,1.7621600000000004,never
NLD,Netherlands,1973,FALSE,NA,50,1.7615500000000004,never
NLD,Netherlands,1974,FALSE,NA,49,1.7798500000000002,never
NLD,Netherlands,1975,FALSE,NA,48,1.7747,never
NLD,Netherlands,1976,FALSE,NA,47,1.7856599999999998,never
NLD,Netherlands,1977,FALSE,NA,46,1.78901,never
NLD,Netherlands,1978,FALSE,NA,45,1.7906600000000001,never
NLD,Netherlands,1979,FALSE,NA,44,1.7878000000000003,never
NLD,Netherlands,1980,FALSE,NA,43,1.80116,censored
NLD,Netherlands,1981,FALSE,NA,42,1.7853800000000002,censored
NLD,Netherlands,1982,FALSE,NA,41,1.7744900000000001,censored
NLD,Netherlands,1983,FALSE,NA,40,1.7588299999999994,censored
NLD,Netherlands,1984,FALSE,NA,39,1.70654,censored
NLD,Netherlands,1985,FALSE,NA,38,1.64141,censored
NLD,Netherlands,1986,FALSE,NA,37,1.56829,censored
NLD,Netherlands,1987,FALSE,NA,36,1.4734,censored
NLD,Netherlands,1988,FALSE,NA,35,1.34936,censored
NLD,Netherlands,1989,FALSE,NA,34,1.21306,censored
NLD,Netherlands,1990,FALSE,NA,33,1.0723300000000002,censored
NLD,Netherlands,1991,FALSE,NA,32,0.91246,censored
NLD,Netherlands,1992,FALSE,NA,31,0.75213,censored
NLD,Netherlands,1993,FALSE,NA,30,0.60405,censored
NLD,Netherlands,1994,FALSE,NA,29,0.4707300000000001,censored
NLD,Netherlands,1995,FALSE,NA,28,0.35663999999999996,censored
NLD,Netherlands,1996,FALSE,NA,27,0.26112,censored
NLD,Netherlands,1997,FALSE,NA,26,0.17933,censored
NLD,Netherlands,1998,FALSE,NA,25,0.12591999999999998,censored
NLD,Netherlands,1999,FALSE,NA,24,0.08263999999999999,censored
NLD,Netherlands,2000,FALSE,NA,23,0.05452,censored
NLD,Netherlands,2001,FALSE,NA,22,0.03327,censored
NLD,Netherlands,2002,FALSE,NA,21,0.01881,censored
NLD,Netherlands,2003,FALSE,NA,20,0.009940000000000001,censored
NLD,Netherlands,2004,FALSE,NA,19,0.00487,censored
NLD,Netherlands,2005,FALSE,NA,18,0.00219,censored
NLD,Netherlands,2006,FALSE,NA,17,6.500000000000001e-4,censored
NLD,Netherlands,2007,FALSE,NA,16,3.1e-4,censored
NLD,Netherlands,2008,FALSE,NA,15,6e-5,censored
NLD,Netherlands,2009,FALSE,NA,14,1e-5,censored
NLD,Netherlands,2010,FALSE,NA,13,0,censored
NOR,Norway,1931,TRUE,34,55,2.495569999999999,crossed
NOR,Norway,1932,TRUE,33,55,2.5406800000000005,crossed
NOR,Norway,1933,TRUE,33,55,2.5699699999999996,crossed
NOR,Norway,1934,TRUE,32,55,2.5857699999999997,crossed
NOR,Norway,1935,TRUE,32,55,2.5899900000000007,crossed
NOR,Norway,1936,TRUE,32,55,2.58016,crossed
NOR,Norway,1937,TRUE,31,55,2.5661599999999996,crossed
NOR,Norway,1938,TRUE,31,55,2.53304,crossed
NOR,Norway,1939,TRUE,31,55,2.49393,crossed
NOR,Norway,1940,TRUE,31,55,2.4807899999999994,crossed
NOR,Norway,1941,TRUE,32,55,2.39792,crossed
NOR,Norway,1942,TRUE,32,55,2.3696700000000006,crossed
NOR,Norway,1943,TRUE,33,55,2.2968499999999996,crossed
NOR,Norway,1944,TRUE,34,55,2.2451,crossed
NOR,Norway,1945,TRUE,34,55,2.22051,crossed
NOR,Norway,1946,TRUE,35,55,2.1803000000000003,crossed
NOR,Norway,1947,TRUE,36,55,2.173539999999999,crossed
NOR,Norway,1948,TRUE,36,55,2.1485,crossed
NOR,Norway,1949,TRUE,37,55,2.12682,crossed
NOR,Norway,1950,TRUE,39,55,2.1038300000000003,crossed
NOR,Norway,1951,TRUE,40,55,2.0884300000000002,crossed
NOR,Norway,1952,TRUE,42,55,2.0602600000000013,crossed
NOR,Norway,1953,TRUE,44,55,2.0548000000000006,crossed
NOR,Norway,1954,FALSE,NA,55,2.039449999999999,never
NOR,Norway,1955,FALSE,NA,55,2.0456300000000005,never
NOR,Norway,1956,TRUE,48,55,2.050160000000001,crossed
NOR,Norway,1957,TRUE,43,55,2.0593300000000005,crossed
NOR,Norway,1958,TRUE,42,55,2.0697300000000003,crossed
NOR,Norway,1959,TRUE,41,55,2.07343,crossed
NOR,Norway,1960,TRUE,40,55,2.0916500000000005,crossed
NOR,Norway,1961,TRUE,41,55,2.081349999999999,crossed
NOR,Norway,1962,TRUE,40,55,2.102210000000001,crossed
NOR,Norway,1963,TRUE,41,55,2.0829000000000004,crossed
NOR,Norway,1964,TRUE,41,55,2.0865199999999993,crossed
NOR,Norway,1965,TRUE,43,55,2.0653399999999995,crossed
NOR,Norway,1966,TRUE,42,55,2.08022,crossed
NOR,Norway,1967,TRUE,42,55,2.0727600000000006,crossed
NOR,Norway,1968,TRUE,42,55,2.079350000000001,crossed
NOR,Norway,1969,TRUE,42,55,2.07219,crossed
NOR,Norway,1970,TRUE,44,54,2.0603800000000003,crossed
NOR,Norway,1971,TRUE,43,53,2.0642300000000002,crossed
NOR,Norway,1972,FALSE,NA,52,2.0364,never
NOR,Norway,1973,FALSE,NA,51,2.0355800000000004,never
NOR,Norway,1974,FALSE,NA,50,2.0360800000000006,never
NOR,Norway,1975,FALSE,NA,49,2.02491,never
NOR,Norway,1976,FALSE,NA,48,2.0275000000000003,never
NOR,Norway,1977,FALSE,NA,47,2.0124799999999996,never
NOR,Norway,1978,FALSE,NA,46,1.9962599999999995,never
NOR,Norway,1979,FALSE,NA,45,1.97656,never
NOR,Norway,1980,FALSE,NA,44,1.9540199999999996,never
NOR,Norway,1981,FALSE,NA,43,1.9222,censored
NOR,Norway,1982,FALSE,NA,42,1.9164799999999997,censored
NOR,Norway,1983,FALSE,NA,41,1.8549299999999997,censored
NOR,Norway,1984,FALSE,NA,40,1.8331499999999998,censored
NOR,Norway,1985,FALSE,NA,39,1.7703399999999996,censored
NOR,Norway,1986,FALSE,NA,38,1.71136,censored
NOR,Norway,1987,FALSE,NA,37,1.63874,censored
NOR,Norway,1988,FALSE,NA,36,1.5310300000000001,censored
NOR,Norway,1989,FALSE,NA,35,1.4138600000000001,censored
NOR,Norway,1990,FALSE,NA,34,1.27519,censored
NOR,Norway,1991,FALSE,NA,33,1.1361599999999998,censored
NOR,Norway,1992,FALSE,NA,32,0.9674099999999999,censored
NOR,Norway,1993,FALSE,NA,31,0.81535,censored
NOR,Norway,1994,FALSE,NA,30,0.6654699999999999,censored
NOR,Norway,1995,FALSE,NA,29,0.5236399999999999,censored
NOR,Norway,1996,FALSE,NA,28,0.39245,censored
NOR,Norway,1997,FALSE,NA,27,0.2878,censored
NOR,Norway,1998,FALSE,NA,26,0.19230999999999998,censored
NOR,Norway,1999,FALSE,NA,25,0.13005,censored
NOR,Norway,2000,FALSE,NA,24,0.08337,censored
NOR,Norway,2001,FALSE,NA,23,0.051449999999999996,censored
NOR,Norway,2002,FALSE,NA,22,0.03012,censored
NOR,Norway,2003,FALSE,NA,21,0.01564,censored
NOR,Norway,2004,FALSE,NA,20,0.007379999999999999,censored
NOR,Norway,2005,FALSE,NA,19,0.0024000000000000002,censored
NOR,Norway,2006,FALSE,NA,18,9.499999999999999e-4,censored
NOR,Norway,2007,FALSE,NA,17,2.2e-4,censored
NOR,Norway,2008,FALSE,NA,16,3e-5,censored
NOR,Norway,2009,FALSE,NA,15,0,censored
NOR,Norway,2010,FALSE,NA,14,0,censored
NOR,Norway,2011,FALSE,NA,13,0,censored
NZL,New Zealand,1922,TRUE,31,50,3.2071600000000005,crossed
NZL,New Zealand,1923,TRUE,31,50,3.209459999999999,crossed
NZL,New Zealand,1924,TRUE,31,50,3.280789999999999,crossed
NZL,New Zealand,1925,TRUE,30,50,3.38152,crossed
NZL,New Zealand,1926,TRUE,30,50,3.4483800000000002,crossed
NZL,New Zealand,1927,TRUE,29,50,3.4568399999999997,crossed
NZL,New Zealand,1928,TRUE,29,50,3.4815000000000005,crossed
NZL,New Zealand,1929,TRUE,29,50,3.5202199999999997,crossed
NZL,New Zealand,1930,TRUE,29,50,3.61603,crossed
NZL,New Zealand,1931,TRUE,28,50,3.6501,crossed
NZL,New Zealand,1932,TRUE,28,50,3.5862100000000003,crossed
NZL,New Zealand,1933,TRUE,28,50,3.5361500000000006,crossed
NZL,New Zealand,1934,TRUE,28,50,3.51163,crossed
NZL,New Zealand,1935,TRUE,28,50,3.46091,crossed
NZL,New Zealand,1936,TRUE,27,50,3.43691,crossed
NZL,New Zealand,1937,TRUE,27,50,3.389229999999999,crossed
NZL,New Zealand,1938,TRUE,27,50,3.3067100000000003,crossed
NZL,New Zealand,1939,TRUE,28,50,3.2310700000000003,crossed
NZL,New Zealand,1940,TRUE,28,50,3.12214,crossed
NZL,New Zealand,1941,TRUE,28,50,3.076719999999999,crossed
NZL,New Zealand,1942,TRUE,28,50,3.0590600000000006,crossed
NZL,New Zealand,1943,TRUE,28,50,2.8832200000000006,crossed
NZL,New Zealand,1944,TRUE,28,50,2.8866199999999997,crossed
NZL,New Zealand,1945,TRUE,28,50,2.81378,crossed
NZL,New Zealand,1946,TRUE,29,50,2.63454,crossed
NZL,New Zealand,1947,TRUE,29,50,2.7199899999999997,crossed
NZL,New Zealand,1948,TRUE,29,50,2.659710000000001,crossed
NZL,New Zealand,1949,TRUE,30,50,2.60652,crossed
NZL,New Zealand,1950,TRUE,30,50,2.5939900000000002,crossed
NZL,New Zealand,1951,TRUE,31,50,2.5367999999999995,crossed
NZL,New Zealand,1952,TRUE,31,50,2.5138299999999996,crossed
NZL,New Zealand,1953,TRUE,32,50,2.5143499999999985,crossed
NZL,New Zealand,1954,TRUE,32,50,2.5040499999999986,crossed
NZL,New Zealand,1955,TRUE,33,50,2.47134,crossed
NZL,New Zealand,1956,TRUE,33,50,2.47157,crossed
NZL,New Zealand,1957,TRUE,34,50,2.43775,crossed
NZL,New Zealand,1958,TRUE,34,50,2.39956,crossed
NZL,New Zealand,1959,TRUE,34,50,2.42407,crossed
NZL,New Zealand,1960,TRUE,35,50,2.37518,crossed
NZL,New Zealand,1961,TRUE,35,50,2.3628399999999994,crossed
NZL,New Zealand,1962,TRUE,36,50,2.3386600000000004,crossed
NZL,New Zealand,1963,TRUE,36,50,2.3201600000000004,crossed
NZL,New Zealand,1964,TRUE,37,50,2.2915700000000006,crossed
NZL,New Zealand,1965,TRUE,37,50,2.2707300000000004,crossed
NZL,New Zealand,1966,TRUE,38,50,2.2437400000000003,crossed
NZL,New Zealand,1967,TRUE,38,50,2.2572000000000005,crossed
NZL,New Zealand,1968,TRUE,38,50,2.2361799999999996,crossed
NZL,New Zealand,1969,TRUE,39,50,2.2068900000000005,crossed
NZL,New Zealand,1970,TRUE,39,50,2.17351,crossed
NZL,New Zealand,1971,TRUE,40,50,2.1680899999999994,crossed
NZL,New Zealand,1972,TRUE,39,50,2.1725800000000004,crossed
NZL,New Zealand,1973,TRUE,39,50,2.1742600000000003,crossed
NZL,New Zealand,1974,TRUE,40,50,2.17272,crossed
NZL,New Zealand,1975,TRUE,40,50,2.1529800000000003,crossed
NZL,New Zealand,1976,TRUE,40,49,2.1368599999999995,crossed
NZL,New Zealand,1977,TRUE,40,48,2.142610000000001,crossed
NZL,New Zealand,1978,TRUE,40,47,2.1309299999999993,crossed
NZL,New Zealand,1979,TRUE,41,46,2.103729999999999,crossed
NZL,New Zealand,1980,TRUE,42,45,2.0869400000000002,crossed
NZL,New Zealand,1981,FALSE,NA,44,2.03396,never
NZL,New Zealand,1982,FALSE,NA,43,2.01491,censored
NZL,New Zealand,1983,FALSE,NA,42,1.9643300000000001,censored
NZL,New Zealand,1984,FALSE,NA,41,1.9456700000000002,censored
NZL,New Zealand,1985,FALSE,NA,40,1.91808,censored
NZL,New Zealand,1986,FALSE,NA,39,1.86292,censored
NZL,New Zealand,1987,FALSE,NA,38,1.8259299999999998,censored
NZL,New Zealand,1988,FALSE,NA,37,1.7255900000000004,censored
NZL,New Zealand,1989,FALSE,NA,36,1.63223,censored
NZL,New Zealand,1990,FALSE,NA,35,1.5018299999999998,censored
NZL,New Zealand,1991,FALSE,NA,34,1.3574699999999997,censored
NZL,New Zealand,1992,FALSE,NA,33,1.22673,censored
NZL,New Zealand,1993,FALSE,NA,32,1.08532,censored
NZL,New Zealand,1994,FALSE,NA,31,0.94292,censored
NZL,New Zealand,1995,FALSE,NA,30,0.80937,censored
NZL,New Zealand,1996,FALSE,NA,29,0.68232,censored
NZL,New Zealand,1997,FALSE,NA,28,0.5654899999999999,censored
NZL,New Zealand,1998,FALSE,NA,27,0.46582000000000007,censored
NZL,New Zealand,1999,FALSE,NA,26,0.37914,censored
NZL,New Zealand,2000,FALSE,NA,25,0.30382,censored
NZL,New Zealand,2001,FALSE,NA,24,0.23722,censored
NZL,New Zealand,2002,FALSE,NA,23,0.17662,censored
NZL,New Zealand,2003,FALSE,NA,22,0.12884,censored
NZL,New Zealand,2004,FALSE,NA,21,0.08929999999999999,censored
NZL,New Zealand,2005,FALSE,NA,20,0.05375,censored
NZL,New Zealand,2006,FALSE,NA,19,0.0308,censored
NZL,New Zealand,2007,FALSE,NA,18,0.012199999999999999,censored
NZL,New Zealand,2008,FALSE,NA,17,0.0054199999999999995,censored
NZL,New Zealand,2009,FALSE,NA,16,0.00168,censored
NZL,New Zealand,2010,FALSE,NA,15,3.5e-4,censored
POL,Poland,1933,TRUE,30,55,2.747135,crossed
POL,Poland,1934,TRUE,31,55,2.679883333333333,crossed
POL,Poland,1935,TRUE,31,55,2.616393333333333,crossed
POL,Poland,1936,TRUE,31,55,2.5674200000000003,crossed
POL,Poland,1937,TRUE,31,55,2.528713333333334,crossed
POL,Poland,1938,TRUE,32,55,2.5008500000000002,crossed
POL,Poland,1939,TRUE,32,55,2.4701500000000007,crossed
POL,Poland,1940,TRUE,33,55,2.43982,crossed
POL,Poland,1941,TRUE,33,55,2.38699,crossed
POL,Poland,1942,TRUE,34,55,2.335690000000001,crossed
POL,Poland,1943,TRUE,34,55,2.2843,crossed
POL,Poland,1944,TRUE,35,55,2.28556,crossed
POL,Poland,1945,TRUE,36,55,2.1955599999999995,crossed
POL,Poland,1946,TRUE,37,55,2.1648499999999995,crossed
POL,Poland,1947,TRUE,37,55,2.1581499999999996,crossed
POL,Poland,1948,TRUE,37,55,2.1669199999999997,crossed
POL,Poland,1949,TRUE,36,55,2.1875900000000006,crossed
POL,Poland,1950,TRUE,36,55,2.19895,crossed
POL,Poland,1951,TRUE,36,55,2.1993700000000005,crossed
POL,Poland,1952,TRUE,36,55,2.2035100000000005,crossed
POL,Poland,1953,TRUE,37,55,2.153210000000001,crossed
POL,Poland,1954,TRUE,36,55,2.18129,crossed
POL,Poland,1955,TRUE,36,55,2.1691100000000003,crossed
POL,Poland,1956,TRUE,36,55,2.18541,crossed
POL,Poland,1957,TRUE,36,55,2.18475,crossed
POL,Poland,1958,TRUE,35,55,2.20706,crossed
POL,Poland,1959,TRUE,35,55,2.2144900000000005,crossed
POL,Poland,1960,TRUE,35,55,2.203870000000001,crossed
POL,Poland,1961,TRUE,37,55,2.1444499999999995,crossed
POL,Poland,1962,TRUE,37,55,2.13532,crossed
POL,Poland,1963,TRUE,39,55,2.0904300000000005,crossed
POL,Poland,1964,TRUE,46,55,2.0505299999999993,crossed
POL,Poland,1965,FALSE,NA,55,2.03804,never
POL,Poland,1966,FALSE,NA,55,2.0110700000000006,never
POL,Poland,1967,FALSE,NA,55,1.9885499999999996,never
POL,Poland,1968,FALSE,NA,55,1.9289099999999997,never
POL,Poland,1969,FALSE,NA,54,1.91515,never
POL,Poland,1970,FALSE,NA,53,1.85087,never
POL,Poland,1971,FALSE,NA,52,1.78317,never
POL,Poland,1972,FALSE,NA,51,1.7367600000000005,never
POL,Poland,1973,FALSE,NA,50,1.6894300000000002,never
POL,Poland,1974,FALSE,NA,50,1.65495,never
POL,Poland,1975,FALSE,NA,49,1.6202699999999999,never
POL,Poland,1976,FALSE,NA,48,1.5883199999999997,never
POL,Poland,1977,FALSE,NA,47,1.5600299999999998,never
POL,Poland,1978,FALSE,NA,46,1.5249999999999995,never
POL,Poland,1979,FALSE,NA,45,1.4991899999999998,never
POL,Poland,1980,FALSE,NA,44,1.4822100000000002,never
POL,Poland,1981,FALSE,NA,43,1.44693,censored
POL,Poland,1982,FALSE,NA,42,1.4270599999999998,censored
POL,Poland,1983,FALSE,NA,41,1.4261,censored
POL,Poland,1984,FALSE,NA,40,1.40491,censored
POL,Poland,1985,FALSE,NA,39,1.3574099999999998,censored
POL,Poland,1986,FALSE,NA,38,1.34903,censored
POL,Poland,1987,FALSE,NA,37,1.30989,censored
POL,Poland,1988,FALSE,NA,36,1.26701,censored
POL,Poland,1989,FALSE,NA,35,1.21541,censored
POL,Poland,1990,FALSE,NA,34,1.13886,censored
POL,Poland,1991,FALSE,NA,33,1.06741,censored
POL,Poland,1992,FALSE,NA,32,0.9712299999999999,censored
POL,Poland,1993,FALSE,NA,31,0.87225,censored
POL,Poland,1994,FALSE,NA,30,0.7631699999999999,censored
POL,Poland,1995,FALSE,NA,29,0.6552600000000001,censored
POL,Poland,1996,FALSE,NA,28,0.5391400000000001,censored
POL,Poland,1997,FALSE,NA,27,0.43374999999999997,censored
POL,Poland,1998,FALSE,NA,26,0.33406,censored
POL,Poland,1999,FALSE,NA,25,0.25094,censored
POL,Poland,2000,FALSE,NA,24,0.18205,censored
POL,Poland,2001,FALSE,NA,23,0.12677,censored
POL,Poland,2002,FALSE,NA,22,0.08327,censored
POL,Poland,2003,FALSE,NA,21,0.05254,censored
POL,Poland,2004,FALSE,NA,20,0.03096,censored
POL,Poland,2005,FALSE,NA,19,0.01525,censored
POL,Poland,2006,FALSE,NA,18,0.00685,censored
POL,Poland,2007,FALSE,NA,17,0.0025700000000000002,censored
POL,Poland,2008,FALSE,NA,16,6.9e-4,censored
POL,Poland,2009,FALSE,NA,15,1.5999999999999999e-4,censored
POL,Poland,2010,FALSE,NA,13,1e-5,censored
PRT,Portugal,1925,TRUE,33,55,2.9852199999999995,crossed
PRT,Portugal,1926,TRUE,33,55,2.9790300000000003,crossed
PRT,Portugal,1927,TRUE,33,55,2.9886799999999996,crossed
PRT,Portugal,1928,TRUE,34,55,2.9390599999999996,crossed
PRT,Portugal,1929,TRUE,33,55,2.9949799999999995,crossed
PRT,Portugal,1930,TRUE,33,55,2.9244200000000005,crossed
PRT,Portugal,1931,TRUE,33,55,2.9339100000000005,crossed
PRT,Portugal,1932,TRUE,33,55,2.971110000000001,crossed
PRT,Portugal,1933,TRUE,33,55,2.9205800000000015,crossed
PRT,Portugal,1934,TRUE,33,55,2.927640000000001,crossed
PRT,Portugal,1935,TRUE,33,55,2.8872600000000004,crossed
PRT,Portugal,1936,TRUE,32,55,2.8673200000000008,crossed
PRT,Portugal,1937,TRUE,32,55,2.8573499999999994,crossed
PRT,Portugal,1938,TRUE,32,55,2.840270000000001,crossed
PRT,Portugal,1939,TRUE,32,55,2.86605,crossed
PRT,Portugal,1940,TRUE,32,55,2.7168,crossed
PRT,Portugal,1941,TRUE,32,55,2.6181200000000002,crossed
PRT,Portugal,1942,TRUE,32,55,2.593310000000001,crossed
PRT,Portugal,1943,TRUE,33,55,2.50875,crossed
PRT,Portugal,1944,TRUE,32,55,2.54371,crossed
PRT,Portugal,1945,TRUE,33,55,2.4384700000000015,crossed
PRT,Portugal,1946,TRUE,33,55,2.37687,crossed
PRT,Portugal,1947,TRUE,34,55,2.3106199999999997,crossed
PRT,Portugal,1948,TRUE,35,55,2.22353,crossed
PRT,Portugal,1949,TRUE,37,55,2.166200000000001,crossed
PRT,Portugal,1950,TRUE,39,55,2.1052399999999998,crossed
PRT,Portugal,1951,TRUE,40,55,2.078990000000001,crossed
PRT,Portugal,1952,TRUE,41,55,2.0678500000000004,crossed
PRT,Portugal,1953,FALSE,NA,55,2.0324399999999994,never
PRT,Portugal,1954,FALSE,NA,55,2.0316200000000015,never
PRT,Portugal,1955,FALSE,NA,55,2.0306700000000006,never
PRT,Portugal,1956,TRUE,45,55,2.0532600000000003,crossed
PRT,Portugal,1957,FALSE,NA,55,2.00828,never
PRT,Portugal,1958,FALSE,NA,55,1.9969599999999998,never
PRT,Portugal,1959,FALSE,NA,55,1.9630500000000004,never
PRT,Portugal,1960,FALSE,NA,55,1.9314400000000007,never
PRT,Portugal,1961,FALSE,NA,55,1.8941599999999998,never
PRT,Portugal,1962,FALSE,NA,55,1.8840800000000002,never
PRT,Portugal,1963,FALSE,NA,55,1.8734700000000002,never
PRT,Portugal,1964,FALSE,NA,55,1.8443100000000001,never
PRT,Portugal,1965,FALSE,NA,55,1.83972,never
PRT,Portugal,1966,FALSE,NA,55,1.8280700000000003,never
PRT,Portugal,1967,FALSE,NA,55,1.8149000000000006,never
PRT,Portugal,1968,FALSE,NA,55,1.7683700000000004,never
PRT,Portugal,1969,FALSE,NA,55,1.7502700000000004,never
PRT,Portugal,1970,FALSE,NA,54,1.7067199999999996,never
PRT,Portugal,1971,FALSE,NA,53,1.6798800000000005,never
PRT,Portugal,1972,FALSE,NA,52,1.6555099999999998,never
PRT,Portugal,1973,FALSE,NA,51,1.6487300000000003,never
PRT,Portugal,1974,FALSE,NA,50,1.61929,never
PRT,Portugal,1975,FALSE,NA,49,1.6063200000000006,never
PRT,Portugal,1976,FALSE,NA,48,1.5869800000000003,never
PRT,Portugal,1977,FALSE,NA,47,1.5927200000000004,never
PRT,Portugal,1978,FALSE,NA,46,1.5742299999999998,never
PRT,Portugal,1979,FALSE,NA,45,1.5716000000000003,never
PRT,Portugal,1980,FALSE,NA,44,1.56383,never
PRT,Portugal,1981,FALSE,NA,43,1.5401000000000002,censored
PRT,Portugal,1982,FALSE,NA,42,1.5390000000000001,censored
PRT,Portugal,1983,FALSE,NA,41,1.52105,censored
PRT,Portugal,1984,FALSE,NA,40,1.48131,censored
PRT,Portugal,1985,FALSE,NA,39,1.4319700000000002,censored
PRT,Portugal,1986,FALSE,NA,38,1.38274,censored
PRT,Portugal,1987,FALSE,NA,37,1.3079600000000002,censored
PRT,Portugal,1988,FALSE,NA,36,1.22283,censored
PRT,Portugal,1989,FALSE,NA,35,1.1169200000000001,censored
PRT,Portugal,1990,FALSE,NA,34,1.00035,censored
PRT,Portugal,1991,FALSE,NA,33,0.8841799999999999,censored
PRT,Portugal,1992,FALSE,NA,32,0.77366,censored
PRT,Portugal,1993,FALSE,NA,31,0.67047,censored
PRT,Portugal,1994,FALSE,NA,30,0.5700000000000001,censored
PRT,Portugal,1995,FALSE,NA,29,0.4791099999999999,censored
PRT,Portugal,1996,FALSE,NA,28,0.39241,censored
PRT,Portugal,1997,FALSE,NA,27,0.31425000000000003,censored
PRT,Portugal,1998,FALSE,NA,26,0.24935999999999997,censored
PRT,Portugal,1999,FALSE,NA,25,0.19372,censored
PRT,Portugal,2000,FALSE,NA,24,0.14595,censored
PRT,Portugal,2001,FALSE,NA,23,0.10711999999999999,censored
PRT,Portugal,2002,FALSE,NA,22,0.07836,censored
PRT,Portugal,2003,FALSE,NA,21,0.049960000000000004,censored
PRT,Portugal,2004,FALSE,NA,20,0.03168,censored
PRT,Portugal,2005,FALSE,NA,19,0.01747,censored
PRT,Portugal,2006,FALSE,NA,18,0.01004,censored
PRT,Portugal,2007,FALSE,NA,17,0.00441,censored
PRT,Portugal,2008,FALSE,NA,16,0.00175,censored
PRT,Portugal,2009,FALSE,NA,15,4.8e-4,censored
PRT,Portugal,2010,FALSE,NA,14,6e-5,censored
PRT,Portugal,2011,FALSE,NA,13,0,censored
ROU,Romania,1940,TRUE,33,50,2.43318,crossed
ROU,Romania,1941,TRUE,33,50,2.3944400000000003,crossed
ROU,Romania,1942,TRUE,32,50,2.4581499999999994,crossed
ROU,Romania,1943,TRUE,32,50,2.447470000000001,crossed
ROU,Romania,1944,TRUE,31,50,2.48812,crossed
ROU,Romania,1945,TRUE,32,50,2.4229,crossed
ROU,Romania,1946,TRUE,31,50,2.4416700000000002,crossed
ROU,Romania,1947,TRUE,31,50,2.4115499999999996,crossed
ROU,Romania,1948,TRUE,32,50,2.3609200000000006,crossed
ROU,Romania,1949,TRUE,30,50,2.46356,crossed
ROU,Romania,1950,TRUE,31,50,2.4287299999999994,crossed
ROU,Romania,1951,TRUE,31,50,2.401980000000001,crossed
ROU,Romania,1952,TRUE,33,50,2.32565,crossed
ROU,Romania,1953,TRUE,33,50,2.32247,crossed
ROU,Romania,1954,TRUE,34,50,2.2522400000000014,crossed
ROU,Romania,1955,TRUE,33,50,2.27284,crossed
ROU,Romania,1956,TRUE,33,50,2.2438800000000008,crossed
ROU,Romania,1957,TRUE,32,50,2.24566,crossed
ROU,Romania,1958,TRUE,33,50,2.2082299999999995,crossed
ROU,Romania,1959,TRUE,32,50,2.2038300000000004,crossed
ROU,Romania,1960,TRUE,34,50,2.164259999999999,crossed
ROU,Romania,1961,TRUE,35,50,2.1301599999999996,crossed
ROU,Romania,1962,TRUE,40,50,2.07004,crossed
ROU,Romania,1963,FALSE,NA,50,2.0403500000000006,never
ROU,Romania,1964,FALSE,NA,49,1.9891699999999994,never
ROU,Romania,1965,FALSE,NA,48,1.9085899999999998,never
ROU,Romania,1966,FALSE,NA,47,1.8665000000000003,never
ROU,Romania,1967,FALSE,NA,46,1.9410800000000001,never
ROU,Romania,1968,FALSE,NA,45,1.54563,never
ROU,Romania,1969,FALSE,NA,44,1.6224400000000003,never
ROU,Romania,1970,FALSE,NA,43,1.5974500000000005,censored
ROU,Romania,1971,FALSE,NA,42,1.6089,censored
ROU,Romania,1972,FALSE,NA,41,1.57125,censored
ROU,Romania,1973,FALSE,NA,40,1.5510400000000002,censored
ROU,Romania,1974,FALSE,NA,39,1.5088199999999998,censored
ROU,Romania,1975,FALSE,NA,38,1.4545300000000003,censored
ROU,Romania,1976,FALSE,NA,37,1.42021,censored
ROU,Romania,1977,FALSE,NA,36,1.34813,censored
ROU,Romania,1978,FALSE,NA,35,1.3102700000000003,censored
ROU,Romania,1979,FALSE,NA,34,1.2355300000000005,censored
ROU,Romania,1980,FALSE,NA,33,1.1731,censored
ROU,Romania,1981,FALSE,NA,32,1.08773,censored
ROU,Romania,1982,FALSE,NA,31,0.99985,censored
ROU,Romania,1983,FALSE,NA,30,0.93011,censored
ROU,Romania,1984,FALSE,NA,29,0.8154899999999999,censored
ROU,Romania,1985,FALSE,NA,28,0.7064699999999999,censored
ROU,Romania,1986,FALSE,NA,27,0.6361399999999999,censored
ROU,Romania,1987,FALSE,NA,26,0.54694,censored
ROU,Romania,1988,FALSE,NA,25,0.47561000000000003,censored
ROU,Romania,1989,FALSE,NA,24,0.40061,censored
ROU,Romania,1990,FALSE,NA,23,0.33382,censored
ROU,Romania,1991,FALSE,NA,22,0.29157,censored
ROU,Romania,1992,FALSE,NA,21,0.22919,censored
ROU,Romania,1993,FALSE,NA,20,0.17017,censored
ROU,Romania,1994,FALSE,NA,19,0.11687,censored
ROU,Romania,1995,FALSE,NA,18,0.07458000000000001,censored
ROU,Romania,1996,FALSE,NA,17,0.04022,censored
ROU,Romania,1997,FALSE,NA,16,0.01439,censored
ROU,Romania,1998,FALSE,NA,15,0.00178,censored
RUS,Russia,1944,FALSE,NA,55,1.8163100000000003,never
RUS,Russia,1945,FALSE,NA,55,1.79959,never
RUS,Russia,1946,FALSE,NA,55,1.7728100000000002,never
RUS,Russia,1947,FALSE,NA,55,1.8841599999999996,never
RUS,Russia,1948,FALSE,NA,55,1.6619100000000002,never
RUS,Russia,1949,FALSE,NA,55,1.91875,never
RUS,Russia,1950,FALSE,NA,55,1.8425199999999995,never
RUS,Russia,1951,FALSE,NA,55,1.8732600000000004,never
RUS,Russia,1952,FALSE,NA,55,1.8987600000000002,never
RUS,Russia,1953,FALSE,NA,55,1.8526600000000002,never
RUS,Russia,1954,FALSE,NA,55,1.8759500000000002,never
RUS,Russia,1955,FALSE,NA,55,1.8898800000000004,never
RUS,Russia,1956,FALSE,NA,55,1.82195,never
RUS,Russia,1957,FALSE,NA,55,1.8758000000000008,never
RUS,Russia,1958,FALSE,NA,55,1.86674,never
RUS,Russia,1959,FALSE,NA,55,1.8591600000000001,never
RUS,Russia,1960,FALSE,NA,55,1.8591699999999993,never
RUS,Russia,1961,FALSE,NA,55,1.83134,never
RUS,Russia,1962,FALSE,NA,55,1.7690900000000005,never
RUS,Russia,1963,FALSE,NA,55,1.7389299999999996,never
RUS,Russia,1964,FALSE,NA,54,1.7098399999999996,never
RUS,Russia,1965,FALSE,NA,53,1.6863499999999998,never
RUS,Russia,1966,FALSE,NA,52,1.6722800000000004,never
RUS,Russia,1967,FALSE,NA,51,1.6461800000000002,never
RUS,Russia,1968,FALSE,NA,50,1.6320100000000002,never
RUS,Russia,1969,FALSE,NA,50,1.6281400000000004,never
RUS,Russia,1970,FALSE,NA,50,1.60818,never
RUS,Russia,1971,FALSE,NA,50,1.60131,never
RUS,Russia,1972,FALSE,NA,50,1.5897999999999999,never
RUS,Russia,1973,FALSE,NA,49,1.5760800000000001,never
RUS,Russia,1974,FALSE,NA,48,1.6094299999999995,never
RUS,Russia,1975,FALSE,NA,47,1.6134199999999996,never
RUS,Russia,1976,FALSE,NA,46,1.6213400000000007,never
RUS,Russia,1977,FALSE,NA,45,1.6471099999999996,never
RUS,Russia,1978,FALSE,NA,44,1.6644199999999998,never
RUS,Russia,1979,FALSE,NA,43,1.6819999999999995,censored
RUS,Russia,1980,FALSE,NA,42,1.6527399999999997,censored
RUS,Russia,1981,FALSE,NA,41,1.66063,censored
RUS,Russia,1982,FALSE,NA,40,1.6987500000000002,censored
RUS,Russia,1983,FALSE,NA,39,1.6788499999999997,censored
RUS,Russia,1984,FALSE,NA,38,1.66034,censored
RUS,Russia,1985,FALSE,NA,37,1.59475,censored
RUS,Russia,1986,FALSE,NA,36,1.5550800000000002,censored
RUS,Russia,1987,FALSE,NA,35,1.52905,censored
RUS,Russia,1988,FALSE,NA,34,1.4555000000000002,censored
RUS,Russia,1989,FALSE,NA,33,1.34577,censored
RUS,Russia,1990,FALSE,NA,32,1.21668,censored
RUS,Russia,1991,FALSE,NA,31,1.12521,censored
RUS,Russia,1992,FALSE,NA,30,1.0469799999999998,censored
RUS,Russia,1993,FALSE,NA,29,0.9453499999999999,censored
RUS,Russia,1994,FALSE,NA,28,0.85133,censored
RUS,Russia,1995,FALSE,NA,27,0.73995,censored
RUS,Russia,1996,FALSE,NA,26,0.61329,censored
RUS,Russia,1997,FALSE,NA,25,0.5029399999999999,censored
RUS,Russia,1998,FALSE,NA,24,0.38948000000000005,censored
RUS,Russia,1999,FALSE,NA,23,0.28656,censored
RUS,Russia,2000,FALSE,NA,22,0.19019,censored
RUS,Russia,2001,FALSE,NA,21,0.12329999999999999,censored
RUS,Russia,2002,FALSE,NA,20,0.07328,censored
RUS,Russia,2003,FALSE,NA,19,0.03615,censored
RUS,Russia,2004,FALSE,NA,18,0.015050000000000001,censored
RUS,Russia,2005,FALSE,NA,17,0.00515,censored
RUS,Russia,2006,FALSE,NA,16,0.0014500000000000001,censored
RUS,Russia,2007,FALSE,NA,15,1.8e-4,censored
SVK,Slovakia,1931,TRUE,30,55,2.82084,crossed
SVK,Slovakia,1932,TRUE,30,55,2.8115200000000007,crossed
SVK,Slovakia,1933,TRUE,30,55,2.7698300000000007,crossed
SVK,Slovakia,1934,TRUE,30,55,2.77985,crossed
SVK,Slovakia,1935,TRUE,30,55,2.728840000000001,crossed
SVK,Slovakia,1936,TRUE,30,55,2.68992,crossed
SVK,Slovakia,1937,TRUE,30,55,2.65224,crossed
SVK,Slovakia,1938,TRUE,30,55,2.6805500000000007,crossed
SVK,Slovakia,1939,TRUE,30,55,2.5965200000000004,crossed
SVK,Slovakia,1940,TRUE,30,55,2.6096999999999992,crossed
SVK,Slovakia,1941,TRUE,31,55,2.47634,crossed
SVK,Slovakia,1942,TRUE,31,55,2.4970399999999997,crossed
SVK,Slovakia,1943,TRUE,32,55,2.4146100000000006,crossed
SVK,Slovakia,1944,TRUE,31,55,2.4907799999999987,crossed
SVK,Slovakia,1945,TRUE,32,55,2.348770000000001,crossed
SVK,Slovakia,1946,TRUE,31,55,2.3804900000000004,crossed
SVK,Slovakia,1947,TRUE,31,55,2.3691,crossed
SVK,Slovakia,1948,TRUE,31,55,2.38463,crossed
SVK,Slovakia,1949,TRUE,32,55,2.3260900000000007,crossed
SVK,Slovakia,1950,TRUE,32,55,2.3275799999999998,crossed
SVK,Slovakia,1951,TRUE,32,55,2.2795300000000016,crossed
SVK,Slovakia,1952,TRUE,32,55,2.2842599999999997,crossed
SVK,Slovakia,1953,TRUE,33,55,2.2587,crossed
SVK,Slovakia,1954,TRUE,33,55,2.2271799999999997,crossed
SVK,Slovakia,1955,TRUE,33,55,2.2377100000000003,crossed
SVK,Slovakia,1956,TRUE,33,55,2.2132100000000006,crossed
SVK,Slovakia,1957,TRUE,33,55,2.21566,crossed
SVK,Slovakia,1958,TRUE,34,55,2.1966300000000003,crossed
SVK,Slovakia,1959,TRUE,34,55,2.189730000000001,crossed
SVK,Slovakia,1960,TRUE,34,54,2.1776400000000007,crossed
SVK,Slovakia,1961,TRUE,35,53,2.17289,crossed
SVK,Slovakia,1962,TRUE,35,52,2.1598699999999997,crossed
SVK,Slovakia,1963,TRUE,36,51,2.1299399999999995,crossed
SVK,Slovakia,1964,TRUE,38,50,2.098540000000001,crossed
SVK,Slovakia,1965,TRUE,42,49,2.0617300000000003,crossed
SVK,Slovakia,1966,FALSE,NA,49,2.0403099999999994,never
SVK,Slovakia,1967,FALSE,NA,49,2.0328500000000003,never
SVK,Slovakia,1968,FALSE,NA,49,2.00179,never
SVK,Slovakia,1969,FALSE,NA,49,1.9906000000000001,never
SVK,Slovakia,1970,FALSE,NA,49,1.9321700000000002,never
SVK,Slovakia,1971,FALSE,NA,49,1.9199999999999995,never
SVK,Slovakia,1972,FALSE,NA,49,1.8720700000000001,never
SVK,Slovakia,1973,FALSE,NA,49,1.8322599999999996,never
SVK,Slovakia,1974,FALSE,NA,49,1.8106200000000003,never
SVK,Slovakia,1975,FALSE,NA,49,1.7756299999999996,never
SVK,Slovakia,1976,FALSE,NA,48,1.7317299999999998,never
SVK,Slovakia,1977,FALSE,NA,47,1.6891800000000001,never
SVK,Slovakia,1978,FALSE,NA,46,1.6614699999999998,never
SVK,Slovakia,1979,FALSE,NA,45,1.6327000000000003,never
SVK,Slovakia,1980,FALSE,NA,44,1.6014999999999995,never
SVK,Slovakia,1981,FALSE,NA,43,1.5675999999999999,censored
SVK,Slovakia,1982,FALSE,NA,42,1.5438999999999998,censored
SVK,Slovakia,1983,FALSE,NA,41,1.50737,censored
SVK,Slovakia,1984,FALSE,NA,40,1.49745,censored
SVK,Slovakia,1985,FALSE,NA,39,1.4332499999999997,censored
SVK,Slovakia,1986,FALSE,NA,38,1.39238,censored
SVK,Slovakia,1987,FALSE,NA,37,1.3477800000000002,censored
SVK,Slovakia,1988,FALSE,NA,36,1.3006199999999999,censored
SVK,Slovakia,1989,FALSE,NA,35,1.2301499999999999,censored
SVK,Slovakia,1990,FALSE,NA,34,1.1673200000000001,censored
SVK,Slovakia,1991,FALSE,NA,33,1.10058,censored
SVK,Slovakia,1992,FALSE,NA,32,1.01374,censored
SVK,Slovakia,1993,FALSE,NA,31,0.9235599999999999,censored
SVK,Slovakia,1994,FALSE,NA,30,0.8325,censored
SVK,Slovakia,1995,FALSE,NA,29,0.75165,censored
SVK,Slovakia,1996,FALSE,NA,28,0.67038,censored
SVK,Slovakia,1997,FALSE,NA,27,0.59472,censored
SVK,Slovakia,1998,FALSE,NA,26,0.50884,censored
SVK,Slovakia,1999,FALSE,NA,25,0.43037,censored
SVK,Slovakia,2000,FALSE,NA,24,0.34408999999999995,censored
SVK,Slovakia,2001,FALSE,NA,23,0.27907000000000004,censored
SVK,Slovakia,2002,FALSE,NA,22,0.21939,censored
SVK,Slovakia,2003,FALSE,NA,21,0.16415000000000002,censored
SVK,Slovakia,2004,FALSE,NA,20,0.11746000000000001,censored
SVK,Slovakia,2005,FALSE,NA,19,0.07776,censored
SVK,Slovakia,2006,FALSE,NA,18,0.04445,censored
SVK,Slovakia,2007,FALSE,NA,17,0.02114,censored
SVK,Slovakia,2008,FALSE,NA,16,0.00701,censored
SVN,Slovenia,1935,FALSE,NA,55,2.02737,never
SVN,Slovenia,1936,FALSE,NA,55,2.0218599999999998,never
SVN,Slovenia,1937,FALSE,NA,55,2.0161599999999997,never
SVN,Slovenia,1938,FALSE,NA,55,2.0105200000000005,never
SVN,Slovenia,1939,FALSE,NA,55,2.00943,never
SVN,Slovenia,1940,FALSE,NA,55,2.0088000000000004,never
SVN,Slovenia,1941,FALSE,NA,55,2.0055199999999993,never
SVN,Slovenia,1942,FALSE,NA,55,1.9977900000000002,never
SVN,Slovenia,1943,FALSE,NA,55,1.9877,never
SVN,Slovenia,1944,FALSE,NA,55,1.9671600000000005,never
SVN,Slovenia,1945,FALSE,NA,55,1.92887,never
SVN,Slovenia,1946,FALSE,NA,55,1.9046699999999999,never
SVN,Slovenia,1947,FALSE,NA,55,1.8958599999999999,never
SVN,Slovenia,1948,FALSE,NA,55,1.8770900000000001,never
SVN,Slovenia,1949,FALSE,NA,55,1.8794199999999999,never
SVN,Slovenia,1950,FALSE,NA,55,1.8936399999999993,never
SVN,Slovenia,1951,FALSE,NA,55,1.9049699999999998,never
SVN,Slovenia,1952,FALSE,NA,55,1.8967200000000002,never
SVN,Slovenia,1953,FALSE,NA,55,1.9168299999999998,never
SVN,Slovenia,1954,FALSE,NA,55,1.91863,never
SVN,Slovenia,1955,FALSE,NA,55,1.94347,never
SVN,Slovenia,1956,FALSE,NA,55,1.9570900000000002,never
SVN,Slovenia,1957,FALSE,NA,55,1.9363000000000004,never
SVN,Slovenia,1958,FALSE,NA,55,1.92006,never
SVN,Slovenia,1959,FALSE,NA,55,1.9110899999999997,never
SVN,Slovenia,1960,FALSE,NA,55,1.8822599999999996,never
SVN,Slovenia,1961,FALSE,NA,55,1.85495,never
SVN,Slovenia,1962,FALSE,NA,55,1.8730000000000002,never
SVN,Slovenia,1963,FALSE,NA,55,1.8406799999999999,never
SVN,Slovenia,1964,FALSE,NA,55,1.82009,never
SVN,Slovenia,1965,FALSE,NA,54,1.7937800000000002,never
SVN,Slovenia,1966,FALSE,NA,53,1.7714700000000003,never
SVN,Slovenia,1967,FALSE,NA,52,1.77685,never
SVN,Slovenia,1968,FALSE,NA,51,1.7421,never
SVN,Slovenia,1969,FALSE,NA,50,1.7365100000000002,never
SVN,Slovenia,1970,FALSE,NA,50,1.69321,never
SVN,Slovenia,1971,FALSE,NA,50,1.7029000000000003,never
SVN,Slovenia,1972,FALSE,NA,50,1.7029300000000003,never
SVN,Slovenia,1973,FALSE,NA,50,1.6955600000000002,never
SVN,Slovenia,1974,FALSE,NA,50,1.6551699999999998,never
SVN,Slovenia,1975,FALSE,NA,49,1.6917199999999997,never
SVN,Slovenia,1976,FALSE,NA,48,1.6674799999999996,never
SVN,Slovenia,1977,FALSE,NA,47,1.66478,never
SVN,Slovenia,1978,FALSE,NA,46,1.62188,never
SVN,Slovenia,1979,FALSE,NA,45,1.6493700000000002,never
SVN,Slovenia,1980,FALSE,NA,44,1.6141499999999998,never
SVN,Slovenia,1981,FALSE,NA,43,1.6083,censored
SVN,Slovenia,1982,FALSE,NA,42,1.6179399999999997,censored
SVN,Slovenia,1983,FALSE,NA,41,1.55424,censored
SVN,Slovenia,1984,FALSE,NA,40,1.55947,censored
SVN,Slovenia,1985,FALSE,NA,39,1.5352500000000002,censored
SVN,Slovenia,1986,FALSE,NA,38,1.51682,censored
SVN,Slovenia,1987,FALSE,NA,37,1.4353799999999997,censored
SVN,Slovenia,1988,FALSE,NA,36,1.38822,censored
SVN,Slovenia,1989,FALSE,NA,35,1.32115,censored
SVN,Slovenia,1990,FALSE,NA,34,1.2463399999999998,censored
SVN,Slovenia,1991,FALSE,NA,33,1.14015,censored
SVN,Slovenia,1992,FALSE,NA,32,1.02156,censored
SVN,Slovenia,1993,FALSE,NA,31,0.8819499999999999,censored
SVN,Slovenia,1994,FALSE,NA,30,0.77144,censored
SVN,Slovenia,1995,FALSE,NA,29,0.6533599999999999,censored
SVN,Slovenia,1996,FALSE,NA,28,0.53272,censored
SVN,Slovenia,1997,FALSE,NA,27,0.4064,censored
SVN,Slovenia,1998,FALSE,NA,26,0.30081,censored
SVN,Slovenia,1999,FALSE,NA,25,0.21376,censored
SVN,Slovenia,2000,FALSE,NA,24,0.14595,censored
SVN,Slovenia,2001,FALSE,NA,23,0.0927,censored
SVN,Slovenia,2002,FALSE,NA,22,0.05522,censored
SVN,Slovenia,2003,FALSE,NA,21,0.03366,censored
SVN,Slovenia,2004,FALSE,NA,20,0.017300000000000003,censored
SVN,Slovenia,2005,FALSE,NA,19,0.011109999999999998,censored
SVN,Slovenia,2006,FALSE,NA,18,0.00443,censored
SVN,Slovenia,2007,FALSE,NA,17,0.0016,censored
SVN,Slovenia,2008,FALSE,NA,16,4e-4,censored
SVN,Slovenia,2009,FALSE,NA,15,1e-4,censored
SWE,Sweden,1835,TRUE,32,49,4.38991,crossed
SWE,Sweden,1836,TRUE,32,55,4.392879999999999,crossed
SWE,Sweden,1837,TRUE,33,55,4.39261,crossed
SWE,Sweden,1838,TRUE,33,55,4.39083,crossed
SWE,Sweden,1839,TRUE,33,55,4.38794,crossed
SWE,Sweden,1840,TRUE,33,55,4.3842,crossed
SWE,Sweden,1841,TRUE,33,55,4.38135,crossed
SWE,Sweden,1842,TRUE,33,55,4.377910000000002,crossed
SWE,Sweden,1843,TRUE,33,55,4.372249999999998,crossed
SWE,Sweden,1844,TRUE,33,55,4.3583300000000005,crossed
SWE,Sweden,1845,TRUE,33,55,4.341130000000001,crossed
SWE,Sweden,1846,TRUE,33,55,4.32161,crossed
SWE,Sweden,1847,TRUE,32,55,4.309359999999999,crossed
SWE,Sweden,1848,TRUE,32,55,4.304430000000001,crossed
SWE,Sweden,1849,TRUE,32,55,4.290439999999998,crossed
SWE,Sweden,1850,TRUE,32,55,4.286460000000002,crossed
SWE,Sweden,1851,TRUE,32,55,4.27404,crossed
SWE,Sweden,1852,TRUE,32,55,4.251809999999999,crossed
SWE,Sweden,1853,TRUE,32,55,4.216920000000002,crossed
SWE,Sweden,1854,TRUE,32,55,4.210920000000001,crossed
SWE,Sweden,1855,TRUE,33,55,4.144820000000001,crossed
SWE,Sweden,1856,TRUE,33,55,4.113509999999999,crossed
SWE,Sweden,1857,TRUE,33,55,4.045070000000001,crossed
SWE,Sweden,1858,TRUE,33,55,4.00338,crossed
SWE,Sweden,1859,TRUE,33,55,3.9634499999999995,crossed
SWE,Sweden,1860,TRUE,33,55,3.96617,crossed
SWE,Sweden,1861,TRUE,33,55,3.9305899999999987,crossed
SWE,Sweden,1862,TRUE,33,55,3.9169199999999984,crossed
SWE,Sweden,1863,TRUE,33,55,3.85984,crossed
SWE,Sweden,1864,TRUE,33,55,3.86821,crossed
SWE,Sweden,1865,TRUE,33,55,3.8160300000000005,crossed
SWE,Sweden,1866,TRUE,33,55,3.767900000000001,crossed
SWE,Sweden,1867,TRUE,33,55,3.737329999999999,crossed
SWE,Sweden,1868,TRUE,33,55,3.624139999999999,crossed
SWE,Sweden,1869,TRUE,33,55,3.6142699999999985,crossed
SWE,Sweden,1870,TRUE,33,55,3.6560500000000005,crossed
SWE,Sweden,1871,TRUE,33,55,3.6624600000000003,crossed
SWE,Sweden,1872,TRUE,33,55,3.6605000000000008,crossed
SWE,Sweden,1873,TRUE,33,55,3.6203899999999996,crossed
SWE,Sweden,1874,TRUE,33,55,3.5611400000000017,crossed
SWE,Sweden,1875,TRUE,33,55,3.52826,crossed
SWE,Sweden,1876,TRUE,33,55,3.4894900000000004,crossed
SWE,Sweden,1877,TRUE,33,55,3.443979999999999,crossed
SWE,Sweden,1878,TRUE,33,55,3.365639999999998,crossed
SWE,Sweden,1879,TRUE,33,55,3.32126,crossed
SWE,Sweden,1880,TRUE,33,55,3.22652,crossed
SWE,Sweden,1881,TRUE,33,55,3.1845499999999998,crossed
SWE,Sweden,1882,TRUE,33,55,3.14087,crossed
SWE,Sweden,1883,TRUE,34,55,3.04609,crossed
SWE,Sweden,1884,TRUE,34,55,2.9723999999999995,crossed
SWE,Sweden,1885,TRUE,34,55,2.924410000000001,crossed
SWE,Sweden,1886,TRUE,35,55,2.8382100000000006,crossed
SWE,Sweden,1887,TRUE,35,55,2.74484,crossed
SWE,Sweden,1888,TRUE,35,55,2.704560000000001,crossed
SWE,Sweden,1889,TRUE,35,55,2.6204699999999987,crossed
SWE,Sweden,1890,TRUE,36,55,2.5455699999999997,crossed
SWE,Sweden,1891,TRUE,36,55,2.4722700000000004,crossed
SWE,Sweden,1892,TRUE,37,55,2.4189599999999998,crossed
SWE,Sweden,1893,TRUE,38,55,2.3327199999999997,crossed
SWE,Sweden,1894,TRUE,38,55,2.2846,crossed
SWE,Sweden,1895,TRUE,40,55,2.1978699999999995,crossed
SWE,Sweden,1896,TRUE,41,55,2.13395,crossed
SWE,Sweden,1897,TRUE,44,55,2.0716099999999993,crossed
SWE,Sweden,1898,FALSE,NA,55,2.0273399999999997,never
SWE,Sweden,1899,FALSE,NA,55,1.9571300000000003,never
SWE,Sweden,1900,FALSE,NA,55,1.9053499999999999,never
SWE,Sweden,1901,FALSE,NA,55,1.8696599999999999,never
SWE,Sweden,1902,FALSE,NA,55,1.8437899999999996,never
SWE,Sweden,1903,FALSE,NA,55,1.79788,never
SWE,Sweden,1904,FALSE,NA,55,1.80941,never
SWE,Sweden,1905,FALSE,NA,55,1.7901099999999999,never
SWE,Sweden,1906,FALSE,NA,55,1.8022099999999994,never
SWE,Sweden,1907,FALSE,NA,55,1.8110900000000005,never
SWE,Sweden,1908,FALSE,NA,55,1.8293200000000007,never
SWE,Sweden,1909,FALSE,NA,55,1.82094,never
SWE,Sweden,1910,FALSE,NA,55,1.8690900000000001,never
SWE,Sweden,1911,FALSE,NA,55,1.86204,never
SWE,Sweden,1912,FALSE,NA,55,1.90215,never
SWE,Sweden,1913,FALSE,NA,55,1.92237,never
SWE,Sweden,1914,FALSE,NA,55,1.9551100000000001,never
SWE,Sweden,1915,FALSE,NA,55,1.9701899999999999,never
SWE,Sweden,1916,FALSE,NA,55,1.9831399999999995,never
SWE,Sweden,1917,FALSE,NA,55,1.9876499999999997,never
SWE,Sweden,1918,FALSE,NA,55,2.0159900000000004,never
SWE,Sweden,1919,FALSE,NA,55,2.0215000000000005,never
SWE,Sweden,1920,FALSE,NA,55,2.04276,never
SWE,Sweden,1921,FALSE,NA,55,2.01285,never
SWE,Sweden,1922,FALSE,NA,55,2.03778,never
SWE,Sweden,1923,FALSE,NA,55,2.03146,never
SWE,Sweden,1924,FALSE,NA,55,2.04379,never
SWE,Sweden,1925,FALSE,NA,55,2.03376,never
SWE,Sweden,1926,TRUE,43,55,2.0619000000000005,crossed
SWE,Sweden,1927,TRUE,41,55,2.0813900000000003,crossed
SWE,Sweden,1928,TRUE,40,55,2.10124,crossed
SWE,Sweden,1929,TRUE,39,55,2.1087599999999997,crossed
SWE,Sweden,1930,TRUE,39,55,2.1070999999999995,crossed
SWE,Sweden,1931,TRUE,38,55,2.1276300000000004,crossed
SWE,Sweden,1932,TRUE,37,55,2.1601900000000014,crossed
SWE,Sweden,1933,TRUE,37,55,2.1363200000000004,crossed
SWE,Sweden,1934,TRUE,37,55,2.1475400000000002,crossed
SWE,Sweden,1935,TRUE,36,55,2.1597300000000006,crossed
SWE,Sweden,1936,TRUE,37,55,2.119279999999999,crossed
SWE,Sweden,1937,TRUE,38,55,2.1074699999999993,crossed
SWE,Sweden,1938,TRUE,38,55,2.1022300000000005,crossed
SWE,Sweden,1939,TRUE,42,55,2.0644299999999998,crossed
SWE,Sweden,1940,TRUE,42,55,2.05945,crossed
SWE,Sweden,1941,FALSE,NA,55,2.03617,never
SWE,Sweden,1942,FALSE,NA,55,2.0184299999999995,never
SWE,Sweden,1943,FALSE,NA,55,1.9742999999999993,never
SWE,Sweden,1944,FALSE,NA,55,1.99597,never
SWE,Sweden,1945,FALSE,NA,55,1.96021,never
SWE,Sweden,1946,FALSE,NA,55,1.98055,never
SWE,Sweden,1947,FALSE,NA,55,2.00008,never
SWE,Sweden,1948,FALSE,NA,55,1.9952499999999997,never
SWE,Sweden,1949,FALSE,NA,55,1.9941399999999998,never
SWE,Sweden,1950,FALSE,NA,55,2.00537,never
SWE,Sweden,1951,FALSE,NA,55,2.0048800000000004,never
SWE,Sweden,1952,FALSE,NA,55,2.0056600000000007,never
SWE,Sweden,1953,FALSE,NA,55,2.010570000000001,never
SWE,Sweden,1954,FALSE,NA,55,2.025500000000001,never
SWE,Sweden,1955,FALSE,NA,55,2.02807,never
SWE,Sweden,1956,FALSE,NA,55,2.0422,never
SWE,Sweden,1957,FALSE,NA,55,2.0385600000000004,never
SWE,Sweden,1958,TRUE,45,55,2.052490000000001,crossed
SWE,Sweden,1959,TRUE,44,55,2.054590000000001,crossed
SWE,Sweden,1960,TRUE,44,55,2.059289999999999,crossed
SWE,Sweden,1961,FALSE,NA,55,2.04522,never
SWE,Sweden,1962,FALSE,NA,55,2.0274099999999997,never
SWE,Sweden,1963,FALSE,NA,55,2.03694,never
SWE,Sweden,1964,FALSE,NA,55,2.0142700000000002,never
SWE,Sweden,1965,FALSE,NA,55,2.0137500000000004,never
SWE,Sweden,1966,FALSE,NA,55,2.0122600000000013,never
SWE,Sweden,1967,FALSE,NA,55,2.00302,never
SWE,Sweden,1968,FALSE,NA,55,2.00065,never
SWE,Sweden,1969,FALSE,NA,55,1.99491,never
SWE,Sweden,1970,FALSE,NA,54,2.000479999999999,never
SWE,Sweden,1971,FALSE,NA,53,1.9955100000000003,never
SWE,Sweden,1972,FALSE,NA,52,1.9752000000000003,never
SWE,Sweden,1973,FALSE,NA,51,1.9672200000000002,never
SWE,Sweden,1974,FALSE,NA,50,1.9619599999999997,never
SWE,Sweden,1975,FALSE,NA,49,1.9651499999999995,never
SWE,Sweden,1976,FALSE,NA,48,1.9406,never
SWE,Sweden,1977,FALSE,NA,47,1.9474799999999999,never
SWE,Sweden,1978,FALSE,NA,46,1.9387299999999996,never
SWE,Sweden,1979,FALSE,NA,45,1.9377499999999996,never
SWE,Sweden,1980,FALSE,NA,44,1.9176600000000001,never
SWE,Sweden,1981,FALSE,NA,43,1.9106800000000002,censored
SWE,Sweden,1982,FALSE,NA,42,1.8674799999999998,censored
SWE,Sweden,1983,FALSE,NA,41,1.83631,censored
SWE,Sweden,1984,FALSE,NA,40,1.8046000000000002,censored
SWE,Sweden,1985,FALSE,NA,39,1.75133,censored
SWE,Sweden,1986,FALSE,NA,38,1.6848700000000003,censored
SWE,Sweden,1987,FALSE,NA,37,1.61465,censored
SWE,Sweden,1988,FALSE,NA,36,1.51839,censored
SWE,Sweden,1989,FALSE,NA,35,1.40631,censored
SWE,Sweden,1990,FALSE,NA,34,1.2796899999999998,censored
SWE,Sweden,1991,FALSE,NA,33,1.1389,censored
SWE,Sweden,1992,FALSE,NA,32,0.98636,censored
SWE,Sweden,1993,FALSE,NA,31,0.83002,censored
SWE,Sweden,1994,FALSE,NA,30,0.6803899999999999,censored
SWE,Sweden,1995,FALSE,NA,29,0.55157,censored
SWE,Sweden,1996,FALSE,NA,28,0.44073000000000007,censored
SWE,Sweden,1997,FALSE,NA,27,0.33442000000000005,censored
SWE,Sweden,1998,FALSE,NA,26,0.24355,censored
SWE,Sweden,1999,FALSE,NA,25,0.17576999999999998,censored
SWE,Sweden,2000,FALSE,NA,24,0.12052,censored
SWE,Sweden,2001,FALSE,NA,23,0.07433999999999999,censored
SWE,Sweden,2002,FALSE,NA,22,0.04309,censored
SWE,Sweden,2003,FALSE,NA,21,0.02197,censored
SWE,Sweden,2004,FALSE,NA,20,0.01066,censored
SWE,Sweden,2005,FALSE,NA,19,0.00358,censored
SWE,Sweden,2006,FALSE,NA,18,0.00158,censored
SWE,Sweden,2007,FALSE,NA,17,7e-4,censored
SWE,Sweden,2008,FALSE,NA,16,2.1e-4,censored
SWE,Sweden,2009,FALSE,NA,15,4e-5,censored
SWE,Sweden,2010,FALSE,NA,14,2e-5,censored
SWE,Sweden,2011,FALSE,NA,13,0,censored
TWN,Taiwan,1932,TRUE,27,55,4.73699,crossed
TWN,Taiwan,1933,TRUE,27,55,4.614520000000001,crossed
TWN,Taiwan,1934,TRUE,27,55,4.493890000000001,crossed
TWN,Taiwan,1935,TRUE,27,55,4.36753,crossed
TWN,Taiwan,1936,TRUE,27,55,4.241980000000001,crossed
TWN,Taiwan,1937,TRUE,27,55,4.11866,crossed
TWN,Taiwan,1938,TRUE,27,55,4.0078700000000005,crossed
TWN,Taiwan,1939,TRUE,27,55,3.9036200000000005,crossed
TWN,Taiwan,1940,TRUE,27,55,3.8020799999999997,crossed
TWN,Taiwan,1941,TRUE,27,55,3.7054899999999997,crossed
TWN,Taiwan,1942,TRUE,27,55,3.6054099999999996,crossed
TWN,Taiwan,1943,TRUE,27,55,3.50179,crossed
TWN,Taiwan,1944,TRUE,27,55,3.38963,crossed
TWN,Taiwan,1945,TRUE,27,55,3.27282,crossed
TWN,Taiwan,1946,TRUE,27,55,3.105899999999999,crossed
TWN,Taiwan,1947,TRUE,28,55,2.99701,crossed
TWN,Taiwan,1948,TRUE,28,55,2.85089,crossed
TWN,Taiwan,1949,TRUE,28,55,2.76904,crossed
TWN,Taiwan,1950,TRUE,29,55,2.661050000000001,crossed
TWN,Taiwan,1951,TRUE,29,55,2.6352899999999995,crossed
TWN,Taiwan,1952,TRUE,29,55,2.609409999999999,crossed
TWN,Taiwan,1953,TRUE,29,55,2.5563100000000003,crossed
TWN,Taiwan,1954,TRUE,30,55,2.52446,crossed
TWN,Taiwan,1955,TRUE,30,55,2.5050399999999993,crossed
TWN,Taiwan,1956,TRUE,31,55,2.4284700000000004,crossed
TWN,Taiwan,1957,TRUE,32,55,2.3370100000000007,crossed
TWN,Taiwan,1958,TRUE,33,55,2.2889600000000003,crossed
TWN,Taiwan,1959,TRUE,33,55,2.3026,crossed
TWN,Taiwan,1960,TRUE,34,55,2.2372500000000004,crossed
TWN,Taiwan,1961,TRUE,35,55,2.1848500000000004,crossed
TWN,Taiwan,1962,TRUE,36,55,2.16626,crossed
TWN,Taiwan,1963,TRUE,37,55,2.11136,crossed
TWN,Taiwan,1964,FALSE,NA,55,2.0388999999999995,never
TWN,Taiwan,1965,FALSE,NA,55,1.9919800000000008,never
TWN,Taiwan,1966,FALSE,NA,55,1.92251,never
TWN,Taiwan,1967,FALSE,NA,55,1.8892500000000003,never
TWN,Taiwan,1968,FALSE,NA,55,1.85689,never
TWN,Taiwan,1969,FALSE,NA,55,1.7828499999999998,never
TWN,Taiwan,1970,FALSE,NA,54,1.7481200000000003,never
TWN,Taiwan,1971,FALSE,NA,53,1.6993800000000006,never
TWN,Taiwan,1972,FALSE,NA,52,1.6632799999999996,never
TWN,Taiwan,1973,FALSE,NA,51,1.6343200000000004,never
TWN,Taiwan,1974,FALSE,NA,50,1.6013199999999992,never
TWN,Taiwan,1975,FALSE,NA,49,1.5742600000000002,never
TWN,Taiwan,1976,FALSE,NA,48,1.5120600000000002,never
TWN,Taiwan,1977,FALSE,NA,47,1.5247700000000004,never
TWN,Taiwan,1978,FALSE,NA,46,1.46266,never
TWN,Taiwan,1979,FALSE,NA,45,1.44182,never
TWN,Taiwan,1980,FALSE,NA,44,1.4183599999999998,never
TWN,Taiwan,1981,FALSE,NA,43,1.39054,censored
TWN,Taiwan,1982,FALSE,NA,42,1.3564199999999997,censored
TWN,Taiwan,1983,FALSE,NA,41,1.3161200000000002,censored
TWN,Taiwan,1984,FALSE,NA,40,1.2412400000000001,censored
TWN,Taiwan,1985,FALSE,NA,39,1.18952,censored
TWN,Taiwan,1986,FALSE,NA,38,1.1138400000000002,censored
TWN,Taiwan,1987,FALSE,NA,37,1.0222399999999998,censored
TWN,Taiwan,1988,FALSE,NA,36,0.89823,censored
TWN,Taiwan,1989,FALSE,NA,35,0.81923,censored
TWN,Taiwan,1990,FALSE,NA,34,0.70976,censored
TWN,Taiwan,1991,FALSE,NA,33,0.6020199999999999,censored
TWN,Taiwan,1992,FALSE,NA,32,0.51163,censored
TWN,Taiwan,1993,FALSE,NA,31,0.41584999999999994,censored
TWN,Taiwan,1994,FALSE,NA,30,0.34360999999999997,censored
TWN,Taiwan,1995,FALSE,NA,29,0.28053,censored
TWN,Taiwan,1996,FALSE,NA,28,0.22538999999999998,censored
TWN,Taiwan,1997,FALSE,NA,27,0.17766,censored
TWN,Taiwan,1998,FALSE,NA,26,0.14343,censored
TWN,Taiwan,1999,FALSE,NA,25,0.1081,censored
TWN,Taiwan,2000,FALSE,NA,24,0.07733999999999999,censored
TWN,Taiwan,2001,FALSE,NA,23,0.055510000000000004,censored
TWN,Taiwan,2002,FALSE,NA,22,0.03775,censored
TWN,Taiwan,2003,FALSE,NA,21,0.02369,censored
TWN,Taiwan,2004,FALSE,NA,20,0.01472,censored
TWN,Taiwan,2005,FALSE,NA,19,0.0074199999999999995,censored
TWN,Taiwan,2006,FALSE,NA,18,0.004,censored
TWN,Taiwan,2007,FALSE,NA,17,0.00147,censored
TWN,Taiwan,2008,FALSE,NA,16,6.3e-4,censored
TWN,Taiwan,2009,FALSE,NA,15,1e-4,censored
TWN,Taiwan,2010,FALSE,NA,14,1e-5,censored
TWN,Taiwan,2011,FALSE,NA,13,0,censored
UKR,Ukraine,1944,FALSE,NA,55,1.84374,never
UKR,Ukraine,1945,FALSE,NA,55,1.83294,never
UKR,Ukraine,1946,FALSE,NA,55,1.83281,never
UKR,Ukraine,1947,FALSE,NA,55,1.8814700000000002,never
UKR,Ukraine,1948,FALSE,NA,55,1.84921,never
UKR,Ukraine,1949,FALSE,NA,55,1.9276599999999995,never
UKR,Ukraine,1950,FALSE,NA,55,1.8960400000000002,never
UKR,Ukraine,1951,FALSE,NA,55,1.9104600000000003,never
UKR,Ukraine,1952,FALSE,NA,55,1.9058700000000002,never
UKR,Ukraine,1953,FALSE,NA,55,1.85814,never
UKR,Ukraine,1954,FALSE,NA,55,1.84271,never
UKR,Ukraine,1955,FALSE,NA,55,1.8364,never
UKR,Ukraine,1956,FALSE,NA,55,1.8255499999999998,never
UKR,Ukraine,1957,FALSE,NA,55,1.8259899999999996,never
UKR,Ukraine,1958,FALSE,NA,55,1.8586399999999998,never
UKR,Ukraine,1959,FALSE,NA,54,1.8614500000000003,never
UKR,Ukraine,1960,FALSE,NA,53,1.8492800000000003,never
UKR,Ukraine,1961,FALSE,NA,52,1.8165299999999993,never
UKR,Ukraine,1962,FALSE,NA,51,1.7954,never
UKR,Ukraine,1963,FALSE,NA,50,1.7510500000000007,never
UKR,Ukraine,1964,FALSE,NA,49,1.7267400000000002,never
UKR,Ukraine,1965,FALSE,NA,49,1.67663,never
UKR,Ukraine,1966,FALSE,NA,49,1.68081,never
UKR,Ukraine,1967,FALSE,NA,49,1.6593999999999995,never
UKR,Ukraine,1968,FALSE,NA,49,1.5933600000000003,never
UKR,Ukraine,1969,FALSE,NA,49,1.61217,never
UKR,Ukraine,1970,FALSE,NA,49,1.58467,never
UKR,Ukraine,1971,FALSE,NA,49,1.5568000000000002,never
UKR,Ukraine,1972,FALSE,NA,49,1.53765,never
UKR,Ukraine,1973,FALSE,NA,48,1.5220600000000004,never
UKR,Ukraine,1974,FALSE,NA,47,1.54187,never
UKR,Ukraine,1975,FALSE,NA,46,1.55074,never
UKR,Ukraine,1976,FALSE,NA,45,1.54085,never
UKR,Ukraine,1977,FALSE,NA,44,1.5554299999999999,never
UKR,Ukraine,1978,FALSE,NA,43,1.58273,censored
UKR,Ukraine,1979,FALSE,NA,42,1.55623,censored
UKR,Ukraine,1980,FALSE,NA,41,1.53195,censored
UKR,Ukraine,1981,FALSE,NA,40,1.49905,censored
UKR,Ukraine,1982,FALSE,NA,39,1.4928799999999998,censored
UKR,Ukraine,1983,FALSE,NA,38,1.4600100000000005,censored
UKR,Ukraine,1984,FALSE,NA,37,1.4180099999999995,censored
UKR,Ukraine,1985,FALSE,NA,36,1.3823100000000004,censored
UKR,Ukraine,1986,FALSE,NA,35,1.34196,censored
UKR,Ukraine,1987,FALSE,NA,34,1.3068,censored
UKR,Ukraine,1988,FALSE,NA,33,1.2466000000000002,censored
UKR,Ukraine,1989,FALSE,NA,32,1.1651000000000002,censored
UKR,Ukraine,1990,FALSE,NA,31,1.08714,censored
UKR,Ukraine,1991,FALSE,NA,30,1.0043700000000002,censored
UKR,Ukraine,1992,FALSE,NA,29,0.91146,censored
UKR,Ukraine,1993,FALSE,NA,28,0.8195800000000002,censored
UKR,Ukraine,1994,FALSE,NA,27,0.7156799999999999,censored
UKR,Ukraine,1995,FALSE,NA,26,0.61224,censored
UKR,Ukraine,1996,FALSE,NA,25,0.50773,censored
UKR,Ukraine,1997,FALSE,NA,24,0.40614,censored
UKR,Ukraine,1998,FALSE,NA,23,0.31028,censored
UKR,Ukraine,1999,FALSE,NA,22,0.22431,censored
UKR,Ukraine,2000,FALSE,NA,21,0.14893,censored
UKR,Ukraine,2001,FALSE,NA,20,0.0893,censored
UKR,Ukraine,2002,FALSE,NA,19,0.04707,censored
UKR,Ukraine,2003,FALSE,NA,18,0.020540000000000003,censored
UKR,Ukraine,2004,FALSE,NA,17,0.007050000000000001,censored
UKR,Ukraine,2005,FALSE,NA,16,0.00179,censored
USA,United States of America,1902,TRUE,34,55,2.4046700000000003,crossed
USA,United States of America,1903,TRUE,35,55,2.3856600000000014,crossed
USA,United States of America,1904,TRUE,36,55,2.344660000000001,crossed
USA,United States of America,1905,TRUE,36,55,2.3054299999999994,crossed
USA,United States of America,1906,TRUE,37,55,2.2659000000000002,crossed
USA,United States of America,1907,TRUE,38,55,2.2404100000000002,crossed
USA,United States of America,1908,TRUE,38,55,2.23922,crossed
USA,United States of America,1909,TRUE,38,55,2.2073100000000005,crossed
USA,United States of America,1910,TRUE,38,55,2.2346699999999995,crossed
USA,United States of America,1911,TRUE,38,55,2.2215700000000007,crossed
USA,United States of America,1912,TRUE,38,55,2.22466,crossed
USA,United States of America,1913,TRUE,38,55,2.2581800000000003,crossed
USA,United States of America,1914,TRUE,37,55,2.3071300000000003,crossed
USA,United States of America,1915,TRUE,36,55,2.3499399999999997,crossed
USA,United States of America,1916,TRUE,36,55,2.3759299999999994,crossed
USA,United States of America,1917,TRUE,35,55,2.40911,crossed
USA,United States of America,1918,TRUE,35,55,2.500169999999999,crossed
USA,United States of America,1919,TRUE,34,55,2.520999999999999,crossed
USA,United States of America,1920,TRUE,33,55,2.6751799999999997,crossed
USA,United States of America,1921,TRUE,32,55,2.7300999999999993,crossed
USA,United States of America,1922,TRUE,32,55,2.76589,crossed
USA,United States of America,1923,TRUE,32,55,2.8073,crossed
USA,United States of America,1924,TRUE,31,55,2.9015500000000003,crossed
USA,United States of America,1925,TRUE,30,55,2.9756800000000005,crossed
USA,United States of America,1926,TRUE,30,55,2.9954200000000006,crossed
USA,United States of America,1927,TRUE,30,55,3.0587600000000004,crossed
USA,United States of America,1928,TRUE,29,55,3.1193400000000002,crossed
USA,United States of America,1929,TRUE,29,55,3.1046099999999996,crossed
USA,United States of America,1930,TRUE,28,55,3.2378900000000006,crossed
USA,United States of America,1931,TRUE,28,55,3.230059999999999,crossed
USA,United States of America,1932,TRUE,28,55,3.251789999999999,crossed
USA,United States of America,1933,TRUE,27,55,3.2531699999999995,crossed
USA,United States of America,1934,TRUE,27,55,3.257240000000001,crossed
USA,United States of America,1935,TRUE,27,55,3.2441199999999992,crossed
USA,United States of America,1936,TRUE,27,55,3.1766600000000005,crossed
USA,United States of America,1937,TRUE,27,55,3.085330000000001,crossed
USA,United States of America,1938,TRUE,27,55,3.0314999999999994,crossed
USA,United States of America,1939,TRUE,27,55,2.9321499999999996,crossed
USA,United States of America,1940,TRUE,28,55,2.84921,crossed
USA,United States of America,1941,TRUE,28,55,2.736650000000001,crossed
USA,United States of America,1942,TRUE,29,55,2.6221900000000016,crossed
USA,United States of America,1943,TRUE,30,55,2.5063700000000004,crossed
USA,United States of America,1944,TRUE,31,55,2.4199800000000007,crossed
USA,United States of America,1945,TRUE,32,55,2.3142000000000014,crossed
USA,United States of America,1946,TRUE,33,55,2.2684900000000003,crossed
USA,United States of America,1947,TRUE,36,55,2.17076,crossed
USA,United States of America,1948,TRUE,37,55,2.13208,crossed
USA,United States of America,1949,TRUE,41,55,2.0769100000000007,crossed
USA,United States of America,1950,FALSE,NA,55,2.03962,never
USA,United States of America,1951,FALSE,NA,55,2.0070800000000006,never
USA,United States of America,1952,FALSE,NA,55,1.9901300000000004,never
USA,United States of America,1953,FALSE,NA,55,1.97397,never
USA,United States of America,1954,FALSE,NA,55,1.9714100000000003,never
USA,United States of America,1955,FALSE,NA,55,1.9775300000000002,never
USA,United States of America,1956,FALSE,NA,55,1.9833500000000004,never
USA,United States of America,1957,FALSE,NA,55,1.9866000000000004,never
USA,United States of America,1958,FALSE,NA,55,1.98847,never
USA,United States of America,1959,FALSE,NA,55,1.9956999999999998,never
USA,United States of America,1960,FALSE,NA,55,2.02689,never
USA,United States of America,1961,FALSE,NA,55,2.02011,never
USA,United States of America,1962,FALSE,NA,55,2.0283099999999994,never
USA,United States of America,1963,FALSE,NA,55,2.0403300000000004,never
USA,United States of America,1964,TRUE,43,55,2.062159999999999,crossed
USA,United States of America,1965,TRUE,43,55,2.069709999999999,crossed
USA,United States of America,1966,TRUE,42,55,2.080479999999999,crossed
USA,United States of America,1967,TRUE,41,55,2.09881,crossed
USA,United States of America,1968,TRUE,40,55,2.1169400000000005,crossed
USA,United States of America,1969,TRUE,40,55,2.1057,crossed
USA,United States of America,1970,TRUE,40,54,2.12556,crossed
USA,United States of America,1971,TRUE,39,53,2.14748,crossed
USA,United States of America,1972,TRUE,38,52,2.173280000000001,crossed
USA,United States of America,1973,TRUE,38,51,2.1910899999999995,crossed
USA,United States of America,1974,TRUE,38,50,2.2138900000000006,crossed
USA,United States of America,1975,TRUE,38,49,2.2163400000000006,crossed
USA,United States of America,1976,TRUE,38,48,2.2252199999999998,crossed
USA,United States of America,1977,TRUE,38,47,2.2295499999999997,crossed
USA,United States of America,1978,TRUE,38,46,2.2271100000000006,crossed
USA,United States of America,1979,TRUE,38,45,2.18201,crossed
USA,United States of America,1980,TRUE,39,44,2.1670500000000006,crossed
USA,United States of America,1981,TRUE,39,43,2.13635,crossed
USA,United States of America,1982,TRUE,39,42,2.131980000000001,crossed
USA,United States of America,1983,TRUE,39,41,2.1088599999999995,crossed
USA,United States of America,1984,TRUE,40,40,2.06239,crossed
USA,United States of America,1985,FALSE,NA,39,2.00209,censored
USA,United States of America,1986,FALSE,NA,38,1.94197,censored
USA,United States of America,1987,FALSE,NA,37,1.8642999999999998,censored
USA,United States of America,1988,FALSE,NA,36,1.77308,censored
USA,United States of America,1989,FALSE,NA,35,1.6455799999999998,censored
USA,United States of America,1990,FALSE,NA,34,1.51593,censored
USA,United States of America,1991,FALSE,NA,33,1.3845699999999999,censored
USA,United States of America,1992,FALSE,NA,32,1.2521200000000001,censored
USA,United States of America,1993,FALSE,NA,31,1.1189700000000002,censored
USA,United States of America,1994,FALSE,NA,30,0.9847900000000002,censored
USA,United States of America,1995,FALSE,NA,29,0.84902,censored
USA,United States of America,1996,FALSE,NA,28,0.72021,censored
USA,United States of America,1997,FALSE,NA,27,0.59673,censored
USA,United States of America,1998,FALSE,NA,26,0.4864900000000001,censored
USA,United States of America,1999,FALSE,NA,25,0.38309000000000004,censored
USA,United States of America,2000,FALSE,NA,24,0.29641999999999996,censored
USA,United States of America,2001,FALSE,NA,23,0.22382,censored
USA,United States of America,2002,FALSE,NA,22,0.16456,censored
USA,United States of America,2003,FALSE,NA,21,0.11193,censored
USA,United States of America,2004,FALSE,NA,20,0.06801,censored
USA,United States of America,2005,FALSE,NA,19,0.0356,censored
USA,United States of America,2006,FALSE,NA,18,0.01733,censored
USA,United States of America,2007,FALSE,NA,17,0.00791,censored
USA,United States of America,2008,FALSE,NA,16,0.00295,censored
USA,United States of America,2009,FALSE,NA,15,8.500000000000001e-4,censored
USA,United States of America,2010,FALSE,NA,14,1.7999999999999998e-4,censored
USA,United States of America,2011,FALSE,NA,13,3e-5,censored
