code,country,year,tfr,mass_35,mass_40
ALB,Albania,1955,6.77934,2.25117,0.98068
ALB,Albania,1956,6.294099999999999,1.9541,0.7932499999999999
ALB,Albania,1957,5.8272,1.7257600000000002,0.64964
ALB,Albania,1958,6.22797,1.81981,0.71295
ALB,Albania,1959,6.225080000000002,1.7507000000000001,0.692
ALB,Albania,1960,6.57276,2.1294400000000002,1.03858
ALB,Albania,1961,6.21432,1.9682600000000001,0.93188
ALB,Albania,1962,5.931930000000002,1.86921,0.9067700000000001
ALB,Albania,1963,5.87914,1.7428400000000002,0.85361
ALB,Albania,1964,5.65883,1.5968799999999999,0.7612699999999999
ALB,Albania,1965,5.27549,1.4663500000000003,0.72471
ALB,Albania,1966,5.059410000000001,1.3378999999999999,0.60209
ALB,Albania,1967,5.233600000000001,1.2916299999999998,0.5915999999999999
ALB,Albania,1968,5.25896,1.27513,0.54375
ALB,Albania,1969,5.555040000000001,1.2661,0.46229000000000003
ALB,Albania,1970,5.11763,1.18477,0.4562399999999999
ALB,Albania,1971,5.205439999999999,1.1506999999999998,0.43109
ALB,Albania,1972,5.049649999999999,1.1035499999999998,0.40334
ALB,Albania,1973,4.600110000000001,0.99715,0.3579
ALB,Albania,1974,4.560129999999999,0.97116,0.33453
ALB,Albania,1975,4.33034,0.90881,0.302
ALB,Albania,1976,4.1696100000000005,0.86114,0.27451000000000003
ALB,Albania,1977,4.19283,0.8508100000000001,0.25836000000000003
ALB,Albania,1978,3.9000000000000004,0.7567999999999999,0.22024
ALB,Albania,1979,3.8591500000000005,0.71167,0.19634
ALB,Albania,1980,3.61789,0.65621,0.18791
ALB,Albania,1981,3.523450000000001,0.62056,0.18326
ALB,Albania,1982,3.63187,0.62992,0.18435000000000001
ALB,Albania,1983,3.3289,0.55459,0.15291
ALB,Albania,1984,3.4543800000000005,0.57637,0.15622
ALB,Albania,1985,3.2086,0.49844,0.13522
ALB,Albania,1986,3.0586700000000007,0.43604,0.11241000000000001
ALB,Albania,1987,3.13047,0.44063,0.11078
ALB,Albania,1988,3.070640000000001,0.39952,0.10214999999999999
ALB,Albania,1989,2.9531500000000004,0.36811,0.09829
ALB,Albania,1990,3.00399,0.37898,0.10049
ALB,Albania,1991,2.8259999999999996,0.32848999999999995,0.08249000000000001
ALB,Albania,1992,2.84989,0.28321,0.06835999999999999
ALB,Albania,1993,2.5897600000000005,0.24237,0.05547
ALB,Albania,1994,2.74899,0.24302,0.051199999999999996
ALB,Albania,1995,2.7165600000000003,0.24825999999999998,0.04871
ALB,Albania,1996,2.5336100000000004,0.23185999999999998,0.04462
ALB,Albania,1997,2.2551900000000007,0.21188,0.04332
ALB,Albania,1998,2.1854199999999997,0.19736,0.03787
ALB,Albania,1999,2.1060999999999996,0.18301,0.03437
ALB,Albania,2000,2.0311899999999996,0.1926,0.03933
ALB,Albania,2001,2.3756500000000007,0.29592,0.068
ALB,Albania,2002,1.9464599999999999,0.20773000000000003,0.04376
ALB,Albania,2003,1.9808200000000002,0.20228,0.04158
ALB,Albania,2004,1.7890800000000002,0.18736,0.03718
ALB,Albania,2005,1.61036,0.16215,0.03061
ALB,Albania,2006,1.3818799999999998,0.14276,0.02679
ALB,Albania,2007,1.3287300000000004,0.15682000000000001,0.03145
ALB,Albania,2008,1.4384099999999997,0.23664,0.08467
AUS,Australia,1921,3.11899,0.7505200000000001,0.25385
AUS,Australia,1922,3.1059900000000003,0.7351899999999999,0.24614000000000003
AUS,Australia,1923,3.01601,0.70143,0.23565000000000003
AUS,Australia,1924,2.972040000000001,0.6776000000000001,0.22449000000000002
AUS,Australia,1925,2.9494800000000003,0.67631,0.22663
AUS,Australia,1926,2.8480100000000004,0.6406900000000001,0.21412
AUS,Australia,1927,2.79952,0.61081,0.20248
AUS,Australia,1928,2.7675000000000005,0.60053,0.19866
AUS,Australia,1929,2.6344800000000004,0.56142,0.18613000000000002
AUS,Australia,1930,2.5809999999999995,0.54858,0.18062
AUS,Australia,1931,2.3589599999999997,0.49415,0.16057000000000002
AUS,Australia,1932,2.18652,0.45968,0.15036
AUS,Australia,1933,2.16599,0.44265000000000004,0.1427
AUS,Australia,1934,2.1065,0.42545000000000005,0.13762
AUS,Australia,1935,2.1145,0.40840999999999994,0.12749
AUS,Australia,1936,2.1775200000000003,0.4211,0.12987
AUS,Australia,1937,2.208029999999999,0.40801,0.12245999999999999
AUS,Australia,1938,2.20451,0.39469,0.11646999999999999
AUS,Australia,1939,2.2214899999999997,0.38785000000000003,0.11241999999999999
AUS,Australia,1940,2.25552,0.39067999999999997,0.1128
AUS,Australia,1941,2.36401,0.39801,0.11294
AUS,Australia,1942,2.3744899999999998,0.40857,0.11635999999999999
AUS,Australia,1943,2.5684899999999997,0.43699,0.12140000000000001
AUS,Australia,1944,2.6300100000000004,0.48749000000000003,0.13629000000000002
AUS,Australia,1945,2.73602,0.51166,0.14608
AUS,Australia,1946,2.9854800000000004,0.52698,0.14995
AUS,Australia,1947,3.0759899999999996,0.5041,0.1407
AUS,Australia,1948,2.9849900000000003,0.47966,0.13379
AUS,Australia,1949,2.9859800000000005,0.45822999999999997,0.1258
AUS,Australia,1950,3.0665099999999996,0.46338,0.12722
AUS,Australia,1951,3.0589700000000004,0.44045,0.11909
AUS,Australia,1952,3.18052,0.44343,0.11684
AUS,Australia,1953,3.1924899999999994,0.4386,0.11536
AUS,Australia,1954,3.1909999999999994,0.43195000000000006,0.11426
AUS,Australia,1955,3.2749900000000003,0.43221000000000004,0.11467000000000001
AUS,Australia,1956,3.3295500000000002,0.42800000000000005,0.11116000000000001
AUS,Australia,1957,3.4204899999999996,0.43088,0.10991999999999999
AUS,Australia,1958,3.42051,0.42135,0.10591
AUS,Australia,1959,3.4399999999999995,0.41804,0.10542
AUS,Australia,1960,3.45103,0.41048,0.10156
AUS,Australia,1961,3.5475000000000003,0.42058999999999996,0.10475
AUS,Australia,1962,3.4305100000000004,0.40570000000000006,0.10059000000000001
AUS,Australia,1963,3.3429699999999998,0.39783,0.10106000000000001
AUS,Australia,1964,3.1540200000000005,0.38108,0.09469999999999999
AUS,Australia,1965,2.9725199999999994,0.34526,0.08578999999999999
AUS,Australia,1966,2.88451,0.32848,0.08215
AUS,Australia,1967,2.847,0.31006,0.07681
AUS,Australia,1968,2.8859899999999996,0.30055000000000004,0.0729
AUS,Australia,1969,2.8864999999999994,0.29141,0.06863
AUS,Australia,1970,2.8584799999999997,0.28482999999999997,0.06652999999999999
AUS,Australia,1971,2.9450100000000003,0.27894,0.06374
AUS,Australia,1972,2.7429799999999998,0.24541000000000002,0.05509
AUS,Australia,1973,2.4909800000000004,0.20999,0.045200000000000004
AUS,Australia,1974,2.3204999999999996,0.18054,0.036379999999999996
AUS,Australia,1975,2.1478,0.162,0.0328
AUS,Australia,1976,2.0597,0.1485,0.0292
AUS,Australia,1977,2.007,0.1444,0.0262
AUS,Australia,1978,1.9494999999999998,0.1395,0.0233
AUS,Australia,1979,1.9062999999999999,0.13979999999999998,0.024099999999999996
AUS,Australia,1980,1.8912999999999995,0.1386,0.0229
AUS,Australia,1981,1.9351,0.14240000000000003,0.023
AUS,Australia,1982,1.9297000000000006,0.14629999999999999,0.0233
AUS,Australia,1983,1.9243000000000003,0.14329999999999998,0.0224
AUS,Australia,1984,1.8401,0.1447,0.022199999999999998
AUS,Australia,1985,1.9229900000000004,0.1563,0.022699999999999998
AUS,Australia,1986,1.8682999999999998,0.1581,0.0217
AUS,Australia,1987,1.8447000000000005,0.1676,0.0239
AUS,Australia,1988,1.8318099999999997,0.1749,0.023
AUS,Australia,1989,1.8375899999999996,0.1876,0.0252
AUS,Australia,1990,1.9018,0.2009,0.028000000000000004
AUS,Australia,1991,1.8489,0.20640000000000003,0.0281
AUS,Australia,1992,1.8882,0.2225,0.0321
AUS,Australia,1993,1.8594000000000004,0.2256,0.0325
AUS,Australia,1994,1.8417000000000001,0.23829999999999998,0.0343
AUS,Australia,1995,1.8221,0.24670000000000003,0.0369
AUS,Australia,1996,1.7960999999999998,0.2548,0.0382
AUS,Australia,1997,1.7781999999999998,0.2615,0.038599999999999995
AUS,Australia,1998,1.7623000000000002,0.2682,0.0413
AUS,Australia,1999,1.755,0.27790000000000004,0.0435
AUS,Australia,2000,1.7563099999999998,0.2898,0.0448
AUS,Australia,2001,1.7294,0.2939,0.047
AUS,Australia,2002,1.7558000000000002,0.3134,0.0501
AUS,Australia,2003,1.7475999999999998,0.3248,0.05199999999999999
AUS,Australia,2004,1.7628000000000001,0.34088999999999997,0.05529
AUS,Australia,2005,1.7909,0.35660000000000003,0.056999999999999995
AUS,Australia,2006,1.8167,0.3732,0.0602
AUS,Australia,2007,1.9195000000000002,0.40290000000000004,0.06720000000000001
AUS,Australia,2008,1.9555899999999997,0.42658999999999997,0.07439
AUS,Australia,2009,1.9031000000000007,0.4191,0.07390000000000001
AUS,Australia,2010,1.8855999999999997,0.4294,0.07680000000000001
AUS,Australia,2011,1.88379,0.42959,0.07789
AUS,Australia,2012,1.9331999999999998,0.44010000000000005,0.07930000000000001
AUS,Australia,2013,1.8818,0.4365,0.0811
AUS,Australia,2014,1.7986999999999997,0.42210000000000003,0.0779
AUS,Australia,2015,1.8072,0.4268,0.0807
AUS,Australia,2016,1.7889899999999996,0.4405,0.08399999999999999
AUS,Australia,2017,1.7414100000000001,0.43760999999999994,0.08421
AUS,Australia,2018,1.7404099999999993,0.44201,0.08721000000000001
AUS,Australia,2019,1.6574999999999998,0.42791,0.08431
AUS,Australia,2020,1.5804999999999998,0.4095,0.08109999999999999
AUS,Australia,2021,1.69538,0.43359000000000003,0.08079
AUS,Australia,2022,1.63099,0.42809,0.08229
AUS,Australia,2023,1.49891,0.40661,0.07991
AUS,Australia,2024,1.4807999999999997,0.4149999999999999,0.0827
AUT,Austria,1937,1.5445399999999996,0.33339,0.09897
AUT,Austria,1951,2.0209000000000006,0.31847000000000003,0.0869
AUT,Austria,1952,2.06099,0.31217,0.08401999999999998
AUT,Austria,1953,2.0943599999999996,0.30745,0.08252000000000001
AUT,Austria,1954,2.1557,0.31671000000000005,0.08449000000000001
AUT,Austria,1955,2.2893200000000005,0.32804,0.08371
AUT,Austria,1956,2.4861,0.35546999999999995,0.09154
AUT,Austria,1957,2.57227,0.36499000000000004,0.09354
AUT,Austria,1958,2.6004500000000004,0.35246,0.08707
AUT,Austria,1959,2.6878499999999996,0.36127,0.08951
AUT,Austria,1960,2.69551,0.35273000000000004,0.08645
AUT,Austria,1961,2.7863099999999994,0.36272000000000004,0.08759
AUT,Austria,1962,2.80045,0.35916000000000003,0.08923
AUT,Austria,1963,2.82134,0.35443,0.08578
AUT,Austria,1964,2.79475,0.35414999999999996,0.09
AUT,Austria,1965,2.7034600000000006,0.33662000000000003,0.08309000000000001
AUT,Austria,1966,2.6627899999999993,0.32259,0.07885
AUT,Austria,1967,2.6212900000000015,0.30779,0.07365
AUT,Austria,1968,2.5858499999999998,0.29816000000000004,0.07031000000000001
AUT,Austria,1969,2.4878800000000005,0.28792,0.06517
AUT,Austria,1970,2.2921299999999993,0.26408,0.06147999999999999
AUT,Austria,1971,2.20011,0.25983,0.062189999999999995
AUT,Austria,1972,2.08529,0.24044000000000001,0.05859
AUT,Austria,1973,1.9379399999999996,0.22016999999999998,0.05302
AUT,Austria,1974,1.9075399999999998,0.20713,0.05173
AUT,Austria,1975,1.8266700000000002,0.18233,0.0453
AUT,Austria,1976,1.6880199999999996,0.15395000000000003,0.03766
AUT,Austria,1977,1.6307099999999997,0.14368,0.036559999999999995
AUT,Austria,1978,1.6041100000000006,0.12983999999999998,0.03177
AUT,Austria,1979,1.5981799999999995,0.12550999999999998,0.027970000000000002
AUT,Austria,1980,1.65167,0.12351,0.0264
AUT,Austria,1981,1.6735299999999997,0.12546,0.02555
AUT,Austria,1982,1.6608,0.12186,0.024480000000000002
AUT,Austria,1983,1.5592000000000001,0.11506000000000001,0.022170000000000002
AUT,Austria,1984,1.5224,0.11278,0.02033
AUT,Austria,1985,1.47426,0.11017,0.01992
AUT,Austria,1986,1.44939,0.10976999999999999,0.01974
AUT,Austria,1987,1.4316799999999998,0.11436999999999999,0.02019
AUT,Austria,1988,1.44711,0.11227000000000001,0.01848
AUT,Austria,1989,1.4455900000000002,0.11576999999999998,0.018539999999999997
AUT,Austria,1990,1.45736,0.12240000000000001,0.02008
AUT,Austria,1991,1.5071100000000002,0.12631,0.018740000000000003
AUT,Austria,1992,1.50488,0.12956,0.01947
AUT,Austria,1993,1.5011899999999998,0.13149,0.020810000000000002
AUT,Austria,1994,1.4653899999999995,0.13261,0.02073
AUT,Austria,1995,1.42352,0.13281,0.02077
AUT,Austria,1996,1.4458299999999995,0.13897,0.02184
AUT,Austria,1997,1.3925500000000002,0.14275000000000002,0.02249
AUT,Austria,1998,1.3701699999999999,0.14056,0.022129999999999997
AUT,Austria,1999,1.3402999999999998,0.14629,0.024439999999999996
AUT,Austria,2000,1.36447,0.14881999999999998,0.0238
AUT,Austria,2001,1.3309300000000004,0.15536,0.02631
AUT,Austria,2002,1.3941799999999998,0.17198,0.028130000000000002
AUT,Austria,2003,1.3759299999999999,0.18213000000000001,0.029830000000000002
AUT,Austria,2004,1.4191000000000003,0.19255,0.029880000000000004
AUT,Austria,2005,1.4077900000000003,0.19909,0.03203
AUT,Austria,2006,1.4090399999999996,0.20896000000000003,0.03514
AUT,Austria,2007,1.3850799999999999,0.21752,0.03567
AUT,Austria,2008,1.4169699999999996,0.23286,0.03883
AUT,Austria,2009,1.3958799999999991,0.24305,0.04073
AUT,Austria,2010,1.4433099999999996,0.25889,0.0427
AUT,Austria,2011,1.4308900000000002,0.26971,0.04622
AUT,Austria,2012,1.4404199999999996,0.28138,0.04872
AUT,Austria,2013,1.4361699999999995,0.29178,0.05159
AUT,Austria,2014,1.4642400000000007,0.30091,0.05251
AUT,Austria,2015,1.49069,0.31876000000000004,0.05698
AUT,Austria,2016,1.5296900000000002,0.33414,0.06025
AUT,Austria,2017,1.51799,0.3362,0.060219999999999996
AUT,Austria,2018,1.4747900000000003,0.33670999999999995,0.06415
AUT,Austria,2019,1.4608899999999998,0.34497,0.06629
AUT,Austria,2020,1.4357099999999996,0.33279000000000003,0.06324
AUT,Austria,2021,1.4762499999999998,0.35585,0.06555
AUT,Austria,2022,1.4092400000000003,0.33357000000000003,0.06567
AUT,Austria,2023,1.3158199999999995,0.31718999999999997,0.060899999999999996
AUT,Austria,2024,1.3114899999999996,0.31622999999999996,0.06306999999999999
BEL,Belgium,1939,2.0883000000000007,0.3728,0.10389999999999999
BEL,Belgium,1947,2.4898100000000003,0.45286,0.12326000000000001
BEL,Belgium,1948,2.4763200000000007,0.43525,0.11535000000000001
BEL,Belgium,1949,2.4230300000000002,0.42093,0.11346
BEL,Belgium,1950,2.37518,0.40431999999999996,0.10762000000000001
BEL,Belgium,1951,2.30655,0.39507000000000003,0.10264999999999999
BEL,Belgium,1952,2.3597300000000003,0.40584,0.10424
BEL,Belgium,1953,2.3543900000000013,0.39854,0.10244
BEL,Belgium,1954,2.3871300000000004,0.39377999999999996,0.10133
BEL,Belgium,1955,2.3971800000000005,0.38609,0.09913000000000001
BEL,Belgium,1956,2.4163399999999995,0.37436,0.10042000000000001
BEL,Belgium,1957,2.4633400000000005,0.36866999999999994,0.10174
BEL,Belgium,1958,2.5092000000000003,0.36271000000000003,0.0973
BEL,Belgium,1959,2.5765,0.35365,0.09382
BEL,Belgium,1960,2.54135,0.3429,0.08889999999999999
BEL,Belgium,1961,2.6253800000000003,0.34500000000000003,0.08595
BEL,Belgium,1962,2.5937900000000003,0.33616,0.08176
BEL,Belgium,1963,2.6855600000000006,0.33381000000000005,0.07944000000000001
BEL,Belgium,1964,2.72362,0.33494,0.07843
BEL,Belgium,1965,2.63236,0.31212000000000006,0.07250000000000001
BEL,Belgium,1966,2.5428700000000006,0.29044000000000003,0.06777
BEL,Belgium,1967,2.4339999999999997,0.26936,0.06096
BEL,Belgium,1968,2.33162,0.25142,0.058390000000000004
BEL,Belgium,1969,2.29169,0.24153,0.05555
BEL,Belgium,1970,2.25812,0.23457000000000003,0.05308
BEL,Belgium,1971,2.21284,0.2218,0.04956000000000001
BEL,Belgium,1972,2.0986200000000004,0.19823,0.04435
BEL,Belgium,1973,1.9609300000000003,0.17098000000000002,0.03894
BEL,Belgium,1974,1.84472,0.14803,0.03272
BEL,Belgium,1975,1.75659,0.13240000000000002,0.02854
BEL,Belgium,1976,1.7509199999999998,0.12311999999999998,0.025419999999999998
BEL,Belgium,1977,1.73889,0.11888,0.02292
BEL,Belgium,1978,1.7236399999999998,0.10844999999999999,0.02004
BEL,Belgium,1979,1.71808,0.10522000000000001,0.01845
BEL,Belgium,1980,1.7032999999999996,0.10185,0.01885
BEL,Belgium,1981,1.67476,0.09543,0.01815
BEL,Belgium,1982,1.61179,0.09272,0.01691
BEL,Belgium,1983,1.5581299999999998,0.09006,0.0157
BEL,Belgium,1984,1.5281500000000001,0.09049,0.01619
BEL,Belgium,1985,1.50016,0.09378,0.016050000000000002
BEL,Belgium,1986,1.53387,0.09896,0.01612
BEL,Belgium,1987,1.5330100000000002,0.10066999999999998,0.015390000000000001
BEL,Belgium,1988,1.5645900000000004,0.10948,0.016309999999999998
BEL,Belgium,1989,1.5808499999999999,0.11788,0.01657
BEL,Belgium,1990,1.6235200000000003,0.12158,0.017669999999999998
BEL,Belgium,1991,1.6534500000000003,0.13024,0.019180000000000003
BEL,Belgium,1992,1.6492699999999998,0.13397,0.018879999999999997
BEL,Belgium,1993,1.6068399999999994,0.13665,0.020409999999999998
BEL,Belgium,1994,1.56059,0.13963,0.020409999999999998
BEL,Belgium,1995,1.5618099999999997,0.14074,0.02035
BEL,Belgium,1996,1.5918300000000003,0.15123999999999999,0.0208
BEL,Belgium,1997,1.6054800000000002,0.15653999999999998,0.020919999999999998
BEL,Belgium,1998,1.6009799999999998,0.16093000000000002,0.02162
BEL,Belgium,1999,1.6088799999999999,0.16476000000000002,0.022269999999999998
BEL,Belgium,2000,1.6480799999999998,0.17846,0.02517
BEL,Belgium,2001,1.6543700000000001,0.18468,0.02688
BEL,Belgium,2002,1.62243,0.18711,0.027710000000000002
BEL,Belgium,2003,1.6447000000000003,0.19754,0.028450000000000003
BEL,Belgium,2004,1.7035600000000002,0.21476,0.03219
BEL,Belgium,2005,1.74079,0.22881,0.03365
BEL,Belgium,2006,1.78841,0.24244,0.035949999999999996
BEL,Belgium,2007,1.8334499999999998,0.26087,0.04085
BEL,Belgium,2008,1.8632700000000002,0.27298,0.04305
BEL,Belgium,2009,1.8387599999999997,0.27439,0.04383
BEL,Belgium,2010,1.8452600000000001,0.28915,0.04788
BEL,Belgium,2011,1.80158,0.28934,0.04775
BEL,Belgium,2012,1.7825700000000002,0.29649,0.050089999999999996
BEL,Belgium,2013,1.74549,0.30036,0.05112
BEL,Belgium,2014,1.7339499999999999,0.30933,0.055659999999999994
BEL,Belgium,2015,1.6882799999999998,0.30898000000000003,0.05537
BEL,Belgium,2016,1.6733999999999998,0.31148,0.05704
BEL,Belgium,2017,1.6396700000000004,0.31608,0.0609
BEL,Belgium,2018,1.61418,0.3181,0.06266
BEL,Belgium,2019,1.5950799999999998,0.32465,0.06358
BEL,Belgium,2020,1.5432899999999998,0.31102,0.06199
BEL,Belgium,2021,1.5946700000000007,0.33159,0.06499
BEL,Belgium,2022,1.52742,0.32819,0.06469
BEL,Belgium,2023,1.4686699999999997,0.31955,0.06308
BEL,Belgium,2024,1.4358000000000002,0.3164,0.0635
BGR,Bulgaria,1947,2.82857,0.33510000000000006,0.09116
BGR,Bulgaria,1948,2.8755100000000002,0.34580999999999995,0.09329
BGR,Bulgaria,1949,2.8686000000000003,0.3357,0.09169999999999999
BGR,Bulgaria,1950,2.926789999999999,0.34855,0.10417
BGR,Bulgaria,1951,2.4237299999999995,0.26738,0.07565
BGR,Bulgaria,1952,2.4280199999999996,0.2524,0.0691
BGR,Bulgaria,1953,2.4107499999999997,0.24713,0.07091
BGR,Bulgaria,1954,2.35988,0.23446,0.06467
BGR,Bulgaria,1955,2.38016,0.21893,0.06210999999999999
BGR,Bulgaria,1956,2.3450999999999995,0.19826000000000002,0.05849
BGR,Bulgaria,1957,2.2536899999999993,0.16496,0.04733
BGR,Bulgaria,1958,2.23115,0.15306,0.0465
BGR,Bulgaria,1959,2.23502,0.14133,0.03941
BGR,Bulgaria,1960,2.31225,0.1358,0.038509999999999996
BGR,Bulgaria,1961,2.2909000000000006,0.13003,0.03387
BGR,Bulgaria,1962,2.2413200000000004,0.12993,0.03417
BGR,Bulgaria,1963,2.21096,0.12075,0.029920000000000002
BGR,Bulgaria,1964,2.1839299999999993,0.11432,0.028990000000000002
BGR,Bulgaria,1965,2.0863,0.10941,0.02552
BGR,Bulgaria,1966,2.0248,0.0995,0.02246
BGR,Bulgaria,1967,2.02189,0.09493,0.022019999999999998
BGR,Bulgaria,1968,2.2689600000000008,0.09960999999999999,0.02214
BGR,Bulgaria,1969,2.26775,0.09897999999999998,0.02024
BGR,Bulgaria,1970,2.1725499999999998,0.09117,0.01799
BGR,Bulgaria,1971,2.1019699999999992,0.08575,0.017800000000000003
BGR,Bulgaria,1972,2.0275499999999997,0.07962,0.01668
BGR,Bulgaria,1973,2.1480300000000003,0.08248,0.016390000000000002
BGR,Bulgaria,1974,2.28905,0.08385999999999999,0.01569
BGR,Bulgaria,1975,2.22588,0.08027999999999999,0.01532
BGR,Bulgaria,1976,2.24251,0.08002,0.01465
BGR,Bulgaria,1977,2.2056399999999994,0.07443000000000001,0.013659999999999999
BGR,Bulgaria,1978,2.14862,0.06723,0.011789999999999998
BGR,Bulgaria,1979,2.1554699999999998,0.06512000000000001,0.012180000000000002
BGR,Bulgaria,1980,2.0536400000000006,0.06011,0.01165
BGR,Bulgaria,1981,2.0026100000000007,0.059680000000000004,0.01091
BGR,Bulgaria,1982,2.0121800000000003,0.05746,0.01054
BGR,Bulgaria,1983,2.0061600000000004,0.0573,0.01026
BGR,Bulgaria,1984,2.00896,0.057260000000000005,0.00987
BGR,Bulgaria,1985,1.9782,0.057019999999999994,0.00979
BGR,Bulgaria,1986,2.01946,0.06148,0.01048
BGR,Bulgaria,1987,1.9649,0.060160000000000005,0.01032
BGR,Bulgaria,1988,1.97174,0.0589,0.009830000000000002
BGR,Bulgaria,1989,1.88931,0.05975,0.00962
BGR,Bulgaria,1990,1.78709,0.057659999999999996,0.009470000000000001
BGR,Bulgaria,1991,1.6444299999999998,0.05118,0.00884
BGR,Bulgaria,1992,1.54367,0.049890000000000004,0.009659999999999998
BGR,Bulgaria,1993,1.46557,0.05075,0.00952
BGR,Bulgaria,1994,1.37817,0.04929,0.00851
BGR,Bulgaria,1995,1.2486499999999998,0.04619,0.00799
BGR,Bulgaria,1996,1.25707,0.04791,0.0087
BGR,Bulgaria,1997,1.12218,0.045700000000000005,0.00862
BGR,Bulgaria,1998,1.15195,0.04495,0.00785
BGR,Bulgaria,1999,1.28452,0.05162,0.00841
BGR,Bulgaria,2000,1.3220800000000001,0.059699999999999996,0.010329999999999999
BGR,Bulgaria,2001,1.2358600000000002,0.05938,0.00938
BGR,Bulgaria,2002,1.21719,0.05896,0.008830000000000001
BGR,Bulgaria,2003,1.2466100000000002,0.06662000000000001,0.009420000000000001
BGR,Bulgaria,2004,1.30938,0.07469,0.011000000000000001
BGR,Bulgaria,2005,1.3467900000000002,0.08292,0.01116
BGR,Bulgaria,2006,1.4215299999999997,0.09417,0.0121
BGR,Bulgaria,2007,1.4705,0.10988999999999999,0.01524
BGR,Bulgaria,2008,1.5436600000000003,0.12272,0.01708
BGR,Bulgaria,2009,1.6404300000000003,0.14551,0.020040000000000002
BGR,Bulgaria,2010,1.55786,0.15432,0.021449999999999997
BGR,Bulgaria,2011,1.4982799999999998,0.15509,0.023059999999999997
BGR,Bulgaria,2012,1.4983999999999997,0.16069,0.02389
BGR,Bulgaria,2013,1.4803399999999998,0.16167,0.025349999999999998
BGR,Bulgaria,2014,1.53406,0.18158000000000002,0.029060000000000002
BGR,Bulgaria,2015,1.5303000000000002,0.1867,0.03185
BGR,Bulgaria,2016,1.5431100000000002,0.19409,0.03628
BGR,Bulgaria,2017,1.55983,0.20515,0.03939
BGR,Bulgaria,2018,1.5575700000000001,0.20716,0.040900000000000006
BGR,Bulgaria,2019,1.5836699999999997,0.21460999999999997,0.044149999999999995
BGR,Bulgaria,2020,1.5575600000000003,0.2165,0.04555
BGR,Bulgaria,2021,1.57836,0.21975,0.04589
BIH,Bosnia and Herzegovina,1950,5.220170000000001,1.4484000000000001,0.59125
BIH,Bosnia and Herzegovina,1951,4.525790000000001,1.2128100000000002,0.4841
BIH,Bosnia and Herzegovina,1952,5.249360000000001,1.3118400000000001,0.5078400000000001
BIH,Bosnia and Herzegovina,1953,4.88686,1.20031,0.48000000000000004
BIH,Bosnia and Herzegovina,1954,4.87157,1.09903,0.42377
BIH,Bosnia and Herzegovina,1955,4.523289999999999,1.05288,0.3955
BIH,Bosnia and Herzegovina,1956,4.3812,0.98024,0.33808
BIH,Bosnia and Herzegovina,1957,3.9086500000000006,0.86198,0.28859999999999997
BIH,Bosnia and Herzegovina,1958,4.073830000000001,0.87521,0.28745
BIH,Bosnia and Herzegovina,1959,3.9061099999999995,0.84594,0.27897
BIH,Bosnia and Herzegovina,1960,3.9466799999999997,0.8442200000000001,0.30425
BIH,Bosnia and Herzegovina,1961,3.83728,0.79402,0.28668
BIH,Bosnia and Herzegovina,1962,3.768050000000001,0.7536,0.27334
BIH,Bosnia and Herzegovina,1963,3.6421699999999997,0.7131900000000001,0.24980000000000002
BIH,Bosnia and Herzegovina,1964,3.5132499999999998,0.66603,0.2281
BIH,Bosnia and Herzegovina,1965,3.5006300000000006,0.6271,0.21195
BIH,Bosnia and Herzegovina,1966,3.34265,0.56389,0.18169999999999997
BIH,Bosnia and Herzegovina,1967,3.1372,0.50789,0.15861999999999998
BIH,Bosnia and Herzegovina,1968,3.0025999999999997,0.46731,0.14812999999999998
BIH,Bosnia and Herzegovina,1969,2.974990000000001,0.44701,0.13503
BIH,Bosnia and Herzegovina,1970,2.706829999999999,0.38492,0.11566
BIH,Bosnia and Herzegovina,1971,2.80472,0.36167,0.10648999999999999
BIH,Bosnia and Herzegovina,1972,2.73319,0.34943,0.09920000000000001
BIH,Bosnia and Herzegovina,1973,2.5136,0.31567,0.08615999999999999
BIH,Bosnia and Herzegovina,1974,2.42538,0.29158,0.08019000000000001
BIH,Bosnia and Herzegovina,1975,2.375209999999999,0.27635000000000004,0.07461000000000001
BIH,Bosnia and Herzegovina,1976,2.306,0.26266,0.07136
BIH,Bosnia and Herzegovina,1977,2.1429,0.23747,0.061130000000000004
BIH,Bosnia and Herzegovina,1978,2.01445,0.21499,0.055249999999999994
BIH,Bosnia and Herzegovina,1979,1.9174000000000002,0.19211,0.04994
BIH,Bosnia and Herzegovina,1980,1.9261,0.18012,0.047549999999999995
BIH,Bosnia and Herzegovina,1981,1.97209,0.17479999999999998,0.04461999999999999
BIH,Bosnia and Herzegovina,1982,2.0236400000000003,0.16332,0.03802
BIH,Bosnia and Herzegovina,1983,2.00859,0.16421,0.038919999999999996
BIH,Bosnia and Herzegovina,1984,1.97045,0.14738,0.03322
BIH,Bosnia and Herzegovina,1985,1.89385,0.14202,0.02991
BIH,Bosnia and Herzegovina,1986,1.8331599999999995,0.13721,0.029200000000000004
BIH,Bosnia and Herzegovina,1987,1.81153,0.13566,0.031490000000000004
BIH,Bosnia and Herzegovina,1988,1.79859,0.12557000000000001,0.027750000000000004
BIH,Bosnia and Herzegovina,1989,1.6990799999999995,0.11306000000000001,0.02389
BIH,Bosnia and Herzegovina,1990,1.7049799999999995,0.11287,0.02354
BIH,Bosnia and Herzegovina,1996,1.6470099999999999,0.17193,0.03384
BIH,Bosnia and Herzegovina,1997,1.68447,0.14915,0.02781
BIH,Bosnia and Herzegovina,1998,1.55801,0.14778000000000002,0.02981
BIH,Bosnia and Herzegovina,1999,1.3619999999999999,0.11736999999999999,0.02027
BIH,Bosnia and Herzegovina,2000,1.2789899999999998,0.11392000000000002,0.0211
BIH,Bosnia and Herzegovina,2001,1.2265100000000002,0.10181,0.01842
BIH,Bosnia and Herzegovina,2002,1.228,0.11415999999999998,0.02085
BIH,Bosnia and Herzegovina,2003,1.21601,0.11155,0.018140000000000003
BIH,Bosnia and Herzegovina,2004,1.2180199999999999,0.1142,0.01961
BIH,Bosnia and Herzegovina,2005,1.2000099999999998,0.10833999999999999,0.01746
BIH,Bosnia and Herzegovina,2006,1.1769999999999996,0.10389,0.014949999999999998
BIH,Bosnia and Herzegovina,2007,1.2585099999999996,0.12628999999999999,0.01776
BIH,Bosnia and Herzegovina,2008,1.2849899999999999,0.13172,0.01963
BIH,Bosnia and Herzegovina,2009,1.3040100000000003,0.13685000000000003,0.01889
BIH,Bosnia and Herzegovina,2010,1.2664900000000001,0.1457,0.02165
BIH,Bosnia and Herzegovina,2011,1.2054999999999998,0.13894,0.01967
BIH,Bosnia and Herzegovina,2012,1.34851,0.15653,0.02636
BIH,Bosnia and Herzegovina,2013,1.27551,0.15537,0.02543
BIH,Bosnia and Herzegovina,2014,1.259,0.16333,0.026950000000000002
BIH,Bosnia and Herzegovina,2015,1.2419999999999998,0.16665,0.027360000000000002
BIH,Bosnia and Herzegovina,2016,1.2585400000000002,0.17785,0.031369999999999995
BIH,Bosnia and Herzegovina,2017,1.26,0.19283999999999998,0.03519
BIH,Bosnia and Herzegovina,2018,1.2529899999999998,0.19337,0.03795
BIH,Bosnia and Herzegovina,2019,1.2040200000000003,0.19446999999999998,0.039599999999999996
BIH,Bosnia and Herzegovina,2020,1.1855200000000001,0.19384,0.04117
BIH,Bosnia and Herzegovina,2021,1.19054,0.1936,0.0395
BIH,Bosnia and Herzegovina,2022,1.18052,0.19874,0.04244
BIH,Bosnia and Herzegovina,2023,1.1825100000000002,0.20635,0.04639
BIH,Bosnia and Herzegovina,2024,1.18,0.21319,0.04856
BLR,Belarus,1960,2.796,0.46731,0.13399
BLR,Belarus,1961,2.60499,0.40897000000000006,0.11598
BLR,Belarus,1962,2.573,0.40401000000000004,0.11101
BLR,Belarus,1963,2.45997,0.38197000000000003,0.10698
BLR,Belarus,1964,2.2819800000000003,0.33444,0.09084
BLR,Belarus,1965,2.24124,0.32914000000000004,0.08903000000000001
BLR,Belarus,1966,2.30905,0.33055,0.08676999999999999
BLR,Belarus,1967,2.28594,0.31292,0.07599
BLR,Belarus,1968,2.31567,0.30913999999999997,0.08138000000000001
BLR,Belarus,1969,2.29006,0.29011,0.07074
BLR,Belarus,1970,2.3538999999999994,0.28079,0.06254
BLR,Belarus,1971,2.3602,0.26648,0.05854
BLR,Belarus,1972,2.31114,0.25283,0.055220000000000005
BLR,Belarus,1973,2.2267599999999996,0.23681,0.0526
BLR,Belarus,1974,2.21372,0.22725,0.04747
BLR,Belarus,1975,2.15722,0.20915,0.04428
BLR,Belarus,1976,2.11986,0.19566999999999998,0.041429999999999995
BLR,Belarus,1977,2.08748,0.18159999999999998,0.040420000000000005
BLR,Belarus,1978,2.06541,0.16019,0.03472
BLR,Belarus,1979,2.0281499999999997,0.14676999999999998,0.03114
BLR,Belarus,1980,2.0069999999999997,0.13461,0.02792
BLR,Belarus,1981,2.0075399999999997,0.13097,0.027710000000000002
BLR,Belarus,1982,1.9906600000000003,0.13121,0.02517
BLR,Belarus,1983,2.1543499999999995,0.13513,0.023749999999999997
BLR,Belarus,1984,2.0956200000000003,0.13132,0.02373
BLR,Belarus,1985,2.0553300000000005,0.12204999999999999,0.02224
BLR,Belarus,1986,2.1563800000000004,0.1416,0.026049999999999997
BLR,Belarus,1987,2.08566,0.13135,0.02472
BLR,Belarus,1988,2.1200699999999997,0.12758,0.02373
BLR,Belarus,1989,2.02784,0.11167,0.02071
BLR,Belarus,1990,1.9125999999999996,0.09548999999999999,0.01663
BLR,Belarus,1991,1.8056399999999997,0.0875,0.016
BLR,Belarus,1992,1.7654900000000002,0.08147,0.0155
BLR,Belarus,1993,1.62427,0.07478,0.013989999999999999
BLR,Belarus,1994,1.5345900000000001,0.07100000000000001,0.012920000000000001
BLR,Belarus,1995,1.4070399999999998,0.06525,0.011980000000000001
BLR,Belarus,1996,1.33548,0.06195,0.01117
BLR,Belarus,1997,1.25035,0.05899,0.010589999999999999
BLR,Belarus,1998,1.30042,0.06339,0.01017
BLR,Belarus,1999,1.31069,0.06279,0.01047
BLR,Belarus,2000,1.3182300000000002,0.06888,0.0104
BLR,Belarus,2001,1.28675,0.07114999999999999,0.011379999999999998
BLR,Belarus,2002,1.2411600000000003,0.07070000000000001,0.01107
BLR,Belarus,2003,1.2321600000000001,0.07403000000000001,0.01192
BLR,Belarus,2004,1.23371,0.07805999999999999,0.012369999999999999
BLR,Belarus,2005,1.2525500000000003,0.08505000000000001,0.01293
BLR,Belarus,2006,1.3352500000000005,0.09389,0.0132
BLR,Belarus,2007,1.4297900000000001,0.11056,0.01543
BLR,Belarus,2008,1.4884000000000004,0.12088,0.017150000000000002
BLR,Belarus,2009,1.5089699999999995,0.13152,0.01965
BLR,Belarus,2010,1.49449,0.13564,0.01942
BLR,Belarus,2011,1.51574,0.14024,0.020810000000000002
BLR,Belarus,2012,1.6208100000000005,0.15781,0.02277
BLR,Belarus,2013,1.6682700000000001,0.1759,0.02569
BLR,Belarus,2014,1.6967899999999996,0.19173,0.02926
BLR,Belarus,2015,1.7248000000000001,0.20978999999999998,0.03179
BLR,Belarus,2016,1.73373,0.22169000000000003,0.03397
BLR,Belarus,2017,1.5414599999999996,0.20855,0.03489
BLR,Belarus,2018,1.44792,0.20479000000000003,0.03481
CAN,Canada,1921,3.52785,0.80504,0.25806999999999997
CAN,Canada,1922,3.3998900000000005,0.77966,0.25066
CAN,Canada,1923,3.22903,0.74782,0.23815
CAN,Canada,1924,3.2169600000000003,0.73873,0.23776
CAN,Canada,1925,3.13004,0.7265999999999999,0.23235999999999998
CAN,Canada,1926,3.35275,0.8484600000000001,0.27785000000000004
CAN,Canada,1927,3.316420000000001,0.84015,0.27366
CAN,Canada,1928,3.2935600000000003,0.82131,0.26833
CAN,Canada,1929,3.2171800000000004,0.7761500000000001,0.25364000000000003
CAN,Canada,1930,3.2811700000000004,0.7880000000000001,0.25631000000000004
CAN,Canada,1931,3.193680000000001,0.7568600000000001,0.24236000000000002
CAN,Canada,1932,3.0814700000000004,0.74318,0.24167
CAN,Canada,1933,2.8627400000000005,0.69177,0.21805
CAN,Canada,1934,2.8006499999999996,0.68077,0.21687
CAN,Canada,1935,2.75078,0.6690900000000001,0.20791
CAN,Canada,1936,2.69221,0.6487799999999999,0.20065
CAN,Canada,1937,2.63943,0.6164499999999999,0.19178
CAN,Canada,1938,2.6957,0.61008,0.18841
CAN,Canada,1939,2.64815,0.59196,0.17991000000000001
CAN,Canada,1940,2.7579900000000004,0.58464,0.17947000000000002
CAN,Canada,1941,2.8199199999999998,0.5707800000000001,0.17331
CAN,Canada,1942,2.9537299999999997,0.5886,0.17684999999999998
CAN,Canada,1943,3.0279100000000008,0.6024799999999999,0.17378
CAN,Canada,1944,2.997939999999999,0.6153299999999999,0.17903
CAN,Canada,1945,2.9988799999999993,0.62804,0.18241
CAN,Canada,1946,3.3592999999999997,0.64857,0.18686
CAN,Canada,1947,3.579929999999999,0.64358,0.1833
CAN,Canada,1948,3.4210500000000006,0.6155200000000001,0.17524
CAN,Canada,1949,3.4396700000000004,0.6093500000000001,0.16947
CAN,Canada,1950,3.43098,0.59819,0.16407
CAN,Canada,1951,3.47796,0.5935499999999999,0.16449
CAN,Canada,1952,3.6235900000000014,0.5961000000000001,0.16283
CAN,Canada,1953,3.70215,0.60053,0.16459000000000001
CAN,Canada,1954,3.8148599999999995,0.61164,0.17253999999999997
CAN,Canada,1955,3.8200700000000007,0.61299,0.17078
CAN,Canada,1956,3.84144,0.60576,0.16412000000000002
CAN,Canada,1957,3.9300699999999997,0.61221,0.16362
CAN,Canada,1958,3.89284,0.58751,0.15379
CAN,Canada,1959,3.943190000000001,0.5854400000000001,0.15242000000000003
CAN,Canada,1960,3.9088600000000002,0.56963,0.14991
CAN,Canada,1961,3.85272,0.55533,0.15054
CAN,Canada,1962,3.7701100000000003,0.53057,0.14395999999999998
CAN,Canada,1963,3.6799500000000003,0.51624,0.13624
CAN,Canada,1964,3.51162,0.49446,0.13343
CAN,Canada,1965,3.14919,0.44757,0.11788000000000001
CAN,Canada,1966,2.8152399999999993,0.39181,0.10293000000000001
CAN,Canada,1967,2.59584,0.3419,0.08648
CAN,Canada,1968,2.4549700000000003,0.30077,0.07601
CAN,Canada,1969,2.40414,0.28196,0.06820999999999999
CAN,Canada,1970,2.3118499999999997,0.25572000000000006,0.060880000000000004
CAN,Canada,1971,2.1377399999999995,0.21658,0.04958
CAN,Canada,1972,1.9648099999999995,0.18458999999999998,0.04092
CAN,Canada,1973,1.8753000000000002,0.15991,0.03351
CAN,Canada,1974,1.83015,0.14182,0.02889
CAN,Canada,1975,1.8319199999999998,0.13267,0.02594
CAN,Canada,1976,1.7819300000000002,0.12617,0.02325
CAN,Canada,1977,1.7502100000000003,0.11840999999999999,0.01938
CAN,Canada,1978,1.6966400000000001,0.11059000000000001,0.01875
CAN,Canada,1979,1.6953599999999995,0.11036,0.017230000000000002
CAN,Canada,1980,1.67979,0.10869999999999999,0.01586
CAN,Canada,1981,1.6517300000000001,0.10926000000000001,0.01628
CAN,Canada,1982,1.6364999999999998,0.11184,0.01582
CAN,Canada,1983,1.6206,0.11278000000000002,0.015069999999999998
CAN,Canada,1984,1.6247600000000002,0.11809,0.0148
CAN,Canada,1985,1.61052,0.12169,0.015130000000000001
CAN,Canada,1986,1.5938899999999998,0.12687,0.015780000000000002
CAN,Canada,1987,1.5756399999999997,0.13165,0.01636
CAN,Canada,1988,1.59926,0.1397,0.01779
CAN,Canada,1989,1.65852,0.14638,0.018500000000000003
CAN,Canada,1990,1.7153599999999998,0.15578999999999998,0.01944
CAN,Canada,1991,1.71812,0.15922,0.02015
CAN,Canada,1992,1.7128700000000001,0.16468,0.02148
CAN,Canada,1993,1.6849800000000004,0.16948000000000002,0.02255
CAN,Canada,1994,1.69067,0.17476,0.02355
CAN,Canada,1995,1.6729800000000006,0.18125000000000002,0.024620000000000003
CAN,Canada,1996,1.6337599999999997,0.18834,0.02584
CAN,Canada,1997,1.57108,0.18922,0.02649
CAN,Canada,1998,1.5577100000000002,0.19097,0.026949999999999998
CAN,Canada,1999,1.54569,0.19769,0.028480000000000005
CAN,Canada,2000,1.5107400000000002,0.19982000000000003,0.029679999999999998
CAN,Canada,2001,1.5399,0.21112,0.030920000000000003
CAN,Canada,2002,1.5182600000000002,0.21663000000000002,0.03159
CAN,Canada,2003,1.5473799999999998,0.23182000000000003,0.033659999999999995
CAN,Canada,2004,1.55674,0.24202999999999997,0.03614
CAN,Canada,2005,1.58051,0.25373,0.037849999999999995
CAN,Canada,2006,1.6285500000000002,0.27009,0.04006
CAN,Canada,2007,1.67074,0.28744000000000003,0.043410000000000004
CAN,Canada,2008,1.7030100000000004,0.3003,0.04659
CAN,Canada,2009,1.69235,0.30643,0.05022
CAN,Canada,2010,1.6467700000000003,0.31235999999999997,0.05246999999999999
CAN,Canada,2011,1.62825,0.3157,0.05427
CAN,Canada,2012,1.62868,0.32273999999999997,0.056459999999999996
CAN,Canada,2013,1.6060300000000003,0.32526,0.057260000000000005
CAN,Canada,2014,1.6109400000000003,0.33198,0.05878
CAN,Canada,2015,1.59698,0.33792,0.06098
CAN,Canada,2016,1.5886500000000001,0.34248,0.06064
CAN,Canada,2017,1.54198,0.34556,0.06218
CAN,Canada,2018,1.50377,0.34996,0.06472
CAN,Canada,2019,1.4718599999999997,0.35191,0.06583
CAN,Canada,2020,1.4065900000000002,0.34187,0.06533
CAN,Canada,2021,1.4223499999999998,0.3564,0.06522
CAN,Canada,2022,1.31438,0.34579,0.0672
CAN,Canada,2023,1.25807,0.33782,0.06581
CAN,Canada,2024,1.2540000000000002,0.35503,0.08898
CHE,Switzerland,1932,1.9427300000000003,0.43956,0.12653999999999999
CHE,Switzerland,1933,1.89365,0.42174,0.12015
CHE,Switzerland,1934,1.8746600000000002,0.40908,0.11697
CHE,Switzerland,1935,1.8426499999999997,0.39652,0.11373
CHE,Switzerland,1936,1.80339,0.38806,0.1121
CHE,Switzerland,1937,1.73687,0.36941999999999997,0.10197
CHE,Switzerland,1938,1.78027,0.37533999999999995,0.10331
CHE,Switzerland,1939,1.79285,0.36268,0.09628
CHE,Switzerland,1940,1.8156299999999999,0.37479999999999997,0.09854
CHE,Switzerland,1941,2.0503200000000006,0.42422000000000004,0.11480000000000001
CHE,Switzerland,1942,2.26471,0.46931,0.12071
CHE,Switzerland,1943,2.40308,0.49910999999999994,0.12900999999999999
CHE,Switzerland,1944,2.4960800000000005,0.51562,0.13339
CHE,Switzerland,1945,2.5977800000000006,0.53533,0.14101
CHE,Switzerland,1946,2.61701,0.53158,0.14001
CHE,Switzerland,1947,2.55861,0.51166,0.13432
CHE,Switzerland,1948,2.538530000000001,0.48548,0.12799
CHE,Switzerland,1949,2.43968,0.45570000000000005,0.11971000000000001
CHE,Switzerland,1950,2.4008600000000007,0.44896,0.11758
CHE,Switzerland,1951,2.300630000000001,0.41931,0.11043
CHE,Switzerland,1952,2.3240600000000002,0.41169,0.10642000000000001
CHE,Switzerland,1953,2.28574,0.39999,0.10382
CHE,Switzerland,1954,2.2826700000000004,0.39698000000000006,0.10286000000000001
CHE,Switzerland,1955,2.30215,0.38728000000000007,0.10547
CHE,Switzerland,1956,2.3488800000000007,0.38461999999999996,0.09997
CHE,Switzerland,1957,2.4054500000000005,0.38321,0.10452
CHE,Switzerland,1958,2.39979,0.37105,0.09509000000000001
CHE,Switzerland,1959,2.423610000000001,0.36622,0.09608
CHE,Switzerland,1960,2.4428100000000006,0.36130999999999996,0.09299
CHE,Switzerland,1961,2.5288899999999996,0.36157,0.09087
CHE,Switzerland,1962,2.5937900000000003,0.35999000000000003,0.09049
CHE,Switzerland,1963,2.66572,0.35555000000000003,0.08766
CHE,Switzerland,1964,2.6751,0.35530999999999996,0.08504
CHE,Switzerland,1965,2.605210000000001,0.33748,0.08113999999999999
CHE,Switzerland,1966,2.5162099999999996,0.32109,0.07729
CHE,Switzerland,1967,2.408140000000001,0.29989,0.07489
CHE,Switzerland,1968,2.3002000000000002,0.28264,0.06674
CHE,Switzerland,1969,2.1920800000000003,0.26367999999999997,0.060969999999999996
CHE,Switzerland,1970,2.10424,0.24534999999999998,0.05545
CHE,Switzerland,1971,2.0382800000000003,0.22883,0.050890000000000005
CHE,Switzerland,1972,1.9129300000000002,0.20639,0.04525
CHE,Switzerland,1973,1.8103200000000002,0.18518,0.040279999999999996
CHE,Switzerland,1974,1.7333299999999998,0.16461,0.03299
CHE,Switzerland,1975,1.6142499999999997,0.14426,0.029670000000000002
CHE,Switzerland,1976,1.54735,0.1324,0.025800000000000003
CHE,Switzerland,1977,1.53303,0.12852,0.02302
CHE,Switzerland,1978,1.50791,0.12325000000000001,0.02221
CHE,Switzerland,1979,1.5220899999999997,0.11995,0.01892
CHE,Switzerland,1980,1.55392,0.123,0.01974
CHE,Switzerland,1981,1.54577,0.12276,0.017259999999999998
CHE,Switzerland,1982,1.55671,0.12183,0.01745
CHE,Switzerland,1983,1.5188899999999999,0.11876,0.01715
CHE,Switzerland,1984,1.5294,0.12652000000000002,0.01803
CHE,Switzerland,1985,1.5157299999999996,0.12943000000000002,0.01711
CHE,Switzerland,1986,1.53179,0.13316,0.0175
CHE,Switzerland,1987,1.5155500000000004,0.14028,0.01769
CHE,Switzerland,1988,1.5688700000000002,0.1501,0.01821
CHE,Switzerland,1989,1.5640999999999998,0.15907,0.01945
CHE,Switzerland,1990,1.59237,0.16642,0.019639999999999998
CHE,Switzerland,1991,1.59598,0.17487,0.022830000000000003
CHE,Switzerland,1992,1.5764,0.17902,0.02427
CHE,Switzerland,1993,1.5083900000000001,0.17686,0.022470000000000004
CHE,Switzerland,1994,1.4890299999999999,0.18503999999999998,0.024620000000000003
CHE,Switzerland,1995,1.47708,0.18625999999999998,0.02375
CHE,Switzerland,1996,1.50228,0.19727,0.02619
CHE,Switzerland,1997,1.47785,0.20244,0.02799
CHE,Switzerland,1998,1.4702000000000002,0.21158,0.029429999999999998
CHE,Switzerland,1999,1.4818200000000001,0.21899000000000002,0.030449999999999998
CHE,Switzerland,2000,1.4963700000000004,0.22959999999999997,0.03256
CHE,Switzerland,2001,1.38356,0.22765999999999997,0.034089999999999995
CHE,Switzerland,2002,1.3897399999999995,0.23881000000000002,0.035339999999999996
CHE,Switzerland,2003,1.3852799999999996,0.24811,0.03668
CHE,Switzerland,2004,1.4157000000000002,0.26532,0.03799999999999999
CHE,Switzerland,2005,1.42,0.28137,0.0421
CHE,Switzerland,2006,1.4373399999999998,0.29639000000000004,0.046060000000000004
CHE,Switzerland,2007,1.45635,0.31523999999999996,0.04956
CHE,Switzerland,2008,1.4841700000000002,0.33507,0.05284
CHE,Switzerland,2009,1.49734,0.35516000000000003,0.05668000000000001
CHE,Switzerland,2010,1.5237600000000002,0.36666,0.05997
CHE,Switzerland,2011,1.5184100000000007,0.38152,0.06321
CHE,Switzerland,2012,1.52613,0.38982,0.06722
CHE,Switzerland,2013,1.5166799999999998,0.39781,0.06887
CHE,Switzerland,2014,1.5393000000000001,0.41428,0.07367
CHE,Switzerland,2015,1.5404700000000002,0.42165,0.07766999999999999
CHE,Switzerland,2016,1.54592,0.42667,0.07976
CHE,Switzerland,2017,1.52207,0.42598,0.08041999999999999
CHE,Switzerland,2018,1.51865,0.43476,0.08259
CHE,Switzerland,2019,1.4796900000000002,0.42635,0.08323
CHE,Switzerland,2020,1.46493,0.41931,0.07978
CHE,Switzerland,2021,1.5174200000000002,0.44365999999999994,0.08066999999999999
CHE,Switzerland,2022,1.3882899999999996,0.41283000000000003,0.08125
CHE,Switzerland,2023,1.33245,0.40310999999999997,0.07951
CHE,Switzerland,2024,1.2876899999999998,0.39321,0.0763
CZE,Czech Republic,1945,3.2001999999999993,0.51023,0.11957000000000001
CZE,Czech Republic,1946,3.3505499999999997,0.50517,0.11187
CZE,Czech Republic,1947,3.10114,0.46339,0.11087
CZE,Czech Republic,1948,2.8902799999999993,0.41863,0.10573
CZE,Czech Republic,1949,2.7180299999999993,0.36688,0.09312
CZE,Czech Republic,1950,2.7991799999999993,0.35926,0.09204999999999999
CZE,Czech Republic,1951,2.7687800000000005,0.33561,0.08605
CZE,Czech Republic,1952,2.7112700000000003,0.31994,0.07999
CZE,Czech Republic,1953,2.62363,0.29818,0.07763999999999999
CZE,Czech Republic,1954,2.5929599999999997,0.28281,0.07134
CZE,Czech Republic,1955,2.58966,0.26818,0.06919
CZE,Czech Republic,1956,2.5795600000000003,0.253,0.06251
CZE,Czech Republic,1957,2.5054300000000005,0.22728,0.05336
CZE,Czech Republic,1958,2.31422,0.17811,0.03735
CZE,Czech Republic,1959,2.12798,0.13209,0.027049999999999998
CZE,Czech Republic,1960,2.1211200000000003,0.12462999999999999,0.02403
CZE,Czech Republic,1961,2.13994,0.12129999999999999,0.02418
CZE,Czech Republic,1962,2.15247,0.11307,0.02123
CZE,Czech Republic,1963,2.35286,0.12476000000000001,0.02189
CZE,Czech Republic,1964,2.38395,0.13393,0.024919999999999998
CZE,Czech Republic,1965,2.2090299999999994,0.12581,0.024010000000000004
CZE,Czech Republic,1966,2.0400700000000005,0.10949,0.01936
CZE,Czech Republic,1967,1.92909,0.09347,0.017140000000000002
CZE,Czech Republic,1968,1.86023,0.08757,0.01575
CZE,Czech Republic,1969,1.8934900000000003,0.08714000000000001,0.01562
CZE,Czech Republic,1970,1.91957,0.08272,0.014960000000000001
CZE,Czech Republic,1971,1.9802199999999999,0.08555,0.01469
CZE,Czech Republic,1972,2.07744,0.08596999999999999,0.01394
CZE,Czech Republic,1973,2.29148,0.09658000000000001,0.015220000000000001
CZE,Czech Republic,1974,2.4404,0.10072,0.014250000000000002
CZE,Czech Republic,1975,2.41156,0.09844,0.014369999999999999
CZE,Czech Republic,1976,2.3715900000000003,0.09904,0.013579999999999998
CZE,Czech Republic,1977,2.3291600000000003,0.09416000000000001,0.01344
CZE,Czech Republic,1978,2.3351000000000006,0.09382,0.01308
CZE,Czech Republic,1979,2.29819,0.08821999999999999,0.012369999999999999
CZE,Czech Republic,1980,2.1082700000000005,0.07468999999999999,0.01116
CZE,Czech Republic,1981,2.0205599999999997,0.07435,0.01176
CZE,Czech Republic,1982,2.0135,0.0712,0.01006
CZE,Czech Republic,1983,1.97067,0.06694,0.00947
CZE,Czech Republic,1984,1.9763899999999999,0.06334,0.00896
CZE,Czech Republic,1985,1.9735300000000002,0.06321,0.00822
CZE,Czech Republic,1986,1.9479999999999997,0.06437,0.008190000000000001
CZE,Czech Republic,1987,1.9232900000000002,0.065,0.00875
CZE,Czech Republic,1988,1.9542699999999997,0.06412,0.00822
CZE,Czech Republic,1989,1.8877899999999999,0.06465,0.00805
CZE,Czech Republic,1990,1.9076599999999997,0.06558,0.00855
CZE,Czech Republic,1991,1.8611700000000004,0.06567,0.00928
CZE,Czech Republic,1992,1.71483,0.06147,0.00927
CZE,Czech Republic,1993,1.6665500000000002,0.06609,0.00934
CZE,Czech Republic,1994,1.4401700000000004,0.06451,0.0092
CZE,Czech Republic,1995,1.28115,0.06366000000000001,0.0089
CZE,Czech Republic,1996,1.18889,0.06535,0.00889
CZE,Czech Republic,1997,1.1775600000000002,0.06964999999999999,0.008989999999999998
CZE,Czech Republic,1998,1.16274,0.07322,0.009600000000000001
CZE,Czech Republic,1999,1.1394600000000001,0.07486000000000001,0.010589999999999999
CZE,Czech Republic,2000,1.1510400000000003,0.08221,0.01145
CZE,Czech Republic,2001,1.1439599999999999,0.08913,0.01345
CZE,Czech Republic,2002,1.16533,0.09937,0.01457
CZE,Czech Republic,2003,1.1717700000000002,0.10469999999999999,0.016009999999999996
CZE,Czech Republic,2004,1.21898,0.11826,0.016929999999999997
CZE,Czech Republic,2005,1.2748599999999999,0.13149,0.01837
CZE,Czech Republic,2006,1.32346,0.14841,0.021240000000000002
CZE,Czech Republic,2007,1.4398000000000004,0.17493,0.02451
CZE,Czech Republic,2008,1.5128300000000001,0.19663999999999998,0.028040000000000002
CZE,Czech Republic,2009,1.51407,0.20473,0.029429999999999998
CZE,Czech Republic,2010,1.5158499999999997,0.21673,0.0305
CZE,Czech Republic,2011,1.4273499999999997,0.21251,0.03121
CZE,Czech Republic,2012,1.4546200000000002,0.22380999999999998,0.03334
CZE,Czech Republic,2013,1.4613299999999998,0.23661999999999997,0.03571
CZE,Czech Republic,2014,1.5375999999999999,0.25582,0.03682
CZE,Czech Republic,2015,1.58547,0.27382,0.041999999999999996
CZE,Czech Republic,2016,1.6514900000000001,0.29084,0.04424
CZE,Czech Republic,2017,1.7143899999999996,0.30777,0.04782
CZE,Czech Republic,2018,1.7443400000000002,0.32319,0.05324
CZE,Czech Republic,2019,1.7535499999999997,0.32928999999999997,0.054900000000000004
CZE,Czech Republic,2020,1.7602900000000001,0.33586,0.05702
CZE,Czech Republic,2021,1.8192299999999995,0.3546,0.060980000000000006
CZE,Czech Republic,2022,1.6146800000000003,0.31567,0.056979999999999996
CZE,Czech Republic,2023,1.4493499999999995,0.28117000000000003,0.051030000000000006
CZE,Czech Republic,2024,1.36466,0.27056,0.05079
DEUTE,"Germany, East",1952,2.4061600000000003,0.28206,0.06925999999999999
DEUTE,"Germany, East",1953,2.38234,0.26741000000000004,0.06261
DEUTE,"Germany, East",1954,2.36379,0.26714,0.06537000000000001
DEUTE,"Germany, East",1955,2.37376,0.25604,0.05955
DEUTE,"Germany, East",1956,2.29347,0.23943,0.0538
DEUTE,"Germany, East",1957,2.2417099999999994,0.22594,0.050780000000000006
DEUTE,"Germany, East",1958,2.220729999999999,0.2198,0.04777
DEUTE,"Germany, East",1959,2.35796,0.22522999999999999,0.04885
DEUTE,"Germany, East",1960,2.3486900000000004,0.21993000000000001,0.04882
DEUTE,"Germany, East",1961,2.4239400000000004,0.21891,0.04755
DEUTE,"Germany, East",1962,2.4216099999999994,0.21207999999999996,0.04596
DEUTE,"Germany, East",1963,2.4772900000000004,0.21642,0.046900000000000004
DEUTE,"Germany, East",1964,2.48199,0.21636,0.047189999999999996
DEUTE,"Germany, East",1965,2.484820000000001,0.20906000000000002,0.04449
DEUTE,"Germany, East",1966,2.4228400000000003,0.18954,0.03411
DEUTE,"Germany, East",1967,2.3345000000000002,0.17219,0.02953
DEUTE,"Germany, East",1968,2.2920999999999996,0.16555,0.025419999999999998
DEUTE,"Germany, East",1969,2.23197,0.15466999999999997,0.022400000000000003
DEUTE,"Germany, East",1970,2.1883099999999995,0.14727,0.021589999999999998
DEUTE,"Germany, East",1971,2.1293300000000004,0.14328000000000002,0.02155
DEUTE,"Germany, East",1972,1.7842900000000002,0.10941000000000001,0.0189
DEUTE,"Germany, East",1973,1.5732000000000002,0.07725000000000001,0.014180000000000002
DEUTE,"Germany, East",1974,1.5373400000000002,0.06981,0.01352
DEUTE,"Germany, East",1975,1.5399599999999996,0.06284,0.01236
DEUTE,"Germany, East",1976,1.63564,0.060649999999999996,0.01157
DEUTE,"Germany, East",1977,1.8497600000000003,0.06548000000000001,0.01195
DEUTE,"Germany, East",1978,1.89838,0.0611,0.01048
DEUTE,"Germany, East",1979,1.89519,0.05931,0.01009
DEUTE,"Germany, East",1980,1.9420299999999997,0.05741,0.00962
DEUTE,"Germany, East",1981,1.8583000000000003,0.053559999999999997,0.00849
DEUTE,"Germany, East",1982,1.85898,0.05528999999999999,0.00745
DEUTE,"Germany, East",1983,1.79048,0.053540000000000004,0.00724
DEUTE,"Germany, East",1984,1.7382600000000001,0.054,0.007010000000000001
DEUTE,"Germany, East",1985,1.73575,0.05523,0.007089999999999999
DEUTE,"Germany, East",1986,1.7004800000000002,0.055709999999999996,0.006960000000000001
DEUTE,"Germany, East",1987,1.7367400000000002,0.06092,0.007429999999999999
DEUTE,"Germany, East",1988,1.6698100000000002,0.058859999999999996,0.00755
DEUTE,"Germany, East",1989,1.5800499999999997,0.05742,0.0071
DEUTE,"Germany, East",1990,1.51213,0.05233,0.007430000000000001
DEUTE,"Germany, East",1991,0.9957000000000003,0.03896,0.00669
DEUTE,"Germany, East",1992,0.8445600000000001,0.03725,0.006149999999999999
DEUTE,"Germany, East",1993,0.7840099999999998,0.03693,0.00634
DEUTE,"Germany, East",1994,0.7803999999999999,0.04139999999999999,0.007219999999999999
DEUTE,"Germany, East",1995,0.8483799999999999,0.04613,0.007129999999999999
DEUTE,"Germany, East",1996,0.9670999999999998,0.054599999999999996,0.00838
DEUTE,"Germany, East",1997,1.0608100000000003,0.06351000000000001,0.00898
DEUTE,"Germany, East",1998,1.1144599999999998,0.07005,0.010100000000000001
DEUTE,"Germany, East",1999,1.1776,0.08094,0.01176
DEUTE,"Germany, East",2000,1.2540799999999999,0.09329000000000001,0.01316
DEUTE,"Germany, East",2001,1.2443499999999998,0.09792999999999999,0.01352
DEUTE,"Germany, East",2002,1.25237,0.10544999999999999,0.01355
DEUTE,"Germany, East",2003,1.2800799999999997,0.11753,0.01555
DEUTE,"Germany, East",2004,1.32852,0.13123,0.01663
DEUTE,"Germany, East",2005,1.3139399999999999,0.138,0.01745
DEUTE,"Germany, East",2006,1.3239699999999996,0.15239,0.020309999999999998
DEUTE,"Germany, East",2007,1.39115,0.17461,0.02216
DEUTE,"Germany, East",2008,1.43481,0.19592000000000004,0.02563
DEUTE,"Germany, East",2009,1.4301199999999998,0.20922000000000002,0.0291
DEUTE,"Germany, East",2010,1.4866800000000002,0.22644,0.0319
DEUTE,"Germany, East",2011,1.4616200000000001,0.23410000000000003,0.03282
DEUTE,"Germany, East",2012,1.4880699999999998,0.24807999999999997,0.036559999999999995
DEUTE,"Germany, East",2013,1.494,0.25594,0.03898
DEUTE,"Germany, East",2014,1.5455999999999996,0.27202,0.041929999999999995
DEUTE,"Germany, East",2015,1.56245,0.27869,0.04517
DEUTE,"Germany, East",2016,1.6462700000000001,0.29775999999999997,0.051059999999999994
DEUTE,"Germany, East",2017,1.6160899999999996,0.30040999999999995,0.05284
DEUTW,"Germany, West",1950,2.099389999999999,0.34528,0.08737999999999999
DEUTW,"Germany, West",1951,2.06191,0.31977,0.08032
DEUTW,"Germany, West",1952,2.0774399999999997,0.30989999999999995,0.07727999999999999
DEUTW,"Germany, West",1953,2.07062,0.29950000000000004,0.07398
DEUTW,"Germany, West",1954,2.1155399999999993,0.29953,0.07286
DEUTW,"Germany, West",1955,2.11265,0.29475,0.07109
DEUTW,"Germany, West",1956,2.19175,0.30191,0.07126
DEUTW,"Germany, West",1957,2.27991,0.30605,0.07075
DEUTW,"Germany, West",1958,2.2893600000000003,0.29939000000000004,0.06726000000000001
DEUTW,"Germany, West",1959,2.368240000000001,0.30791,0.06893
DEUTW,"Germany, West",1960,2.37219,0.30224,0.06766
DEUTW,"Germany, West",1961,2.44834,0.30207,0.06686
DEUTW,"Germany, West",1962,2.44345,0.29089,0.06539
DEUTW,"Germany, West",1963,2.5204300000000006,0.29446,0.06601
DEUTW,"Germany, West",1964,2.55123,0.29466000000000003,0.06642
DEUTW,"Germany, West",1965,2.5086999999999997,0.28396,0.06367
DEUTW,"Germany, West",1966,2.5354100000000006,0.27817000000000003,0.060980000000000006
DEUTW,"Germany, West",1967,2.4883400000000004,0.26874,0.057819999999999996
DEUTW,"Germany, West",1968,2.3862200000000002,0.26243,0.056650000000000006
DEUTW,"Germany, West",1969,2.2125499999999994,0.24824999999999997,0.05326
DEUTW,"Germany, West",1970,1.9905999999999997,0.22533000000000003,0.049280000000000004
DEUTW,"Germany, West",1971,1.9191599999999998,0.20992,0.04745
DEUTW,"Germany, West",1972,1.71562,0.18180999999999997,0.04176
DEUTW,"Germany, West",1973,1.54163,0.15866999999999998,0.03702
DEUTW,"Germany, West",1974,1.5107599999999997,0.14153999999999997,0.03337
DEUTW,"Germany, West",1975,1.4499800000000005,0.12639,0.02872
DEUTW,"Germany, West",1976,1.4574200000000002,0.11787,0.02554
DEUTW,"Germany, West",1977,1.4030599999999998,0.10752,0.02228
DEUTW,"Germany, West",1978,1.3790300000000002,0.10086999999999999,0.01907
DEUTW,"Germany, West",1979,1.3775500000000003,0.09931000000000001,0.01741
DEUTW,"Germany, West",1980,1.44777,0.10518000000000001,0.01734
DEUTW,"Germany, West",1981,1.4342100000000002,0.107,0.01723
DEUTW,"Germany, West",1982,1.40671,0.10658,0.016489999999999998
DEUTW,"Germany, West",1983,1.3304699999999998,0.10429,0.01598
DEUTW,"Germany, West",1984,1.2937600000000002,0.10548,0.01537
DEUTW,"Germany, West",1985,1.2805199999999999,0.10897000000000001,0.015780000000000002
DEUTW,"Germany, West",1986,1.3450600000000001,0.11744,0.01645
DEUTW,"Germany, West",1987,1.3619799999999997,0.12440000000000001,0.01772
DEUTW,"Germany, West",1988,1.41633,0.13169,0.01829
DEUTW,"Germany, West",1989,1.3943,0.13609,0.01907
DEUTW,"Germany, West",1990,1.45901,0.1433,0.02021
DEUTW,"Germany, West",1991,1.4287000000000003,0.14532,0.020290000000000002
DEUTW,"Germany, West",1992,1.4143400000000002,0.14825,0.02099
DEUTW,"Germany, West",1993,1.4040899999999998,0.14896,0.0208
DEUTW,"Germany, West",1994,1.3576799999999996,0.14919,0.020999999999999998
DEUTW,"Germany, West",1995,1.3507099999999999,0.1536,0.02117
DEUTW,"Germany, West",1996,1.41267,0.16402,0.02255
DEUTW,"Germany, West",1997,1.4563700000000004,0.17776999999999998,0.024829999999999998
DEUTW,"Germany, West",1998,1.4289299999999998,0.17972,0.024919999999999998
DEUTW,"Germany, West",1999,1.4223599999999998,0.18435000000000001,0.02583
DEUTW,"Germany, West",2000,1.4361,0.1928,0.027319999999999997
DEUTW,"Germany, West",2001,1.3989300000000002,0.19517,0.02755
DEUTW,"Germany, West",2002,1.3889700000000003,0.2039,0.02937
DEUTW,"Germany, West",2003,1.38283,0.21126,0.03003
DEUTW,"Germany, West",2004,1.39562,0.22335,0.031799999999999995
DEUTW,"Germany, West",2005,1.37606,0.2301,0.033800000000000004
DEUTW,"Germany, West",2006,1.3632700000000002,0.23903000000000002,0.03625
DEUTW,"Germany, West",2007,1.39954,0.25826000000000005,0.03963
DEUTW,"Germany, West",2008,1.4032100000000005,0.27244,0.042730000000000004
DEUTW,"Germany, West",2009,1.37585,0.27805,0.04406
DEUTW,"Germany, West",2010,1.40848,0.29621,0.04708
DEUTW,"Germany, West",2011,1.3809699999999996,0.30111999999999994,0.048479999999999995
DEUTW,"Germany, West",2012,1.39972,0.31226000000000004,0.05072
DEUTW,"Germany, West",2013,1.41289,0.32556999999999997,0.05348
DEUTW,"Germany, West",2014,1.4710400000000001,0.34654999999999997,0.05842
DEUTW,"Germany, West",2015,1.5034500000000004,0.35772000000000004,0.06125
DEUTW,"Germany, West",2016,1.6016699999999997,0.38443,0.06708
DEUTW,"Germany, West",2017,1.5784000000000007,0.38644,0.06820000000000001
DNK,Denmark,1901,4.139000000000001,1.17549,0.42242
DNK,Denmark,1902,4.0504999999999995,1.1430699999999998,0.40554999999999997
DNK,Denmark,1903,3.9605100000000006,1.11253,0.39266
DNK,Denmark,1904,3.9745299999999997,1.1109799999999999,0.3905
DNK,Denmark,1905,3.87048,1.06664,0.37490999999999997
DNK,Denmark,1906,3.8655100000000004,1.06571,0.37478999999999996
DNK,Denmark,1907,3.81101,1.03759,0.36342
DNK,Denmark,1908,3.83101,1.00796,0.35102999999999995
DNK,Denmark,1909,3.7784900000000006,0.99162,0.34714
DNK,Denmark,1910,3.6744800000000004,0.9715400000000001,0.33899999999999997
DNK,Denmark,1911,3.59898,0.9515,0.33108
DNK,Denmark,1912,3.5824500000000006,0.94075,0.32918
DNK,Denmark,1913,3.4269700000000003,0.8842099999999999,0.30343
DNK,Denmark,1914,3.4159800000000007,0.8733,0.30022
DNK,Denmark,1915,3.2255100000000003,0.8276400000000002,0.28638
DNK,Denmark,1916,3.19763,0.8080700000000001,0.26424000000000003
DNK,Denmark,1917,3.0837700000000003,0.76932,0.24973
DNK,Denmark,1918,3.1393400000000007,0.79947,0.26148
DNK,Denmark,1919,2.9315300000000004,0.74519,0.24741000000000002
DNK,Denmark,1920,3.264229999999999,0.78209,0.25289
DNK,Denmark,1921,3.0825099999999996,0.7497900000000002,0.24206999999999998
DNK,Denmark,1922,2.8464200000000006,0.6905399999999999,0.22411000000000003
DNK,Denmark,1923,2.83308,0.67331,0.21855
DNK,Denmark,1924,2.7533499999999997,0.65493,0.21189
DNK,Denmark,1925,2.63871,0.61607,0.20084999999999997
DNK,Denmark,1926,2.5568799999999987,0.5767200000000001,0.18853
DNK,Denmark,1927,2.4271300000000005,0.54337,0.17526
DNK,Denmark,1928,2.41656,0.53705,0.17138000000000003
DNK,Denmark,1929,2.2802400000000005,0.51073,0.16052
DNK,Denmark,1930,2.28636,0.49245999999999995,0.14915
DNK,Denmark,1931,2.1873400000000003,0.46434,0.14155
DNK,Denmark,1932,2.1695300000000004,0.45554,0.14045
DNK,Denmark,1933,2.0806299999999993,0.42663,0.12876
DNK,Denmark,1934,2.1324900000000007,0.42635,0.13121
DNK,Denmark,1935,2.1128800000000005,0.40264,0.11866
DNK,Denmark,1936,2.1354399999999996,0.39374,0.11544
DNK,Denmark,1937,2.1563000000000003,0.38238,0.11141
DNK,Denmark,1938,2.1783600000000005,0.37736000000000003,0.10611999999999999
DNK,Denmark,1939,2.1503700000000006,0.36911,0.10017
DNK,Denmark,1940,2.20976,0.35566,0.09569
DNK,Denmark,1941,2.24353,0.37300999999999995,0.10019999999999998
DNK,Denmark,1942,2.4954300000000003,0.41069999999999995,0.10654
DNK,Denmark,1943,2.63886,0.43554000000000004,0.11044
DNK,Denmark,1944,2.8323899999999997,0.46260999999999997,0.11274999999999999
DNK,Denmark,1945,2.9675199999999995,0.48344,0.12352
DNK,Denmark,1946,3.0059,0.5167,0.1261
DNK,Denmark,1947,2.891270000000001,0.49382,0.12736
DNK,Denmark,1948,2.70433,0.44084999999999996,0.11796999999999999
DNK,Denmark,1949,2.5662599999999998,0.38871,0.10347
DNK,Denmark,1950,2.573490000000001,0.3731,0.09439
DNK,Denmark,1951,2.4979500000000003,0.34252,0.08909
DNK,Denmark,1952,2.5340100000000003,0.33073,0.08226
DNK,Denmark,1953,2.59692,0.32978,0.08213
DNK,Denmark,1954,2.54949,0.31137,0.07725
DNK,Denmark,1955,2.5830799999999994,0.30365,0.07739
DNK,Denmark,1956,2.5973399999999995,0.29982,0.07431
DNK,Denmark,1957,2.56543,0.27952000000000005,0.07018
DNK,Denmark,1958,2.55191,0.26383999999999996,0.06113
DNK,Denmark,1959,2.51622,0.25680000000000003,0.0593
DNK,Denmark,1960,2.5707000000000004,0.2559,0.06011
DNK,Denmark,1961,2.5527899999999994,0.24978,0.05711
DNK,Denmark,1962,2.5506400000000005,0.24480000000000002,0.05534
DNK,Denmark,1963,2.64077,0.25462,0.05471000000000001
DNK,Denmark,1964,2.6002599999999996,0.2421,0.05125999999999999
DNK,Denmark,1965,2.6084300000000007,0.24258,0.04968
DNK,Denmark,1966,2.61461,0.22674999999999998,0.044289999999999996
DNK,Denmark,1967,2.35026,0.19712,0.03769
DNK,Denmark,1968,2.11715,0.17409,0.03293
DNK,Denmark,1969,1.99798,0.16147,0.02898
DNK,Denmark,1970,1.94938,0.15238000000000002,0.02885
DNK,Denmark,1971,2.0426800000000003,0.14431,0.023439999999999996
DNK,Denmark,1972,2.0293400000000004,0.14111,0.02196
DNK,Denmark,1973,1.9169800000000001,0.12558999999999998,0.02092
DNK,Denmark,1974,1.8960799999999995,0.12053999999999998,0.01937
DNK,Denmark,1975,1.9188199999999997,0.10758000000000001,0.01743
DNK,Denmark,1976,1.7477999999999998,0.10685,0.016730000000000002
DNK,Denmark,1977,1.66074,0.09656999999999999,0.01441
DNK,Denmark,1978,1.6688299999999998,0.09544000000000001,0.012410000000000001
DNK,Denmark,1979,1.6024800000000001,0.09348999999999999,0.01316
DNK,Denmark,1980,1.54719,0.09119,0.01279
DNK,Denmark,1981,1.4371499999999997,0.08706,0.01253
DNK,Denmark,1982,1.42726,0.08856,0.01219
DNK,Denmark,1983,1.3774,0.088,0.012559999999999998
DNK,Denmark,1984,1.4003399999999997,0.09874,0.01228
DNK,Denmark,1985,1.4474599999999995,0.10708000000000001,0.01515
DNK,Denmark,1986,1.47958,0.11683,0.01661
DNK,Denmark,1987,1.49523,0.12526,0.015619999999999998
DNK,Denmark,1988,1.5591800000000002,0.13387,0.01693
DNK,Denmark,1989,1.6188899999999997,0.14565,0.01883
DNK,Denmark,1990,1.6666899999999998,0.15685,0.02017
DNK,Denmark,1991,1.6809100000000001,0.16968000000000003,0.021329999999999998
DNK,Denmark,1992,1.76131,0.18213,0.02339
DNK,Denmark,1993,1.74717,0.19347000000000003,0.025779999999999997
DNK,Denmark,1994,1.8047500000000003,0.20928000000000002,0.02675
DNK,Denmark,1995,1.8047,0.21911,0.02713
DNK,Denmark,1996,1.74759,0.21928999999999998,0.02862
DNK,Denmark,1997,1.74959,0.23019,0.029269999999999997
DNK,Denmark,1998,1.719,0.23292999999999997,0.03046
DNK,Denmark,1999,1.73293,0.24366,0.03091
DNK,Denmark,2000,1.7685299999999995,0.24913,0.03413
DNK,Denmark,2001,1.74018,0.25058,0.03459
DNK,Denmark,2002,1.7198,0.26123999999999997,0.03655
DNK,Denmark,2003,1.7549599999999999,0.27232,0.03906
DNK,Denmark,2004,1.7810299999999997,0.27931000000000006,0.038130000000000004
DNK,Denmark,2005,1.7983099999999999,0.29419999999999996,0.04151
DNK,Denmark,2006,1.84554,0.30562,0.04383
DNK,Denmark,2007,1.843,0.32301,0.04652
DNK,Denmark,2008,1.8882400000000001,0.33336000000000005,0.05038
DNK,Denmark,2009,1.83951,0.33319,0.05199
DNK,Denmark,2010,1.8712699999999998,0.34639,0.05223
DNK,Denmark,2011,1.7529400000000004,0.33275000000000005,0.05267
DNK,Denmark,2012,1.7296400000000003,0.33432,0.05327
DNK,Denmark,2013,1.6691299999999998,0.3295,0.054310000000000004
DNK,Denmark,2014,1.69159,0.34305,0.057139999999999996
DNK,Denmark,2015,1.7138099999999996,0.34863,0.05822
DNK,Denmark,2016,1.78607,0.37023,0.06127
DNK,Denmark,2017,1.7526299999999997,0.37034,0.06586
DNK,Denmark,2018,1.7307899999999996,0.37583,0.06835000000000001
DNK,Denmark,2019,1.7004199999999998,0.37531000000000003,0.06852
DNK,Denmark,2020,1.67611,0.37737999999999994,0.06884
DNK,Denmark,2021,1.7251200000000004,0.40713,0.07364
DNK,Denmark,2022,1.5536100000000002,0.36666,0.07128
DNK,Denmark,2023,1.4968400000000002,0.35924,0.07038
DNK,Denmark,2024,1.4663899999999996,0.36548,0.07095
DNK,Denmark,2025,1.50685,0.37392000000000003,0.07269999999999999
ESP,Spain,1922,4.0979600000000005,1.17062,0.38849
ESP,Spain,1923,4.09598,1.1689499999999997,0.39719
ESP,Spain,1924,4.00464,1.18333,0.40445000000000003
ESP,Spain,1925,3.88522,1.10752,0.37511
ESP,Spain,1926,3.9315000000000007,1.07893,0.37359
ESP,Spain,1927,3.7309400000000004,1.04978,0.369
ESP,Spain,1928,3.8424300000000007,1.05926,0.37751
ESP,Spain,1929,3.71675,1.02789,0.37212999999999996
ESP,Spain,1930,3.69465,1.01385,0.35228
ESP,Spain,1931,3.56405,0.9679300000000002,0.31868
ESP,Spain,1932,3.6262500000000006,0.97268,0.31524
ESP,Spain,1933,3.5699700000000005,0.9770300000000001,0.32145
ESP,Spain,1934,3.3627799999999994,0.91657,0.30329
ESP,Spain,1935,3.2854700000000006,0.88045,0.2853
ESP,Spain,1936,3.141979999999999,0.8243099999999999,0.28056
ESP,Spain,1937,2.8601499999999995,0.74586,0.25741000000000003
ESP,Spain,1938,2.5500800000000003,0.72758,0.25497000000000003
ESP,Spain,1939,2.119840000000001,0.6888700000000001,0.24626000000000003
ESP,Spain,1940,3.06978,0.8025200000000001,0.27019
ESP,Spain,1941,2.4552800000000006,0.67627,0.21458000000000002
ESP,Spain,1942,2.5219999999999994,0.6566699999999999,0.20753
ESP,Spain,1943,2.8629400000000005,0.75613,0.23779999999999998
ESP,Spain,1944,2.8215500000000007,0.76236,0.23847000000000002
ESP,Spain,1945,2.88913,0.78193,0.24291999999999997
ESP,Spain,1946,2.6863200000000016,0.7307899999999999,0.23606
ESP,Spain,1947,2.6620999999999997,0.68018,0.20984999999999998
ESP,Spain,1948,2.8750800000000005,0.7399700000000001,0.23271000000000003
ESP,Spain,1949,2.6650899999999993,0.67695,0.21750000000000003
ESP,Spain,1950,2.47301,0.61293,0.19495
ESP,Spain,1951,2.4553599999999993,0.60577,0.18302
ESP,Spain,1952,2.5447100000000002,0.62466,0.18889
ESP,Spain,1953,2.5038700000000005,0.5968199999999999,0.17928
ESP,Spain,1954,2.43626,0.56982,0.16812
ESP,Spain,1955,2.50899,0.58192,0.17502
ESP,Spain,1956,2.5306699999999998,0.5545100000000001,0.15880000000000002
ESP,Spain,1957,2.6863300000000008,0.5863100000000001,0.17143999999999998
ESP,Spain,1958,2.7157199999999992,0.57945,0.16597
ESP,Spain,1959,2.73301,0.57461,0.16451000000000002
ESP,Spain,1960,2.7928599999999997,0.58426,0.16466
ESP,Spain,1961,2.77248,0.56335,0.15923
ESP,Spain,1962,2.8108400000000002,0.55664,0.15569
ESP,Spain,1963,2.88442,0.57057,0.16109
ESP,Spain,1964,3.0195600000000002,0.60739,0.17134
ESP,Spain,1965,2.9445400000000004,0.60074,0.17191
ESP,Spain,1966,2.93185,0.5797800000000001,0.16274
ESP,Spain,1967,2.989980000000001,0.62443,0.18663000000000002
ESP,Spain,1968,2.9328399999999992,0.55993,0.15672
ESP,Spain,1969,2.9243099999999993,0.54352,0.14758
ESP,Spain,1970,2.90137,0.5338900000000001,0.14649
ESP,Spain,1971,2.91603,0.50725,0.13721
ESP,Spain,1972,2.88836,0.49928,0.13644
ESP,Spain,1973,2.8589200000000003,0.47657999999999995,0.12494999999999999
ESP,Spain,1974,2.8960899999999996,0.46684,0.13043
ESP,Spain,1975,2.76539,0.4336,0.11676999999999998
ESP,Spain,1976,2.7696600000000005,0.42269999999999996,0.11493999999999999
ESP,Spain,1977,2.6526400000000003,0.39496000000000003,0.10644
ESP,Spain,1978,2.5417799999999997,0.37101,0.09892000000000001
ESP,Spain,1979,2.3696899999999994,0.33635000000000004,0.08732000000000001
ESP,Spain,1980,2.21593,0.30942000000000003,0.08234
ESP,Spain,1981,2.0383100000000005,0.28025,0.07293
ESP,Spain,1982,1.94215,0.26869999999999994,0.06978
ESP,Spain,1983,1.7976699999999997,0.24625,0.06177
ESP,Spain,1984,1.72628,0.2356,0.057890000000000004
ESP,Spain,1985,1.63988,0.21969000000000002,0.05242000000000001
ESP,Spain,1986,1.5557700000000003,0.20366,0.0469
ESP,Spain,1987,1.4938699999999998,0.19257000000000002,0.04174
ESP,Spain,1988,1.44775,0.18003,0.037500000000000006
ESP,Spain,1989,1.3976100000000005,0.17263,0.03472
ESP,Spain,1990,1.3610099999999998,0.16874999999999998,0.03128
ESP,Spain,1991,1.32718,0.16763999999999998,0.03066
ESP,Spain,1992,1.3112499999999996,0.17122,0.029519999999999998
ESP,Spain,1993,1.2565300000000006,0.17029999999999998,0.027629999999999995
ESP,Spain,1994,1.1883200000000003,0.17191,0.02679
ESP,Spain,1995,1.1543700000000001,0.17617,0.026210000000000004
ESP,Spain,1996,1.1367600000000004,0.18356,0.026459999999999997
ESP,Spain,1997,1.1456,0.19798,0.02805
ESP,Spain,1998,1.1236399999999998,0.20678000000000002,0.02853
ESP,Spain,1999,1.1611399999999998,0.22698,0.03189
ESP,Spain,2000,1.2073000000000003,0.24330000000000002,0.0339
ESP,Spain,2001,1.2296,0.25875,0.03703
ESP,Spain,2002,1.2518599999999993,0.27085,0.03942999999999999
ESP,Spain,2003,1.2960699999999998,0.2893,0.04283
ESP,Spain,2004,1.31315,0.3004,0.045
ESP,Spain,2005,1.3294800000000002,0.31275,0.04805
ESP,Spain,2006,1.36208,0.32841999999999993,0.05203
ESP,Spain,2007,1.37667,0.33948,0.05495
ESP,Spain,2008,1.4459300000000002,0.36169,0.06008000000000001
ESP,Spain,2009,1.3792300000000002,0.36323,0.0623
ESP,Spain,2010,1.36902,0.37279999999999996,0.06578
ESP,Spain,2011,1.3424400000000003,0.38262,0.06949
ESP,Spain,2012,1.3211500000000003,0.38662,0.07461999999999999
ESP,Spain,2013,1.2733599999999996,0.38031,0.07621
ESP,Spain,2014,1.31813,0.39929000000000003,0.08094
ESP,Spain,2015,1.3306,0.41309000000000007,0.08451
ESP,Spain,2016,1.33371,0.42301999999999995,0.08814
ESP,Spain,2017,1.30566,0.42357,0.09067
ESP,Spain,2018,1.2567300000000003,0.41793,0.09229000000000001
ESP,Spain,2019,1.22923,0.41497,0.09156
ESP,Spain,2020,1.1803200000000003,0.40327999999999997,0.09051999999999999
ESP,Spain,2021,1.1810600000000002,0.42018,0.09582
ESP,Spain,2022,1.1577100000000002,0.41847,0.09814
ESP,Spain,2023,1.11881,0.40252000000000004,0.09544
ESP,Spain,2024,1.10268,0.39837,0.09362999999999999
EST,Estonia,1959,1.9473,0.27242,0.06723
EST,Estonia,1960,1.97466,0.26827,0.06759
EST,Estonia,1961,1.98232,0.25196,0.058359999999999995
EST,Estonia,1962,1.9650699999999999,0.23547,0.05968999999999999
EST,Estonia,1963,1.9117500000000005,0.22046,0.053860000000000005
EST,Estonia,1964,1.9697599999999997,0.21861999999999998,0.05055
EST,Estonia,1965,1.9146299999999998,0.20461000000000001,0.04922
EST,Estonia,1966,1.89782,0.20059,0.04898
EST,Estonia,1967,1.9109300000000002,0.18945,0.044020000000000004
EST,Estonia,1968,2.02521,0.18786,0.04043
EST,Estonia,1969,2.12628,0.19295,0.04035
EST,Estonia,1970,2.18784,0.18834,0.0376
EST,Estonia,1971,2.2338499999999994,0.19619,0.03695
EST,Estonia,1972,2.1766800000000006,0.19555,0.03535
EST,Estonia,1973,2.098160000000001,0.18625,0.03639
EST,Estonia,1974,2.0889,0.17781,0.03543
EST,Estonia,1975,2.04826,0.16419,0.03368
EST,Estonia,1976,2.0578600000000002,0.16289,0.03204
EST,Estonia,1977,2.0528800000000005,0.15863,0.02939
EST,Estonia,1978,2.01595,0.15087,0.02906
EST,Estonia,1979,2.0124199999999997,0.14628,0.02681
EST,Estonia,1980,2.0302,0.13652999999999998,0.027139999999999997
EST,Estonia,1981,2.0872099999999993,0.13874,0.02479
EST,Estonia,1982,2.0960200000000007,0.15042,0.026789999999999998
EST,Estonia,1983,2.17723,0.14543,0.02804
EST,Estonia,1984,2.1824500000000002,0.14901999999999999,0.02431
EST,Estonia,1985,2.1303800000000006,0.1463,0.02494
EST,Estonia,1986,2.17757,0.15239999999999998,0.027299999999999998
EST,Estonia,1987,2.2709699999999997,0.1602,0.02569
EST,Estonia,1988,2.2749699999999997,0.16005,0.03016
EST,Estonia,1989,2.21811,0.14943,0.02297
EST,Estonia,1990,2.0492000000000004,0.13888,0.024480000000000002
EST,Estonia,1991,1.80157,0.11697999999999999,0.02029
EST,Estonia,1992,1.70663,0.11139,0.020579999999999998
EST,Estonia,1993,1.48528,0.09248,0.0165
EST,Estonia,1994,1.41304,0.08656,0.01492
EST,Estonia,1995,1.3724200000000004,0.08744,0.015470000000000001
EST,Estonia,1996,1.3631099999999998,0.09400999999999998,0.01697
EST,Estonia,1997,1.3060800000000001,0.09884,0.01997
EST,Estonia,1998,1.27209,0.09988999999999999,0.0179
EST,Estonia,1999,1.29465,0.10828,0.020130000000000002
EST,Estonia,2000,1.35605,0.12347,0.0245
EST,Estonia,2001,1.3163399999999998,0.13099,0.02148
EST,Estonia,2002,1.3588399999999998,0.14601999999999998,0.02458
EST,Estonia,2003,1.36716,0.15358,0.024349999999999997
EST,Estonia,2004,1.4732600000000005,0.17398,0.027290000000000002
EST,Estonia,2005,1.51891,0.19296,0.03062
EST,Estonia,2006,1.58454,0.20937,0.03508
EST,Estonia,2007,1.6872900000000002,0.23720999999999998,0.0411
EST,Estonia,2008,1.7209100000000002,0.25732,0.04629
EST,Estonia,2009,1.70052,0.27541,0.04953
EST,Estonia,2010,1.72054,0.28825,0.0532
EST,Estonia,2011,1.6133299999999995,0.28329,0.05189
EST,Estonia,2012,1.5594300000000003,0.28955000000000003,0.058120000000000005
EST,Estonia,2013,1.5209800000000002,0.29166000000000003,0.05155
EST,Estonia,2014,1.53823,0.2974,0.059840000000000004
EST,Estonia,2015,1.58379,0.32121000000000005,0.0679
EST,Estonia,2016,1.6046200000000002,0.33562,0.07295
EST,Estonia,2017,1.5906599999999997,0.34357,0.07785
EST,Estonia,2018,1.6706900000000002,0.37044999999999995,0.08466
EST,Estonia,2019,1.6613500000000003,0.37663,0.08493
EST,Estonia,2020,1.5816100000000002,0.36974,0.08443
EST,Estonia,2021,1.6082300000000003,0.38619000000000003,0.09122
EST,Estonia,2022,1.4074000000000002,0.33647,0.08197
EST,Estonia,2023,1.3090499999999998,0.32031,0.08234
EST,Estonia,2024,1.1778699999999998,0.28943,0.07128000000000001
FIN,Finland,1866,4.378,1.5019700000000002,0.5909500000000001
FIN,Finland,1867,4.38451,1.47766,0.5659
FIN,Finland,1868,3.310500000000001,1.11383,0.43566
FIN,Finland,1869,4.46148,1.4345199999999998,0.53425
FIN,Finland,1870,4.787990000000001,1.6128,0.62726
FIN,Finland,1871,4.88605,1.5972400000000002,0.61468
FIN,Finland,1872,4.79399,1.57833,0.59432
FIN,Finland,1873,4.8960300000000005,1.61382,0.6136900000000001
FIN,Finland,1874,5.033,1.7025800000000002,0.6527000000000001
FIN,Finland,1875,4.874499999999999,1.63649,0.62946
FIN,Finland,1876,4.8964799999999995,1.6381000000000001,0.62656
FIN,Finland,1877,5.125989999999999,1.7718,0.69191
FIN,Finland,1878,4.746500000000001,1.61481,0.6342300000000001
FIN,Finland,1879,5.082509999999998,1.74502,0.68242
FIN,Finland,1880,4.945010000000001,1.7291,0.68611
FIN,Finland,1881,4.7299999999999995,1.6108799999999999,0.6357999999999999
FIN,Finland,1882,4.920500000000001,1.69065,0.66728
FIN,Finland,1883,4.9000200000000005,1.69191,0.67379
FIN,Finland,1884,4.963500000000002,1.7350600000000003,0.6939599999999999
FIN,Finland,1885,4.721010000000001,1.6023999999999998,0.63572
FIN,Finland,1886,4.917500000000002,1.70045,0.67019
FIN,Finland,1887,5.0969999999999995,1.75284,0.6935399999999999
FIN,Finland,1888,4.993,1.7039700000000002,0.67839
FIN,Finland,1889,4.821500000000001,1.63639,0.64427
FIN,Finland,1890,4.77199,1.6407999999999998,0.6466
FIN,Finland,1891,4.97753,1.7095000000000002,0.6698000000000001
FIN,Finland,1892,4.59498,1.5527100000000003,0.60872
FIN,Finland,1893,4.3675299999999995,1.4681300000000002,0.55968
FIN,Finland,1894,4.53653,1.57222,0.61193
FIN,Finland,1895,4.810999999999999,1.6524299999999998,0.6379199999999999
FIN,Finland,1896,4.739980000000001,1.63497,0.63602
FIN,Finland,1897,4.705,1.5792700000000002,0.6131500000000001
FIN,Finland,1898,5.005470000000002,1.68977,0.66554
FIN,Finland,1899,4.8969900000000015,1.6266399999999999,0.6417700000000001
FIN,Finland,1900,4.76502,1.5761299999999998,0.6147
FIN,Finland,1901,4.859509999999999,1.6040900000000002,0.62553
FIN,Finland,1902,4.729490000000001,1.5665399999999998,0.61481
FIN,Finland,1903,4.56549,1.50695,0.58727
FIN,Finland,1904,4.796480000000001,1.62327,0.63104
FIN,Finland,1905,4.61898,1.57441,0.6132
FIN,Finland,1906,4.756450000000001,1.63559,0.63161
FIN,Finland,1907,4.72046,1.6050099999999998,0.61595
FIN,Finland,1908,4.59751,1.53722,0.58911
FIN,Finland,1909,4.66403,1.56048,0.59998
FIN,Finland,1910,4.545500000000001,1.54483,0.61091
FIN,Finland,1911,4.412999999999999,1.5098099999999999,0.59927
FIN,Finland,1912,4.403989999999999,1.53199,0.61041
FIN,Finland,1913,4.105,1.40843,0.55894
FIN,Finland,1914,4.080489999999999,1.4049099999999999,0.5540499999999999
FIN,Finland,1915,3.8444800000000003,1.31422,0.52536
FIN,Finland,1916,3.63999,1.2379799999999999,0.49122
FIN,Finland,1917,3.669490000000001,1.24384,0.49437000000000003
FIN,Finland,1918,3.5620200000000004,1.20673,0.48444
FIN,Finland,1919,2.84247,0.95465,0.37332
FIN,Finland,1920,3.72299,1.244,0.48427
FIN,Finland,1921,3.53949,1.1485400000000001,0.45146
FIN,Finland,1922,3.3824700000000005,1.07885,0.42377
FIN,Finland,1923,3.39652,1.06812,0.41272
FIN,Finland,1924,3.1785099999999997,0.9914499999999999,0.38805999999999996
FIN,Finland,1925,3.13397,0.98087,0.38286
FIN,Finland,1926,3.02397,0.94875,0.37156
FIN,Finland,1927,2.91601,0.89404,0.3468
FIN,Finland,1928,2.9355100000000003,0.8877100000000001,0.34290000000000004
FIN,Finland,1929,2.82851,0.84752,0.32479
FIN,Finland,1930,2.7520000000000007,0.8092499999999999,0.31174999999999997
FIN,Finland,1931,2.587,0.7536200000000001,0.28533000000000003
FIN,Finland,1932,2.4574800000000003,0.71368,0.26609
FIN,Finland,1933,2.2715000000000005,0.6617000000000001,0.24821000000000001
FIN,Finland,1934,2.3275,0.67062,0.25277
FIN,Finland,1935,2.3705099999999995,0.6727799999999999,0.24944999999999998
FIN,Finland,1936,2.3075000000000006,0.6392,0.237
FIN,Finland,1937,2.39852,0.6378300000000001,0.23396
FIN,Finland,1938,2.51849,0.6448100000000001,0.23318999999999998
FIN,Finland,1939,2.55009,0.6348199999999999,0.22791
FIN,Finland,1940,2.146870000000001,0.55839,0.20873999999999998
FIN,Finland,1941,2.9036999999999997,0.7116199999999999,0.24844
FIN,Finland,1942,2.00348,0.54834,0.20229
FIN,Finland,1943,2.46734,0.6944400000000001,0.23939000000000002
FIN,Finland,1944,2.5649500000000005,0.67062,0.23170999999999997
FIN,Finland,1945,3.0801700000000003,0.7304799999999999,0.24039999999999997
FIN,Finland,1946,3.40055,0.7827,0.25162
FIN,Finland,1947,3.4628800000000006,0.7582300000000001,0.24024
FIN,Finland,1948,3.45233,0.7435599999999999,0.24085
FIN,Finland,1949,3.3194700000000004,0.72245,0.23220000000000002
FIN,Finland,1950,3.152419999999999,0.68746,0.22169
FIN,Finland,1951,3.0066700000000015,0.6370500000000001,0.20642000000000002
FIN,Finland,1952,3.0589500000000003,0.6230100000000001,0.20301
FIN,Finland,1953,2.9532700000000003,0.59585,0.19163000000000002
FIN,Finland,1954,2.93143,0.5707599999999999,0.18059
FIN,Finland,1955,2.9384799999999998,0.5680700000000001,0.18216000000000002
FIN,Finland,1956,2.91957,0.53872,0.16801
FIN,Finland,1957,2.8651200000000006,0.51416,0.1633
FIN,Finland,1958,2.68062,0.47339,0.14946
FIN,Finland,1959,2.75613,0.47078000000000003,0.14700000000000002
FIN,Finland,1960,2.7209900000000005,0.44394999999999996,0.13699
FIN,Finland,1961,2.71581,0.44346,0.13722
FIN,Finland,1962,2.6842700000000006,0.40677,0.12569000000000002
FIN,Finland,1963,2.6860599999999994,0.40073000000000003,0.1221
FIN,Finland,1964,2.59691,0.38688999999999996,0.11985
FIN,Finland,1965,2.4788300000000003,0.36829999999999996,0.10804
FIN,Finland,1966,2.4093700000000005,0.33248,0.09427
FIN,Finland,1967,2.32307,0.31854,0.08970000000000002
FIN,Finland,1968,2.1403300000000005,0.27358,0.07807
FIN,Finland,1969,1.92983,0.24071,0.06407
FIN,Finland,1970,1.8264900000000002,0.20365,0.04998999999999999
FIN,Finland,1971,1.6845100000000002,0.16437000000000002,0.0385
FIN,Finland,1972,1.5764900000000002,0.14294,0.03356
FIN,Finland,1973,1.4915799999999997,0.13917000000000002,0.03144
FIN,Finland,1974,1.6130300000000004,0.14615,0.03218
FIN,Finland,1975,1.6807999999999998,0.15261,0.032100000000000004
FIN,Finland,1976,1.7037099999999998,0.15553,0.030650000000000004
FIN,Finland,1977,1.6794600000000004,0.15852,0.03124
FIN,Finland,1978,1.6433300000000004,0.16309,0.029589999999999998
FIN,Finland,1979,1.6358099999999998,0.1706,0.03302
FIN,Finland,1980,1.63187,0.17058,0.03252
FIN,Finland,1981,1.64463,0.17445,0.03181
FIN,Finland,1982,1.71514,0.18163,0.0361
FIN,Finland,1983,1.7365000000000002,0.19529,0.03598
FIN,Finland,1984,1.6942499999999996,0.19845000000000002,0.03636
FIN,Finland,1985,1.64264,0.19811,0.035660000000000004
FIN,Finland,1986,1.5967900000000004,0.19111,0.0339
FIN,Finland,1987,1.5864100000000003,0.19407,0.036820000000000006
FIN,Finland,1988,1.6928499999999997,0.20716,0.037899999999999996
FIN,Finland,1989,1.7082,0.20578999999999997,0.037029999999999993
FIN,Finland,1990,1.7819299999999996,0.22744,0.04123
FIN,Finland,1991,1.79419,0.22401,0.0385
FIN,Finland,1992,1.8477500000000002,0.23599,0.041639999999999996
FIN,Finland,1993,1.81386,0.23260000000000003,0.04012
FIN,Finland,1994,1.8457200000000002,0.24597,0.04084
FIN,Finland,1995,1.8069699999999997,0.25286,0.043660000000000004
FIN,Finland,1996,1.7635900000000002,0.25848000000000004,0.0426
FIN,Finland,1997,1.74636,0.26549,0.04564
FIN,Finland,1998,1.7000799999999996,0.26759,0.04747
FIN,Finland,1999,1.73472,0.28078000000000003,0.048960000000000004
FIN,Finland,2000,1.7287599999999996,0.28081,0.04925
FIN,Finland,2001,1.7258900000000001,0.28912,0.051019999999999996
FIN,Finland,2002,1.7179499999999996,0.29296999999999995,0.052180000000000004
FIN,Finland,2003,1.7594300000000003,0.30430999999999997,0.05633
FIN,Finland,2004,1.8000099999999999,0.31542,0.05788
FIN,Finland,2005,1.80287,0.31808000000000003,0.056749999999999995
FIN,Finland,2006,1.8368900000000001,0.32755,0.05764
FIN,Finland,2007,1.8294099999999998,0.33478,0.06007
FIN,Finland,2008,1.8466000000000002,0.34418,0.06036999999999999
FIN,Finland,2009,1.8645399999999996,0.34904,0.06296
FIN,Finland,2010,1.8700899999999998,0.35569,0.06299
FIN,Finland,2011,1.8268699999999995,0.35712999999999995,0.06614
FIN,Finland,2012,1.8005600000000002,0.36257999999999996,0.06844
FIN,Finland,2013,1.74746,0.36029,0.06768
FIN,Finland,2014,1.7105899999999996,0.35635,0.06677000000000001
FIN,Finland,2015,1.6495400000000002,0.3492,0.06381
FIN,Finland,2016,1.56738,0.35246999999999995,0.07289
FIN,Finland,2017,1.4898,0.33901000000000003,0.06928000000000001
FIN,Finland,2018,1.4071100000000005,0.3306,0.06623000000000001
FIN,Finland,2019,1.3478600000000003,0.32358,0.06634
FIN,Finland,2020,1.37066,0.33199,0.06718
FIN,Finland,2021,1.45787,0.36863,0.07859
FIN,Finland,2022,1.3162099999999999,0.34274000000000004,0.07491
FIN,Finland,2023,1.2563199999999997,0.32961,0.07219
FIN,Finland,2024,1.2509699999999992,0.33725,0.07372000000000001
FRA,France,1892,2.9630299999999994,0.6568900000000001,0.22218000000000002
FRA,France,1893,3.01551,0.66145,0.22227
FRA,France,1894,2.9404900000000005,0.64515,0.21489999999999998
FRA,France,1895,2.8594799999999996,0.6381399999999999,0.21132
FRA,France,1896,2.9559700000000007,0.64585,0.21364
FRA,France,1897,2.9225099999999995,0.6304599999999999,0.2067
FRA,France,1898,2.86601,0.63298,0.21101
FRA,France,1899,2.87601,0.6137999999999999,0.20284000000000002
FRA,France,1900,2.7979200000000004,0.59538,0.19737
FRA,France,1901,2.8869899999999995,0.5997300000000001,0.19617
FRA,France,1902,2.83798,0.58511,0.19158000000000003
FRA,France,1903,2.77099,0.57092,0.18797000000000003
FRA,France,1904,2.7385099999999993,0.55418,0.18096
FRA,France,1905,2.6959999999999997,0.54181,0.1777
FRA,France,1906,2.6874999999999996,0.53964,0.17722
FRA,France,1907,2.56502,0.49427,0.15627
FRA,France,1908,2.6244799999999997,0.5016400000000001,0.15728999999999999
FRA,France,1909,2.5420099999999994,0.48532,0.15181
FRA,France,1910,2.556,0.48498,0.15220999999999998
FRA,France,1911,2.447489999999999,0.45753,0.14345999999999998
FRA,France,1912,2.47098,0.45339999999999997,0.14071999999999998
FRA,France,1913,2.44149,0.44941,0.14200000000000002
FRA,France,1914,2.31048,0.41708999999999996,0.12757
FRA,France,1915,1.5025,0.33581,0.11377000000000001
FRA,France,1916,1.21251,0.30205,0.10602
FRA,France,1917,1.3159900000000002,0.32113,0.10923999999999999
FRA,France,1918,1.5204900000000001,0.38331,0.13124999999999998
FRA,France,1919,1.5544599999999997,0.37548000000000004,0.12372999999999999
FRA,France,1920,2.6710200000000004,0.51331,0.15916
FRA,France,1921,2.5810000000000004,0.45309,0.13943
FRA,France,1922,2.3959900000000003,0.41806000000000004,0.12711
FRA,France,1923,2.38451,0.4172699999999999,0.12561
FRA,France,1924,2.3445300000000002,0.40494,0.12075
FRA,France,1925,2.38001,0.4056,0.11946000000000001
FRA,France,1926,2.3624999999999994,0.39914,0.11713
FRA,France,1927,2.2789799999999993,0.3801399999999999,0.11060999999999999
FRA,France,1928,2.289980000000001,0.38911999999999997,0.11518
FRA,France,1929,2.22551,0.36979,0.10873
FRA,France,1930,2.2870000000000004,0.37079999999999996,0.10904
FRA,France,1931,2.2560000000000002,0.35401,0.10239999999999999
FRA,France,1932,2.2474800000000004,0.35377,0.10387
FRA,France,1933,2.13401,0.32708000000000004,0.09602
FRA,France,1934,2.1474900000000003,0.32415,0.09427999999999999
FRA,France,1935,2.0489999999999995,0.30648,0.08787
FRA,France,1936,2.0620099999999995,0.30676,0.08668000000000001
FRA,France,1937,2.0785200000000006,0.30450999999999995,0.08477
FRA,France,1938,2.11152,0.29959,0.08116999999999999
FRA,France,1939,2.1465199999999998,0.30035,0.08144
FRA,France,1940,1.97602,0.32700999999999997,0.09237999999999999
FRA,France,1941,1.8165099999999998,0.32004,0.0927
FRA,France,1942,2.00803,0.35588,0.10193
FRA,France,1943,2.188,0.36891999999999997,0.10607
FRA,France,1944,2.2424999999999997,0.39107,0.11396999999999999
FRA,France,1945,2.3030099999999996,0.403,0.11832
FRA,France,1946,2.99714,0.4929,0.11787
FRA,France,1947,3.0375600000000005,0.48153,0.12082999999999999
FRA,France,1948,3.02003,0.47176,0.11929
FRA,France,1949,3.0039699999999994,0.45345,0.11395
FRA,France,1950,2.94678,0.43971000000000005,0.10991999999999999
FRA,France,1951,2.8054799999999993,0.41454,0.1036
FRA,France,1952,2.7774799999999997,0.41091,0.10228000000000001
FRA,France,1953,2.7042100000000002,0.38829,0.09495999999999999
FRA,France,1954,2.7144999999999997,0.38989,0.09544
FRA,France,1955,2.6837799999999996,0.37564000000000003,0.0922
FRA,France,1956,2.67406,0.36150000000000004,0.08907
FRA,France,1957,2.6954300000000004,0.35963,0.08824
FRA,France,1958,2.6841,0.35267000000000004,0.08798
FRA,France,1959,2.7530999999999994,0.35358,0.08907
FRA,France,1960,2.7409700000000004,0.33744999999999997,0.08387
FRA,France,1961,2.825569999999999,0.34146999999999994,0.08374
FRA,France,1962,2.7955299999999994,0.32921,0.07980000000000001
FRA,France,1963,2.8972100000000007,0.33303,0.0794
FRA,France,1964,2.91489,0.33279,0.07901999999999999
FRA,France,1965,2.84816,0.31883000000000006,0.07518000000000001
FRA,France,1966,2.7989900000000003,0.31370000000000003,0.0736
FRA,France,1967,2.67,0.29902,0.06861
FRA,France,1968,2.5869999999999997,0.28909,0.06666
FRA,France,1969,2.53358,0.28194,0.06512
FRA,France,1970,2.4798999999999998,0.26857000000000003,0.061090000000000005
FRA,France,1971,2.49648,0.26777,0.0611
FRA,France,1972,2.41843,0.25183,0.05748
FRA,France,1973,2.3082000000000003,0.23191,0.05269
FRA,France,1974,2.1122399999999995,0.20257999999999998,0.04603
FRA,France,1975,1.9271399999999999,0.17026,0.03689
FRA,France,1976,1.82959,0.14429000000000003,0.03003
FRA,France,1977,1.8625299999999998,0.13614,0.027270000000000003
FRA,France,1978,1.8226100000000005,0.12879000000000002,0.02497
FRA,France,1979,1.85619,0.12969999999999998,0.023719999999999998
FRA,France,1980,1.9463200000000005,0.13656000000000001,0.02386
FRA,France,1981,1.9461700000000004,0.14329999999999998,0.024779999999999996
FRA,France,1982,1.91328,0.14273,0.02547
FRA,France,1983,1.7849999999999997,0.13423,0.02358
FRA,France,1984,1.8024499999999999,0.13949999999999999,0.024510000000000004
FRA,France,1985,1.8146800000000003,0.14787,0.025389999999999996
FRA,France,1986,1.83192,0.15666000000000002,0.02591
FRA,France,1987,1.8019899999999995,0.16565000000000002,0.02674
FRA,France,1988,1.8058399999999997,0.17476999999999998,0.027340000000000003
FRA,France,1989,1.7884100000000003,0.18367,0.02931
FRA,France,1990,1.7788300000000004,0.18968000000000002,0.03057
FRA,France,1991,1.7702600000000004,0.19462000000000002,0.031189999999999996
FRA,France,1992,1.7340199999999995,0.1976,0.03207
FRA,France,1993,1.6607800000000001,0.19407000000000002,0.032440000000000004
FRA,France,1994,1.6634299999999997,0.20013,0.03319
FRA,France,1995,1.7137200000000001,0.21156,0.03451
FRA,France,1996,1.73395,0.22253,0.03605
FRA,France,1997,1.7264899999999999,0.22874,0.037430000000000005
FRA,France,1998,1.7643199999999999,0.24181999999999998,0.03977
FRA,France,1999,1.7916900000000002,0.25122999999999995,0.04128
FRA,France,2000,1.8746600000000004,0.26787,0.04481
FRA,France,2001,1.8771399999999998,0.27473000000000003,0.046700000000000005
FRA,France,2002,1.86483,0.27890000000000004,0.04752000000000001
FRA,France,2003,1.8744200000000002,0.28519,0.04946
FRA,France,2004,1.8983800000000002,0.29478,0.05154
FRA,France,2005,1.9200300000000006,0.30664,0.05443
FRA,France,2006,1.9812600000000005,0.32438,0.05653
FRA,France,2007,1.9597900000000001,0.32878,0.05844
FRA,France,2008,1.9911300000000005,0.33923000000000003,0.06075
FRA,France,2009,1.9902199999999997,0.34432999999999997,0.06185
FRA,France,2010,2.0173300000000003,0.35539,0.06481999999999999
FRA,France,2011,1.9973,0.36231,0.06723
FRA,France,2012,1.9934,0.36861,0.06785
FRA,France,2013,1.9739599999999993,0.37621999999999994,0.07025999999999999
FRA,France,2014,1.9748200000000005,0.38683999999999996,0.0738
FRA,France,2015,1.9266200000000002,0.38768,0.07372000000000001
FRA,France,2016,1.8920900000000003,0.38869,0.07616
FRA,France,2017,1.8588999999999996,0.39132,0.07867
FRA,France,2018,1.8365200000000002,0.39434,0.08031
FRA,France,2019,1.8275800000000002,0.39922,0.08247
FRA,France,2020,1.7832000000000001,0.3955,0.08172
FRA,France,2021,1.78731,0.41001,0.08341
FRA,France,2022,1.7433800000000002,0.40541,0.08495
FRA,France,2023,1.6216300000000001,0.38647,0.08144
GBRTENW,"UK, England and Wales",1891,4.08051,1.22146,0.41733999999999993
GBRTENW,"UK, England and Wales",1901,3.44852,0.97115,0.32047
GBRTENW,"UK, England and Wales",1911,2.84747,0.7195600000000001,0.23487999999999998
GBRTENW,"UK, England and Wales",1912,2.8264799999999997,0.69881,0.22518
GBRTENW,"UK, England and Wales",1913,2.85249,0.70289,0.22642
GBRTENW,"UK, England and Wales",1914,2.8090299999999995,0.6829700000000001,0.21856
GBRTENW,"UK, England and Wales",1915,2.52449,0.5557500000000001,0.17036
GBRTENW,"UK, England and Wales",1916,2.5380300000000005,0.61582,0.18545
GBRTENW,"UK, England and Wales",1917,2.05251,0.40567,0.11587
GBRTENW,"UK, England and Wales",1918,1.98148,0.39784,0.11446
GBRTENW,"UK, England and Wales",1919,2.25354,0.47574999999999995,0.14237
GBRTENW,"UK, England and Wales",1920,3.0059799999999997,0.7473200000000001,0.24841000000000002
GBRTENW,"UK, England and Wales",1921,2.6225100000000006,0.5878099999999999,0.18374000000000001
GBRTENW,"UK, England and Wales",1922,2.3780400000000004,0.5037,0.15161
GBRTENW,"UK, England and Wales",1923,2.32203,0.48558,0.14372000000000001
GBRTENW,"UK, England and Wales",1924,2.22002,0.4531200000000001,0.13231
GBRTENW,"UK, England and Wales",1925,2.1480200000000003,0.43161000000000005,0.12307000000000001
GBRTENW,"UK, England and Wales",1926,2.0919899999999996,0.41586,0.11873
GBRTENW,"UK, England and Wales",1927,1.9574999999999998,0.38841,0.11193
GBRTENW,"UK, England and Wales",1928,1.96302,0.38955,0.11216999999999999
GBRTENW,"UK, England and Wales",1929,1.902,0.36729,0.10367000000000001
GBRTENW,"UK, England and Wales",1930,1.9065400000000001,0.36626000000000003,0.10327
GBRTENW,"UK, England and Wales",1931,1.843,0.34955,0.09834999999999999
GBRTENW,"UK, England and Wales",1932,1.7795200000000002,0.33369,0.09386
GBRTENW,"UK, England and Wales",1933,1.6785100000000006,0.31627,0.09154
GBRTENW,"UK, England and Wales",1934,1.7155000000000002,0.32365,0.09364
GBRTENW,"UK, England and Wales",1935,1.70699,0.31821,0.09229000000000001
GBRTENW,"UK, England and Wales",1936,1.72399,0.31597,0.09216
GBRTENW,"UK, England and Wales",1937,1.7435,0.31517999999999996,0.09201
GBRTENW,"UK, England and Wales",1938,1.8307799999999996,0.32208,0.08709
GBRTENW,"UK, England and Wales",1939,1.8165800000000005,0.31483000000000005,0.08295
GBRTENW,"UK, England and Wales",1940,1.7466599999999999,0.29455,0.07984
GBRTENW,"UK, England and Wales",1941,1.71755,0.29722,0.0828
GBRTENW,"UK, England and Wales",1942,1.9315200000000001,0.33081999999999995,0.08914
GBRTENW,"UK, England and Wales",1943,2.02828,0.36321000000000003,0.09477
GBRTENW,"UK, England and Wales",1944,2.2354799999999995,0.41889,0.10338
GBRTENW,"UK, England and Wales",1945,2.03302,0.38749,0.09920999999999999
GBRTENW,"UK, England and Wales",1946,2.473750000000001,0.43294999999999995,0.10132000000000001
GBRTENW,"UK, England and Wales",1947,2.6847099999999995,0.43162,0.10325999999999999
GBRTENW,"UK, England and Wales",1948,2.38964,0.37346,0.09244
GBRTENW,"UK, England and Wales",1949,2.2695,0.33516,0.08118
GBRTENW,"UK, England and Wales",1950,2.1806600000000005,0.31933,0.07602
GBRTENW,"UK, England and Wales",1951,2.1385800000000006,0.30279,0.07150999999999999
GBRTENW,"UK, England and Wales",1952,2.1520300000000003,0.29657,0.0699
GBRTENW,"UK, England and Wales",1953,2.21387,0.29466,0.06857
GBRTENW,"UK, England and Wales",1954,2.2073999999999994,0.28513,0.06820999999999999
GBRTENW,"UK, England and Wales",1955,2.21429,0.2814,0.06573000000000001
GBRTENW,"UK, England and Wales",1956,2.3463199999999995,0.28595,0.06656000000000001
GBRTENW,"UK, England and Wales",1957,2.44239,0.29237,0.06754
GBRTENW,"UK, England and Wales",1958,2.5159,0.29313,0.06661
GBRTENW,"UK, England and Wales",1959,2.5516799999999997,0.29362999999999995,0.06445999999999999
GBRTENW,"UK, England and Wales",1960,2.6792000000000007,0.30667,0.07017000000000001
GBRTENW,"UK, England and Wales",1961,2.7640700000000007,0.31409,0.07068999999999999
GBRTENW,"UK, England and Wales",1962,2.8448799999999994,0.31578,0.07119
GBRTENW,"UK, England and Wales",1963,2.88012,0.31333,0.0703
GBRTENW,"UK, England and Wales",1964,2.9298399999999996,0.3214,0.07156
GBRTENW,"UK, England and Wales",1965,2.8454200000000007,0.3101,0.06881999999999999
GBRTENW,"UK, England and Wales",1966,2.75247,0.29058,0.06352
GBRTENW,"UK, England and Wales",1967,2.6480799999999993,0.2774,0.06067
GBRTENW,"UK, England and Wales",1968,2.56698,0.25916,0.05613
GBRTENW,"UK, England and Wales",1969,2.4675500000000006,0.23903999999999997,0.05095999999999999
GBRTENW,"UK, England and Wales",1970,2.3950299999999998,0.22039999999999998,0.04618
GBRTENW,"UK, England and Wales",1971,2.3638600000000003,0.20703999999999997,0.043519999999999996
GBRTENW,"UK, England and Wales",1972,2.1667099999999997,0.18153,0.03823
GBRTENW,"UK, England and Wales",1973,2.00132,0.15454,0.032909999999999995
GBRTENW,"UK, England and Wales",1974,1.88549,0.13606000000000001,0.02907
GBRTENW,"UK, England and Wales",1975,1.77265,0.12568000000000001,0.02633
GBRTENW,"UK, England and Wales",1976,1.7084,0.11695,0.02366
GBRTENW,"UK, England and Wales",1977,1.6564800000000002,0.11219000000000001,0.021679999999999998
GBRTENW,"UK, England and Wales",1978,1.7270199999999998,0.11833,0.022369999999999998
GBRTENW,"UK, England and Wales",1979,1.8368499999999996,0.12738,0.0232
GBRTENW,"UK, England and Wales",1980,1.8747999999999998,0.13261,0.023870000000000002
GBRTENW,"UK, England and Wales",1981,1.7995299999999999,0.13046000000000002,0.0248
GBRTENW,"UK, England and Wales",1982,1.7609599999999996,0.1336,0.02335
GBRTENW,"UK, England and Wales",1983,1.7538099999999999,0.13639,0.02378
GBRTENW,"UK, England and Wales",1984,1.7532600000000003,0.13998,0.02373
GBRTENW,"UK, England and Wales",1985,1.7822700000000002,0.14566,0.02409
GBRTENW,"UK, England and Wales",1986,1.7710299999999999,0.15047,0.023469999999999998
GBRTENW,"UK, England and Wales",1987,1.8066,0.15931,0.024370000000000003
GBRTENW,"UK, England and Wales",1988,1.8228100000000003,0.16534,0.02466
GBRTENW,"UK, England and Wales",1989,1.7979000000000003,0.17299,0.02554
GBRTENW,"UK, England and Wales",1990,1.8394900000000003,0.18268,0.02712
GBRTENW,"UK, England and Wales",1991,1.8197300000000003,0.18778,0.02812
GBRTENW,"UK, England and Wales",1992,1.79845,0.19582,0.02988
GBRTENW,"UK, England and Wales",1993,1.7647599999999999,0.19988,0.031220000000000005
GBRTENW,"UK, England and Wales",1994,1.7497200000000002,0.20838,0.03191
GBRTENW,"UK, England and Wales",1995,1.7185900000000005,0.21323,0.03379
GBRTENW,"UK, England and Wales",1996,1.7374000000000005,0.22116000000000002,0.03583
GBRTENW,"UK, England and Wales",1997,1.7326699999999997,0.23166,0.0376
GBRTENW,"UK, England and Wales",1998,1.72445,0.23765000000000003,0.0386
GBRTENW,"UK, England and Wales",1999,1.69604,0.24006999999999998,0.03961
GBRTENW,"UK, England and Wales",2000,1.6543800000000002,0.24653,0.04109
GBRTENW,"UK, England and Wales",2001,1.6347299999999998,0.24989,0.04313
GBRTENW,"UK, England and Wales",2002,1.6440900000000003,0.25979,0.04468
GBRTENW,"UK, England and Wales",2003,1.71764,0.28024000000000004,0.047799999999999995
GBRTENW,"UK, England and Wales",2004,1.7662600000000004,0.29616,0.05098
GBRTENW,"UK, England and Wales",2005,1.77489,0.3064,0.05364
GBRTENW,"UK, England and Wales",2006,1.8305000000000002,0.32598,0.05662
GBRTENW,"UK, England and Wales",2007,1.8774199999999999,0.34506000000000003,0.060340000000000005
GBRTENW,"UK, England and Wales",2008,1.9200700000000002,0.35514,0.06319
GBRTENW,"UK, England and Wales",2009,1.90442,0.35921000000000003,0.06476
GBRTENW,"UK, England and Wales",2010,1.9386599999999998,0.37355000000000005,0.06731000000000001
GBRTENW,"UK, England and Wales",2011,1.9266400000000004,0.3853,0.0712
GBRTENW,"UK, England and Wales",2012,1.92802,0.39315000000000005,0.07363
GBRTENW,"UK, England and Wales",2013,1.8299599999999998,0.38518,0.07293000000000001
GBRTENW,"UK, England and Wales",2014,1.8041299999999998,0.39065,0.07443
GBRTENW,"UK, England and Wales",2015,1.7920200000000002,0.39811,0.07665
GBRTENW,"UK, England and Wales",2016,1.7695099999999997,0.40381,0.07957
GBRTENW,"UK, England and Wales",2017,1.71185,0.39656,0.07997
GBRTENW,"UK, England and Wales",2018,1.6453599999999995,0.38897000000000004,0.07895999999999999
GBRTENW,"UK, England and Wales",2019,1.5958399999999997,0.38145,0.07904
GBRTENW,"UK, England and Wales",2020,1.5252899999999998,0.36577000000000004,0.07618
GBRTENW,"UK, England and Wales",2021,1.54411,0.37926,0.07732
GBRTENW,"UK, England and Wales",2022,1.4886199999999998,0.36705000000000004,0.07801
GBRTENW,"UK, England and Wales",2023,1.4259999999999997,0.36607,0.09846
GBRTENW,"UK, England and Wales",2024,1.4150099999999999,0.36727,0.09841
GBR_NIR,"UK, Northern Ireland",1974,2.64944,0.35333,0.08934
GBR_NIR,"UK, Northern Ireland",1975,2.5324499999999994,0.34121999999999997,0.08255
GBR_NIR,"UK, Northern Ireland",1976,2.54429,0.32963,0.08412
GBR_NIR,"UK, Northern Ireland",1977,2.4450700000000007,0.30983,0.0756
GBR_NIR,"UK, Northern Ireland",1978,2.51328,0.31316,0.06752
GBR_NIR,"UK, Northern Ireland",1979,2.6933999999999996,0.34566,0.07565000000000001
GBR_NIR,"UK, Northern Ireland",1980,2.72208,0.33937999999999996,0.0685
GBR_NIR,"UK, Northern Ireland",1981,2.57842,0.32231000000000004,0.06526
GBR_NIR,"UK, Northern Ireland",1982,2.52761,0.32037,0.06067
GBR_NIR,"UK, Northern Ireland",1983,2.5042899999999997,0.32031,0.0674
GBR_NIR,"UK, Northern Ireland",1984,2.49434,0.32014,0.06458
GBR_NIR,"UK, Northern Ireland",1985,2.44377,0.30832,0.05482000000000001
GBR_NIR,"UK, Northern Ireland",1986,2.4460599999999997,0.31136,0.0576
GBR_NIR,"UK, Northern Ireland",1987,2.3862799999999993,0.30094,0.05510999999999999
GBR_NIR,"UK, Northern Ireland",1988,2.34743,0.28905,0.05612
GBR_NIR,"UK, Northern Ireland",1989,2.1877099999999996,0.27783,0.053509999999999995
GBR_NIR,"UK, Northern Ireland",1990,2.20416,0.28498,0.05073
GBR_NIR,"UK, Northern Ireland",1991,2.1585100000000006,0.27396,0.048350000000000004
GBR_NIR,"UK, Northern Ireland",1992,2.07695,0.25844999999999996,0.046990000000000004
GBR_NIR,"UK, Northern Ireland",1993,2.0095600000000005,0.26212,0.04662
GBR_NIR,"UK, Northern Ireland",1994,1.94879,0.26513000000000003,0.048
GBR_NIR,"UK, Northern Ireland",1995,1.9089199999999997,0.26824000000000003,0.04319
GBR_NIR,"UK, Northern Ireland",1996,1.95718,0.26623,0.042499999999999996
GBR_NIR,"UK, Northern Ireland",1997,1.93237,0.27557,0.0444
GBR_NIR,"UK, Northern Ireland",1998,1.9056899999999997,0.27496,0.04181
GBR_NIR,"UK, Northern Ireland",1999,1.8617400000000002,0.27304,0.04451
GBR_NIR,"UK, Northern Ireland",2000,1.7548700000000004,0.27276,0.04299
GBR_NIR,"UK, Northern Ireland",2001,1.8027999999999995,0.28676,0.04726
GBR_NIR,"UK, Northern Ireland",2002,1.76038,0.28707,0.04722
GBR_NIR,"UK, Northern Ireland",2003,1.7865100000000003,0.29808,0.04818
GBR_NIR,"UK, Northern Ireland",2004,1.8415199999999996,0.32519,0.04669
GBR_NIR,"UK, Northern Ireland",2005,1.8375599999999999,0.32421,0.0518
GBR_NIR,"UK, Northern Ireland",2006,1.9011699999999998,0.34458,0.055779999999999996
GBR_NIR,"UK, Northern Ireland",2007,1.97754,0.37531,0.05703
GBR_NIR,"UK, Northern Ireland",2008,2.0561399999999996,0.39083,0.06243
GBR_NIR,"UK, Northern Ireland",2009,1.9902800000000003,0.38312999999999997,0.06488
GBR_NIR,"UK, Northern Ireland",2010,2.02288,0.40032,0.06254
GBR_NIR,"UK, Northern Ireland",2011,2.02225,0.41639000000000004,0.07294
GBR_NIR,"UK, Northern Ireland",2012,2.02738,0.42089,0.07202
GBR_NIR,"UK, Northern Ireland",2013,1.95069,0.41082,0.06982000000000001
GBR_NIR,"UK, Northern Ireland",2014,1.9586199999999998,0.41816000000000003,0.07169
GBR_NIR,"UK, Northern Ireland",2015,1.9417099999999998,0.43526,0.07641
GBR_NIR,"UK, Northern Ireland",2016,1.92882,0.42446,0.0716
GBR_NIR,"UK, Northern Ireland",2017,1.8487199999999997,0.42089000000000004,0.07282
GBR_NIR,"UK, Northern Ireland",2018,1.82917,0.41412000000000004,0.07217
GBR_NIR,"UK, Northern Ireland",2019,1.80401,0.41946,0.0798
GBR_NIR,"UK, Northern Ireland",2020,1.6796600000000002,0.39801000000000003,0.07554
GBR_NIR,"UK, Northern Ireland",2021,1.7939600000000004,0.41039000000000003,0.07185
GBR_NIR,"UK, Northern Ireland",2022,1.7040099999999998,0.41142,0.07624
GBR_NIR,"UK, Northern Ireland",2023,1.6426900000000004,0.38656999999999997,0.0712
GBR_NIR,"UK, Northern Ireland",2024,1.6055000000000001,0.39522999999999997,0.07178999999999999
GBR_SCO,"UK, Scotland",1939,2.225999999999999,0.40800000000000003,0.10500000000000001
GBR_SCO,"UK, Scotland",1940,2.20201,0.387,0.10200000000000001
GBR_SCO,"UK, Scotland",1941,2.23999,0.41199,0.10899
GBR_SCO,"UK, Scotland",1942,2.29499,0.41599,0.10799
GBR_SCO,"UK, Scotland",1943,2.5420099999999994,0.46701000000000004,0.12201000000000001
GBR_SCO,"UK, Scotland",1944,2.60499,0.47999000000000003,0.12299000000000002
GBR_SCO,"UK, Scotland",1945,2.422990000000001,0.43949999999999995,0.11082
GBR_SCO,"UK, Scotland",1946,2.84581,0.49648000000000003,0.11401
GBR_SCO,"UK, Scotland",1947,2.97039,0.51341,0.1214
GBR_SCO,"UK, Scotland",1948,2.6048299999999993,0.4543,0.11146
GBR_SCO,"UK, Scotland",1949,2.49571,0.42147,0.10006999999999999
GBR_SCO,"UK, Scotland",1950,2.42848,0.40540999999999994,0.09647
GBR_SCO,"UK, Scotland",1951,2.393570000000001,0.38935000000000003,0.09031
GBR_SCO,"UK, Scotland",1952,2.4084999999999996,0.38501,0.08718000000000001
GBR_SCO,"UK, Scotland",1953,2.4475100000000003,0.37668999999999997,0.08556
GBR_SCO,"UK, Scotland",1954,2.51182,0.37342,0.08604
GBR_SCO,"UK, Scotland",1955,2.54294,0.35896,0.08285999999999999
GBR_SCO,"UK, Scotland",1956,2.64963,0.36135999999999996,0.0809
GBR_SCO,"UK, Scotland",1957,2.75744,0.36667999999999995,0.08255000000000001
GBR_SCO,"UK, Scotland",1958,2.82832,0.36266,0.08315
GBR_SCO,"UK, Scotland",1959,2.84386,0.35586999999999996,0.07733999999999999
GBR_SCO,"UK, Scotland",1960,2.92793,0.35862000000000005,0.07893
GBR_SCO,"UK, Scotland",1961,2.9484700000000004,0.36469,0.08041000000000001
GBR_SCO,"UK, Scotland",1962,3.0593500000000002,0.36959,0.08343
GBR_SCO,"UK, Scotland",1963,3.026980000000001,0.35281,0.07809
GBR_SCO,"UK, Scotland",1964,3.0901000000000005,0.36825,0.08219
GBR_SCO,"UK, Scotland",1965,2.9924100000000005,0.35178,0.07518
GBR_SCO,"UK, Scotland",1966,2.8769,0.32736,0.07329999999999999
GBR_SCO,"UK, Scotland",1967,2.87035,0.31896,0.0713
GBR_SCO,"UK, Scotland",1968,2.820770000000001,0.29806,0.06312
GBR_SCO,"UK, Scotland",1969,2.6764500000000004,0.27305,0.05792
GBR_SCO,"UK, Scotland",1970,2.5678399999999995,0.24149,0.051090000000000003
GBR_SCO,"UK, Scotland",1971,2.529629999999999,0.23047999999999996,0.04802
GBR_SCO,"UK, Scotland",1972,2.2685099999999996,0.19482,0.04106
GBR_SCO,"UK, Scotland",1973,2.1242700000000005,0.1678,0.03258
GBR_SCO,"UK, Scotland",1974,1.97575,0.14407999999999999,0.03123
GBR_SCO,"UK, Scotland",1975,1.8981400000000004,0.13433,0.027110000000000002
GBR_SCO,"UK, Scotland",1976,1.7954700000000001,0.11939,0.02283
GBR_SCO,"UK, Scotland",1977,1.70846,0.11223999999999999,0.02222
GBR_SCO,"UK, Scotland",1978,1.7470100000000002,0.10923,0.018479999999999996
GBR_SCO,"UK, Scotland",1979,1.8466599999999997,0.12233,0.02036
GBR_SCO,"UK, Scotland",1980,1.8443899999999998,0.11972,0.01944
GBR_SCO,"UK, Scotland",1981,1.83443,0.12113000000000002,0.01958
GBR_SCO,"UK, Scotland",1982,1.74026,0.11997000000000001,0.019389999999999998
GBR_SCO,"UK, Scotland",1983,1.69572,0.11843,0.01823
GBR_SCO,"UK, Scotland",1984,1.6799200000000003,0.11716,0.01861
GBR_SCO,"UK, Scotland",1985,1.7043300000000003,0.12133,0.0175
GBR_SCO,"UK, Scotland",1986,1.6739099999999998,0.12172000000000001,0.01727
GBR_SCO,"UK, Scotland",1987,1.6810599999999998,0.12338,0.016569999999999998
GBR_SCO,"UK, Scotland",1988,1.68065,0.13067,0.01573
GBR_SCO,"UK, Scotland",1989,1.6104299999999998,0.13199,0.01812
GBR_SCO,"UK, Scotland",1990,1.66924,0.13949,0.01795
GBR_SCO,"UK, Scotland",1991,1.6985900000000005,0.15300999999999998,0.02096
GBR_SCO,"UK, Scotland",1992,1.6746200000000002,0.15753,0.020630000000000003
GBR_SCO,"UK, Scotland",1993,1.6192499999999999,0.15940000000000001,0.02138
GBR_SCO,"UK, Scotland",1994,1.5827100000000003,0.16427999999999998,0.022330000000000003
GBR_SCO,"UK, Scotland",1995,1.5575100000000002,0.17478,0.024329999999999997
GBR_SCO,"UK, Scotland",1996,1.5594799999999998,0.18222000000000002,0.02629
GBR_SCO,"UK, Scotland",1997,1.5862900000000002,0.19486000000000003,0.026520000000000002
GBR_SCO,"UK, Scotland",1998,1.5522799999999999,0.19831,0.028999999999999998
GBR_SCO,"UK, Scotland",1999,1.5170699999999995,0.2006,0.03002
GBR_SCO,"UK, Scotland",2000,1.48106,0.20773000000000003,0.03013
GBR_SCO,"UK, Scotland",2001,1.4875099999999999,0.21724000000000002,0.03214
GBR_SCO,"UK, Scotland",2002,1.4714800000000001,0.21873,0.03277
GBR_SCO,"UK, Scotland",2003,1.5222500000000003,0.23762999999999998,0.0359
GBR_SCO,"UK, Scotland",2004,1.5786499999999999,0.259,0.04041
GBR_SCO,"UK, Scotland",2005,1.5982799999999997,0.27134,0.04198
GBR_SCO,"UK, Scotland",2006,1.6417399999999998,0.28491,0.04382
GBR_SCO,"UK, Scotland",2007,1.7015000000000007,0.30496999999999996,0.04622
GBR_SCO,"UK, Scotland",2008,1.7654300000000003,0.31811,0.05149
GBR_SCO,"UK, Scotland",2009,1.7306999999999995,0.32047000000000003,0.05203
GBR_SCO,"UK, Scotland",2010,1.7144499999999998,0.32946000000000003,0.05396
GBR_SCO,"UK, Scotland",2011,1.6984999999999997,0.33954999999999996,0.05706
GBR_SCO,"UK, Scotland",2012,1.6808400000000001,0.33870999999999996,0.05629000000000001
GBR_SCO,"UK, Scotland",2013,1.6244999999999998,0.34109,0.05928
GBR_SCO,"UK, Scotland",2014,1.6425900000000002,0.35309,0.06189
GBR_SCO,"UK, Scotland",2015,1.5878299999999999,0.34885,0.06032
GBR_SCO,"UK, Scotland",2016,1.5617000000000003,0.34857,0.06484
GBR_SCO,"UK, Scotland",2017,1.5100699999999998,0.34541999999999995,0.06298999999999999
GBR_SCO,"UK, Scotland",2018,1.4626000000000001,0.34092999999999996,0.06654
GBR_SCO,"UK, Scotland",2019,1.4197500000000003,0.3328,0.06346
GBR_SCO,"UK, Scotland",2020,1.3334599999999999,0.31528,0.06167
GBR_SCO,"UK, Scotland",2021,1.35704,0.33166999999999996,0.05979999999999999
GBR_SCO,"UK, Scotland",2022,1.3239699999999999,0.32807,0.06323000000000001
GBR_SCO,"UK, Scotland",2023,1.2979999999999998,0.322,0.061
GBR_SCO,"UK, Scotland",2024,1.248,0.313,0.063
GRC,Greece,1950,2.5714900000000003,0.5692699999999999,0.18149
GRC,Greece,1951,2.5346919999999993,0.5454779999999999,0.17132599999999998
GRC,Greece,1952,2.497894,0.521686,0.161162
GRC,Greece,1953,2.4610960000000004,0.49789399999999995,0.150998
GRC,Greece,1954,2.424298000000001,0.47410199999999997,0.140834
GRC,Greece,1955,2.3875,0.45031,0.13067
GRC,Greece,1956,2.3249800000000005,0.40435,0.11631000000000002
GRC,Greece,1957,2.267,0.37889000000000006,0.10326
GRC,Greece,1958,2.22998,0.34767000000000003,0.08890999999999999
GRC,Greece,1959,2.2714899999999996,0.32715999999999995,0.07891
GRC,Greece,1960,2.2195100000000005,0.30732,0.07197
GRC,Greece,1961,2.1460500000000002,0.33439,0.08438999999999999
GRC,Greece,1962,2.1724799999999997,0.30879,0.07200000000000001
GRC,Greece,1963,2.1465300000000003,0.29359999999999997,0.0673
GRC,Greece,1964,2.2484599999999992,0.28785,0.06346
GRC,Greece,1965,2.2485100000000005,0.28308,0.06296
GRC,Greece,1966,2.30452,0.27596,0.05951
GRC,Greece,1967,2.4210000000000007,0.28213,0.06149
GRC,Greece,1968,2.386,0.27086,0.05877
GRC,Greece,1969,2.3295000000000003,0.27558,0.061439999999999995
GRC,Greece,1970,2.3965100000000006,0.26307,0.05595
GRC,Greece,1971,2.353520000000001,0.25808,0.055970000000000006
GRC,Greece,1972,2.3129799999999996,0.24492999999999998,0.053090000000000005
GRC,Greece,1973,2.25398,0.23803,0.05291
GRC,Greece,1974,2.3654900000000003,0.23576999999999998,0.05079
GRC,Greece,1975,2.31899,0.22522,0.04779
GRC,Greece,1976,2.34899,0.21092000000000002,0.043840000000000004
GRC,Greece,1977,2.2739999999999996,0.19771,0.041139999999999996
GRC,Greece,1978,2.29104,0.18458000000000002,0.03665
GRC,Greece,1979,2.28149,0.17459,0.03598
GRC,Greece,1980,2.2264900000000005,0.16729,0.0343
GRC,Greece,1981,2.0909999999999997,0.15996,0.031
GRC,Greece,1982,2.0239900000000004,0.15209,0.027860000000000003
GRC,Greece,1983,1.942,0.14135999999999999,0.024869999999999996
GRC,Greece,1984,1.82299,0.13105,0.021929999999999998
GRC,Greece,1985,1.6769900000000004,0.11964999999999999,0.01962
GRC,Greece,1986,1.6149999999999995,0.12059,0.01999
GRC,Greece,1987,1.5360299999999998,0.11653,0.02067
GRC,Greece,1988,1.5234900000000002,0.11936,0.01944
GRC,Greece,1989,1.4335099999999998,0.11756,0.019540000000000002
GRC,Greece,1990,1.4264899999999998,0.12123999999999999,0.01963
GRC,Greece,1991,1.3839999999999997,0.12394,0.02024
GRC,Greece,1992,1.3865100000000001,0.13291,0.02317
GRC,Greece,1993,1.3425199999999997,0.13778,0.024550000000000002
GRC,Greece,1994,1.3564999999999998,0.14287000000000002,0.025750000000000002
GRC,Greece,1995,1.3195300000000003,0.14489000000000002,0.026099999999999998
GRC,Greece,1996,1.3015099999999995,0.14962999999999999,0.02572
GRC,Greece,1997,1.31147,0.15937,0.02767
GRC,Greece,1998,1.2915,0.16285,0.0273
GRC,Greece,1999,1.2460000000000002,0.16556,0.02815
GRC,Greece,2000,1.2684900000000001,0.20532999999999998,0.04041
GRC,Greece,2001,1.2550100000000004,0.18838,0.03518
GRC,Greece,2002,1.2729999999999997,0.19989999999999997,0.03819
GRC,Greece,2003,1.2884999999999998,0.21295999999999998,0.04199
GRC,Greece,2004,1.30848,0.22785,0.046700000000000005
GRC,Greece,2005,1.3336400000000002,0.23424,0.03901
GRC,Greece,2006,1.4023199999999996,0.25034999999999996,0.043289999999999995
GRC,Greece,2007,1.414,0.26475000000000004,0.04685
GRC,Greece,2008,1.5098199999999997,0.2899,0.05179
GRC,Greece,2009,1.5231999999999997,0.30926,0.05843
HRV,Croatia,1950,2.9047100000000006,0.5324,0.1768
HRV,Croatia,1951,2.6047000000000002,0.43168,0.1415
HRV,Croatia,1952,2.6940799999999996,0.40237,0.13362
HRV,Croatia,1953,2.64871,0.38513,0.12336
HRV,Croatia,1954,2.5992000000000006,0.34332,0.10838999999999999
HRV,Croatia,1955,2.5538099999999995,0.33433,0.10379000000000001
HRV,Croatia,1956,2.46672,0.31367,0.08537
HRV,Croatia,1957,2.3183000000000002,0.28284000000000004,0.07184
HRV,Croatia,1958,2.21038,0.26119,0.062229999999999994
HRV,Croatia,1959,2.2277400000000003,0.25823,0.0664
HRV,Croatia,1960,2.19708,0.24259000000000003,0.06814
HRV,Croatia,1961,2.18955,0.22763000000000003,0.06399
HRV,Croatia,1962,2.17137,0.21184999999999998,0.05627
HRV,Croatia,1963,2.1220399999999997,0.19962000000000002,0.05029
HRV,Croatia,1964,2.1166300000000002,0.19532,0.049409999999999996
HRV,Croatia,1965,2.20605,0.18965,0.045309999999999996
HRV,Croatia,1966,2.2098400000000002,0.18798,0.04454
HRV,Croatia,1967,2.0649300000000004,0.17203000000000002,0.04135
HRV,Croatia,1968,1.98876,0.16473000000000002,0.0393
HRV,Croatia,1969,1.90948,0.15417,0.03358
HRV,Croatia,1970,1.82723,0.14597000000000002,0.032869999999999996
HRV,Croatia,1971,1.9503900000000003,0.14573999999999998,0.0329
HRV,Croatia,1972,1.97281,0.14458000000000001,0.030250000000000003
HRV,Croatia,1973,1.9817999999999998,0.14283,0.03204
HRV,Croatia,1974,1.94964,0.14067,0.030729999999999997
HRV,Croatia,1975,1.9157499999999998,0.13608,0.028650000000000002
HRV,Croatia,1976,1.8985799999999997,0.13385,0.026659999999999996
HRV,Croatia,1977,1.91269,0.12658999999999998,0.02519
HRV,Croatia,1978,1.9221700000000002,0.12365999999999999,0.02514
HRV,Croatia,1979,1.9380399999999998,0.11476,0.022219999999999997
HRV,Croatia,1980,1.92102,0.10907,0.022860000000000002
HRV,Croatia,1981,1.91215,0.10549,0.02137
HRV,Croatia,1982,1.9001,0.10207,0.02053
HRV,Croatia,1983,1.87518,0.1001,0.01854
HRV,Croatia,1984,1.8666399999999999,0.09663000000000001,0.01771
HRV,Croatia,1985,1.8144699999999996,0.09713999999999999,0.01691
HRV,Croatia,1986,1.7577099999999999,0.09462,0.01583
HRV,Croatia,1987,1.7426300000000003,0.09344,0.01463
HRV,Croatia,1988,1.7412,0.09086999999999999,0.01533
HRV,Croatia,1989,1.6690199999999997,0.09050000000000001,0.01281
HRV,Croatia,1990,1.68551,0.09198,0.011380000000000001
HRV,Croatia,1991,1.5470100000000002,0.09107,0.011300000000000001
HRV,Croatia,1992,1.4800000000000004,0.10599,0.0162
HRV,Croatia,1993,1.5210099999999998,0.11217,0.016550000000000002
HRV,Croatia,1994,1.5229699999999997,0.12036,0.01937
HRV,Croatia,1995,1.5814800000000002,0.13347,0.021380000000000003
HRV,Croatia,1996,1.6705,0.16555,0.03019
HRV,Croatia,1997,1.6894999999999998,0.18024999999999997,0.033479999999999996
HRV,Croatia,1998,1.454,0.15299000000000001,0.02791
HRV,Croatia,1999,1.3800100000000002,0.14328000000000002,0.02707
HRV,Croatia,2000,1.39101,0.15026,0.029560000000000003
HRV,Croatia,2001,1.45619,0.14667,0.02301
HRV,Croatia,2002,1.4237899999999999,0.14264000000000002,0.02477
HRV,Croatia,2003,1.40852,0.14259,0.02268
HRV,Croatia,2004,1.4288100000000004,0.15455,0.02467
HRV,Croatia,2005,1.5029700000000001,0.17051,0.025300000000000003
HRV,Croatia,2006,1.46565,0.17326000000000003,0.02636
HRV,Croatia,2007,1.4832100000000001,0.18666,0.029359999999999997
HRV,Croatia,2008,1.55121,0.2019,0.03145
HRV,Croatia,2009,1.5845900000000002,0.21739999999999998,0.03423
HRV,Croatia,2010,1.5482099999999999,0.22114,0.033
HRV,Croatia,2011,1.48154,0.22222,0.03443
HRV,Croatia,2012,1.51676,0.23819,0.03968
HRV,Croatia,2013,1.4665799999999996,0.24040000000000003,0.03986
HRV,Croatia,2014,1.4743800000000002,0.25271,0.043980000000000005
HRV,Croatia,2015,1.4242099999999998,0.2525,0.040440000000000004
HRV,Croatia,2016,1.4582399999999995,0.27162,0.04636
HRV,Croatia,2017,1.4625100000000004,0.28728,0.048510000000000005
HRV,Croatia,2018,1.5263199999999997,0.30084,0.05211
HRV,Croatia,2019,1.53642,0.31665,0.05621
HRV,Croatia,2020,1.5652200000000005,0.32242,0.05816
HRV,Croatia,2021,1.6271999999999998,0.35365,0.06215
HRV,Croatia,2022,1.5347600000000001,0.32916,0.06226999999999999
HRV,Croatia,2023,1.4666400000000002,0.32062999999999997,0.060020000000000004
HRV,Croatia,2024,1.4653100000000001,0.32549000000000006,0.05979
HUN,Hungary,1938,2.4915,0.41121,0.12733
HUN,Hungary,1947,2.5300799999999994,0.40212,0.11068
HUN,Hungary,1948,2.57511,0.38786,0.10715000000000001
HUN,Hungary,1949,2.5421350000000005,0.36771000000000004,0.11198999999999999
HUN,Hungary,1950,2.59986,0.35568,0.09967999999999999
HUN,Hungary,1951,2.52905,0.33018,0.09356
HUN,Hungary,1952,2.4686399999999997,0.31551999999999997,0.08656
HUN,Hungary,1953,2.7529500000000002,0.36132000000000003,0.09699
HUN,Hungary,1954,2.9751399999999997,0.37994,0.09683
HUN,Hungary,1955,2.8075900000000003,0.33725,0.09035
HUN,Hungary,1956,2.6035200000000005,0.28551000000000004,0.07179999999999999
HUN,Hungary,1957,2.2944799999999996,0.22299,0.05683
HUN,Hungary,1958,2.1859300000000004,0.19772,0.047740000000000005
HUN,Hungary,1959,2.08854,0.17875,0.041929999999999995
HUN,Hungary,1960,2.0240800000000005,0.16393000000000002,0.03787
HUN,Hungary,1961,1.9395100000000003,0.15077000000000002,0.03551
HUN,Hungary,1962,1.7950900000000003,0.13432,0.03249
HUN,Hungary,1963,1.8247900000000004,0.13539,0.02957
HUN,Hungary,1964,1.8217200000000002,0.12411999999999998,0.027889999999999998
HUN,Hungary,1965,1.83104,0.11735999999999999,0.02561
HUN,Hungary,1966,1.8989500000000001,0.11913,0.02529
HUN,Hungary,1967,2.0270500000000005,0.12395,0.0248
HUN,Hungary,1968,2.08081,0.12348,0.02402
HUN,Hungary,1969,2.05172,0.12355,0.024489999999999998
HUN,Hungary,1970,1.9888700000000004,0.11554999999999999,0.023
HUN,Hungary,1971,1.9409200000000004,0.11201,0.0216
HUN,Hungary,1972,1.9398799999999996,0.11012,0.02225
HUN,Hungary,1973,1.9424699999999997,0.11086,0.021020000000000004
HUN,Hungary,1974,2.2881500000000004,0.12395,0.02346
HUN,Hungary,1975,2.3656699999999997,0.12355,0.022269999999999998
HUN,Hungary,1976,2.2497000000000007,0.11196,0.02028
HUN,Hungary,1977,2.1681200000000005,0.10733000000000001,0.02078
HUN,Hungary,1978,2.078280000000001,0.09595999999999999,0.01763
HUN,Hungary,1979,2.01764,0.09026,0.0167
HUN,Hungary,1980,1.9147399999999997,0.08274000000000001,0.015269999999999999
HUN,Hungary,1981,1.8818500000000002,0.07992,0.014870000000000001
HUN,Hungary,1982,1.8057599999999998,0.07527,0.01351
HUN,Hungary,1983,1.7612800000000002,0.07305,0.01321
HUN,Hungary,1984,1.77432,0.07211,0.012410000000000001
HUN,Hungary,1985,1.8739200000000003,0.08004,0.01323
HUN,Hungary,1986,1.86854,0.08612,0.013989999999999999
HUN,Hungary,1987,1.8535599999999999,0.08904,0.01457
HUN,Hungary,1988,1.84572,0.08894,0.01448
HUN,Hungary,1989,1.8380100000000004,0.09155,0.015
HUN,Hungary,1990,1.8677900000000003,0.09512000000000001,0.015029999999999998
HUN,Hungary,1991,1.8751799999999998,0.09904999999999999,0.016149999999999998
HUN,Hungary,1992,1.775560000000001,0.09938,0.0162
HUN,Hungary,1993,1.6865600000000003,0.09977,0.01728
HUN,Hungary,1994,1.64158,0.10649,0.01755
HUN,Hungary,1995,1.5712800000000002,0.10361999999999999,0.01729
HUN,Hungary,1996,1.45836,0.10192,0.01692
HUN,Hungary,1997,1.37735,0.10289000000000001,0.01705
HUN,Hungary,1998,1.3265800000000003,0.10162,0.01667
HUN,Hungary,1999,1.28416,0.10389000000000001,0.01688
HUN,Hungary,2000,1.3211499999999998,0.11582,0.01868
HUN,Hungary,2001,1.3101199999999997,0.1255,0.02009
HUN,Hungary,2002,1.3034000000000001,0.13219999999999998,0.02185
HUN,Hungary,2003,1.27235,0.13516,0.02141
HUN,Hungary,2004,1.2763799999999996,0.1462,0.0232
HUN,Hungary,2005,1.3068100000000002,0.15877,0.02502
HUN,Hungary,2006,1.3402900000000002,0.16982,0.02528
HUN,Hungary,2007,1.3161999999999998,0.17748999999999998,0.02867
HUN,Hungary,2008,1.34799,0.1911,0.0303
HUN,Hungary,2009,1.3216199999999996,0.19994999999999996,0.031939999999999996
HUN,Hungary,2010,1.2503199999999999,0.20556000000000002,0.03364
HUN,Hungary,2011,1.25777,0.21578999999999998,0.036449999999999996
HUN,Hungary,2012,1.33811,0.23153,0.03879
HUN,Hungary,2013,1.34079,0.24162999999999998,0.04219
HUN,Hungary,2014,1.4120499999999996,0.2601,0.04479
HUN,Hungary,2015,1.44136,0.27717,0.049769999999999995
HUN,Hungary,2016,1.4960299999999993,0.28874,0.05161
HUN,Hungary,2017,1.4962999999999997,0.29991,0.05488
HUN,Hungary,2018,1.4875,0.30167,0.05792
HUN,Hungary,2019,1.4918699999999998,0.30987,0.058980000000000005
HUN,Hungary,2020,1.5626000000000002,0.32455999999999996,0.06208999999999999
HUN,Hungary,2021,1.61187,0.34265,0.08189
HUN,Hungary,2022,1.54935,0.32158000000000003,0.07712000000000001
HUN,Hungary,2023,1.5057199999999997,0.3218,0.07973000000000001
HUN,Hungary,2024,1.3853699999999998,0.30088,0.07495
IRL,Ireland,1955,3.3586,1.00868,0.29225999999999996
IRL,Ireland,1956,3.37055,1.00593,0.28608
IRL,Ireland,1957,3.4679399999999996,1.03896,0.30693000000000004
IRL,Ireland,1958,3.45495,1.0182900000000001,0.2898
IRL,Ireland,1959,3.594170000000001,1.0544,0.29181999999999997
IRL,Ireland,1960,3.7519199999999997,1.07897,0.30241
IRL,Ireland,1961,3.7944700000000005,1.07129,0.30685
IRL,Ireland,1962,3.95462,1.10229,0.31426000000000004
IRL,Ireland,1963,4.06089,1.09585,0.31301
IRL,Ireland,1964,4.117069999999999,1.09762,0.32188
IRL,Ireland,1965,4.07832,1.07152,0.30902
IRL,Ireland,1966,3.9759100000000007,1.02948,0.29697
IRL,Ireland,1967,3.8743800000000004,0.9934000000000001,0.28698999999999997
IRL,Ireland,1968,3.7908500000000003,0.9429799999999999,0.26423
IRL,Ireland,1969,3.8423700000000003,0.93725,0.26464
IRL,Ireland,1970,3.8629300000000004,0.91285,0.24722
IRL,Ireland,1971,3.9537300000000015,0.9077400000000001,0.25217
IRL,Ireland,1972,3.86534,0.87414,0.23842999999999998
IRL,Ireland,1973,3.72549,0.8199900000000001,0.22593
IRL,Ireland,1974,3.5967900000000004,0.79516,0.22121
IRL,Ireland,1975,3.372680000000001,0.72116,0.20440000000000003
IRL,Ireland,1976,3.2846800000000003,0.68725,0.19508
IRL,Ireland,1977,3.2388600000000007,0.66737,0.18456
IRL,Ireland,1978,3.20684,0.65467,0.17085
IRL,Ireland,1979,3.21065,0.6206499999999999,0.15839999999999999
IRL,Ireland,1980,3.20308,0.63254,0.15617
IRL,Ireland,1981,3.055849999999999,0.59734,0.14307
IRL,Ireland,1982,2.9487500000000004,0.57907,0.13635
IRL,Ireland,1983,2.7496099999999992,0.5405,0.13326000000000002
IRL,Ireland,1984,2.5861799999999997,0.4992,0.11756
IRL,Ireland,1985,2.4943800000000005,0.48090999999999995,0.11316999999999999
IRL,Ireland,1986,2.4458099999999994,0.47276,0.10777999999999999
IRL,Ireland,1987,2.31518,0.44112999999999997,0.10115
IRL,Ireland,1988,2.1706,0.40463000000000005,0.09043000000000001
IRL,Ireland,1989,2.0775300000000008,0.39588999999999996,0.08736000000000001
IRL,Ireland,1990,2.11114,0.39307000000000003,0.08067
IRL,Ireland,1991,2.07779,0.39327999999999996,0.07961
IRL,Ireland,1992,1.9909199999999998,0.37960000000000005,0.07489
IRL,Ireland,1993,1.9039199999999998,0.36452999999999997,0.07374
IRL,Ireland,1994,1.8462999999999998,0.35775,0.06633
IRL,Ireland,1995,1.84263,0.36616000000000004,0.06792
IRL,Ireland,1996,1.8834300000000004,0.37726000000000004,0.06071
IRL,Ireland,1997,1.9341099999999998,0.39832,0.06965
IRL,Ireland,1998,1.9413599999999998,0.41179000000000004,0.0689
IRL,Ireland,1999,1.9006700000000005,0.40495000000000003,0.06638000000000001
IRL,Ireland,2000,1.8880799999999995,0.42234,0.06852
IRL,Ireland,2001,1.9369600000000002,0.44413,0.07129
IRL,Ireland,2002,1.9681200000000003,0.47149,0.07341
IRL,Ireland,2003,1.9580199999999999,0.48694,0.07923
IRL,Ireland,2004,1.9287400000000001,0.49958,0.08154
IRL,Ireland,2005,1.85918,0.51335,0.08607999999999999
IRL,Ireland,2006,1.9100799999999996,0.53901,0.09313
IRL,Ireland,2007,2.0070099999999997,0.5733999999999999,0.10038
IRL,Ireland,2008,2.05922,0.59158,0.10391
IRL,Ireland,2009,2.0538799999999995,0.59758,0.10891999999999999
IRL,Ireland,2010,2.04658,0.59702,0.11145000000000001
IRL,Ireland,2011,2.0252199999999996,0.60036,0.11421
IRL,Ireland,2012,1.9816099999999999,0.60195,0.11724
IRL,Ireland,2013,1.9252200000000002,0.59546,0.11522000000000002
IRL,Ireland,2014,1.8916700000000002,0.59404,0.11703
IRL,Ireland,2015,1.8521400000000001,0.58734,0.11644
IRL,Ireland,2016,1.8069300000000001,0.58826,0.12040000000000001
IRL,Ireland,2017,1.7577099999999999,0.57911,0.11599000000000001
IRL,Ireland,2018,1.7418900000000006,0.58305,0.12104000000000001
IRL,Ireland,2019,1.69393,0.5805100000000001,0.11774000000000001
IRL,Ireland,2020,1.6267099999999997,0.5622400000000001,0.1143
IRL,Ireland,2021,1.7213999999999998,0.61498,0.12049000000000001
IRL,Ireland,2022,1.5341100000000005,0.5443100000000001,0.11259
IRL,Ireland,2023,1.5200099999999999,0.5401800000000001,0.15211
ISL,Iceland,1853,5.66199,2.0282600000000004,0.7350800000000001
ISL,Iceland,1854,5.455,1.989045,0.72939
ISL,Iceland,1855,5.24801,1.94983,0.7237
ISL,Iceland,1856,4.99801,1.7389000000000001,0.65368
ISL,Iceland,1857,5.401020000000001,2.00678,0.75479
ISL,Iceland,1858,5.68649,2.09563,0.79749
ISL,Iceland,1859,5.09901,1.87782,0.72255
ISL,Iceland,1860,4.579980000000001,1.63373,0.61667
ISL,Iceland,1861,4.634530000000001,1.7401700000000002,0.66923
ISL,Iceland,1862,4.86202,1.8266299999999998,0.70876
ISL,Iceland,1863,4.751009999999999,1.8429799999999998,0.7198499999999999
ISL,Iceland,1864,4.947019999999998,1.8971799999999999,0.73337
ISL,Iceland,1865,4.877499999999999,1.83554,0.70407
ISL,Iceland,1866,4.717509999999999,1.7375699999999998,0.65389
ISL,Iceland,1867,4.912019999999997,1.8351,0.7336699999999999
ISL,Iceland,1868,4.341990000000001,1.6821000000000002,0.65406
ISL,Iceland,1869,3.909,1.4181399999999997,0.55451
ISL,Iceland,1870,4.02801,1.45162,0.5389200000000001
ISL,Iceland,1871,4.0539999999999985,1.56934,0.60699
ISL,Iceland,1872,4.094980000000001,1.5355,0.58494
ISL,Iceland,1873,4.418,1.6280499999999998,0.61242
ISL,Iceland,1874,4.217990000000001,1.6604299999999999,0.6603100000000001
ISL,Iceland,1875,4.255489999999999,1.64474,0.62739
ISL,Iceland,1876,4.47752,1.8175299999999999,0.68505
ISL,Iceland,1877,4.174989999999999,1.6061599999999998,0.60154
ISL,Iceland,1878,4.50052,1.7097399999999998,0.62993
ISL,Iceland,1879,4.229009999999999,1.61503,0.62083
ISL,Iceland,1880,4.24598,1.62365,0.62898
ISL,Iceland,1881,4.293990000000001,1.67407,0.6483399999999999
ISL,Iceland,1882,4.207510000000001,1.5834800000000002,0.60151
ISL,Iceland,1883,3.91199,1.52109,0.5649
ISL,Iceland,1884,4.2495199999999995,1.6068099999999998,0.6081099999999999
ISL,Iceland,1885,4.045979999999999,1.48006,0.54772
ISL,Iceland,1886,3.81901,1.45133,0.56708
ISL,Iceland,1887,3.6320399999999995,1.3892699999999998,0.52787
ISL,Iceland,1888,3.5184999999999995,1.2727300000000001,0.46923000000000004
ISL,Iceland,1889,4.04101,1.44661,0.54948
ISL,Iceland,1890,4.067019999999999,1.55333,0.61931
ISL,Iceland,1891,4.3355,1.55531,0.6235299999999999
ISL,Iceland,1892,4.12702,1.57426,0.6416700000000001
ISL,Iceland,1893,4.201969999999999,1.50625,0.5818
ISL,Iceland,1894,3.9395100000000007,1.41655,0.54999
ISL,Iceland,1895,4.4594700000000005,1.57884,0.58118
ISL,Iceland,1896,4.227,1.5209599999999999,0.5607800000000001
ISL,Iceland,1897,4.240499999999999,1.4752999999999998,0.55092
ISL,Iceland,1898,4.0545,1.42228,0.52609
ISL,Iceland,1899,3.9399900000000003,1.33174,0.48686
ISL,Iceland,1900,3.929490000000001,1.4769199999999998,0.56215
ISL,Iceland,1901,3.8585199999999995,1.3499700000000001,0.52991
ISL,Iceland,1902,3.9485099999999997,1.24448,0.46876
ISL,Iceland,1903,4.0050099999999995,1.3451300000000002,0.50225
ISL,Iceland,1904,4.0865,1.3449200000000001,0.50201
ISL,Iceland,1905,4.01949,1.38992,0.56005
ISL,Iceland,1906,4.13699,1.41709,0.54402
ISL,Iceland,1907,4.03548,1.30054,0.47048
ISL,Iceland,1908,4.01252,1.40499,0.5299
ISL,Iceland,1909,4.00004,1.33014,0.4799
ISL,Iceland,1910,3.7870000000000004,1.341,0.49788
ISL,Iceland,1911,3.7965099999999996,1.2972899999999998,0.46070999999999995
ISL,Iceland,1912,3.8195199999999994,1.3377599999999998,0.5088
ISL,Iceland,1913,3.7594899999999996,1.3592199999999999,0.51403
ISL,Iceland,1914,3.8980199999999994,1.32364,0.5009699999999999
ISL,Iceland,1915,4.0000100000000005,1.3414000000000001,0.5024200000000001
ISL,Iceland,1916,3.8095100000000004,1.25204,0.47152000000000005
ISL,Iceland,1917,3.8185,1.2551999999999999,0.47384
ISL,Iceland,1918,3.77649,1.14428,0.41264
ISL,Iceland,1919,3.62198,1.13863,0.42256
ISL,Iceland,1920,3.958999999999999,1.2295199999999997,0.45275999999999994
ISL,Iceland,1921,3.86749,1.17712,0.44805
ISL,Iceland,1922,3.72201,1.11527,0.4019
ISL,Iceland,1923,3.77398,1.16164,0.40995
ISL,Iceland,1924,3.6240300000000008,1.21614,0.43828
ISL,Iceland,1925,3.5855200000000007,1.11997,0.39310999999999996
ISL,Iceland,1926,3.7129700000000008,1.19074,0.42647999999999997
ISL,Iceland,1927,3.5940000000000003,1.1655799999999998,0.43024
ISL,Iceland,1928,3.3984799999999997,1.0923600000000002,0.40084000000000003
ISL,Iceland,1929,3.4655,1.1109,0.4047
ISL,Iceland,1930,3.584520000000001,1.04966,0.37426000000000004
ISL,Iceland,1931,3.5254899999999996,1.04358,0.38452000000000003
ISL,Iceland,1932,3.309980000000001,0.9227000000000001,0.32053
ISL,Iceland,1933,3.066500000000001,0.91316,0.34056
ISL,Iceland,1934,3.099500000000001,0.85506,0.3238
ISL,Iceland,1935,2.9880200000000006,0.76624,0.26603
ISL,Iceland,1936,2.9754900000000006,0.80752,0.31052
ISL,Iceland,1937,2.7784899999999997,0.7360199999999999,0.26732
ISL,Iceland,1938,2.7115299999999993,0.65637,0.23645
ISL,Iceland,1939,2.6795,0.72226,0.26913
ISL,Iceland,1940,2.75052,0.6514000000000001,0.223
ISL,Iceland,1941,2.9074999999999998,0.6882999999999999,0.24374
ISL,Iceland,1942,3.2605,0.78471,0.28035
ISL,Iceland,1943,3.35753,0.72811,0.24686
ISL,Iceland,1944,3.3405,0.69655,0.22318000000000002
ISL,Iceland,1945,3.550509999999999,0.80854,0.27521
ISL,Iceland,1946,3.4659999999999997,0.7546499999999999,0.25718
ISL,Iceland,1947,3.6655099999999994,0.7311500000000001,0.23332
ISL,Iceland,1948,3.724,0.76594,0.24689999999999998
ISL,Iceland,1949,3.7309799999999997,0.7302799999999999,0.22893
ISL,Iceland,1950,3.855480000000001,0.76855,0.25331000000000004
ISL,Iceland,1951,3.7150000000000003,0.713,0.21575
ISL,Iceland,1952,3.7865299999999995,0.72723,0.2298
ISL,Iceland,1953,3.9379999999999997,0.7497800000000001,0.23863
ISL,Iceland,1954,3.90802,0.68584,0.20894000000000001
ISL,Iceland,1955,4.072980000000001,0.7248700000000001,0.22266000000000002
ISL,Iceland,1956,4.139,0.7389399999999999,0.24244
ISL,Iceland,1957,4.19951,0.7203299999999999,0.23038999999999998
ISL,Iceland,1958,4.086,0.71329,0.21112000000000003
ISL,Iceland,1959,4.2369900000000005,0.77427,0.25206
ISL,Iceland,1960,4.303469999999998,0.74156,0.22119999999999998
ISL,Iceland,1961,3.9269300000000014,0.6485899999999999,0.18978
ISL,Iceland,1962,3.9931999999999994,0.6982900000000001,0.20864
ISL,Iceland,1963,3.9930100000000004,0.61805,0.18492
ISL,Iceland,1964,3.8810499999999997,0.64745,0.1888
ISL,Iceland,1965,3.7277400000000007,0.63742,0.18742999999999999
ISL,Iceland,1966,3.58663,0.57786,0.17001
ISL,Iceland,1967,3.284770000000001,0.5225399999999999,0.14286
ISL,Iceland,1968,3.065019999999999,0.48483000000000004,0.14100000000000001
ISL,Iceland,1969,2.99021,0.45445,0.1139
ISL,Iceland,1970,2.8141599999999998,0.39877,0.11383
ISL,Iceland,1971,2.9200600000000003,0.37684,0.0944
ISL,Iceland,1972,3.0923299999999996,0.40950999999999993,0.08832
ISL,Iceland,1973,2.9416699999999993,0.35485,0.10002
ISL,Iceland,1974,2.657000000000001,0.30593,0.06866
ISL,Iceland,1975,2.647980000000001,0.3164699999999999,0.07172999999999999
ISL,Iceland,1976,2.52283,0.28077,0.07048000000000001
ISL,Iceland,1977,2.3124000000000007,0.28342999999999996,0.06484999999999999
ISL,Iceland,1978,2.34864,0.24894,0.05319
ISL,Iceland,1979,2.4881900000000003,0.25819000000000003,0.044120000000000006
ISL,Iceland,1980,2.47699,0.27448,0.04375
ISL,Iceland,1981,2.3319799999999997,0.25996,0.040580000000000005
ISL,Iceland,1982,2.26431,0.23648999999999998,0.053649999999999996
ISL,Iceland,1983,2.24399,0.23759000000000002,0.050100000000000006
ISL,Iceland,1984,2.0804499999999995,0.22454999999999997,0.03401
ISL,Iceland,1985,1.9333099999999999,0.21255999999999997,0.03134
ISL,Iceland,1986,1.93325,0.20215,0.03369
ISL,Iceland,1987,2.0723400000000005,0.23603999999999997,0.04264
ISL,Iceland,1988,2.27092,0.25593,0.03896
ISL,Iceland,1989,2.20141,0.2781,0.04645
ISL,Iceland,1990,2.3089500000000003,0.28553,0.0353
ISL,Iceland,1991,2.18709,0.31212,0.05061
ISL,Iceland,1992,2.2113699999999996,0.3114,0.05042
ISL,Iceland,1993,2.2218900000000006,0.32030000000000003,0.05883
ISL,Iceland,1994,2.14172,0.31616,0.049530000000000005
ISL,Iceland,1995,2.0780900000000004,0.29611,0.0445
ISL,Iceland,1996,2.1190300000000004,0.32059000000000004,0.043649999999999994
ISL,Iceland,1997,2.03617,0.29596,0.048089999999999994
ISL,Iceland,1998,2.0455900000000002,0.30309,0.053649999999999996
ISL,Iceland,1999,1.9925499999999998,0.30404000000000003,0.040970000000000006
ISL,Iceland,2000,2.0784800000000003,0.30547,0.05363
ISL,Iceland,2001,1.95163,0.31998,0.050350000000000006
ISL,Iceland,2002,1.9341100000000002,0.3256,0.053559999999999997
ISL,Iceland,2003,1.9900999999999995,0.30498000000000003,0.05979999999999999
ISL,Iceland,2004,2.0393399999999997,0.33713999999999994,0.05789999999999999
ISL,Iceland,2005,2.0483200000000004,0.34885999999999995,0.05734
ISL,Iceland,2006,2.07923,0.36845000000000006,0.057390000000000004
ISL,Iceland,2007,2.0880399999999995,0.3555,0.05634
ISL,Iceland,2008,2.1539900000000003,0.41162,0.07381
ISL,Iceland,2009,2.2278499999999997,0.41754,0.07982
ISL,Iceland,2010,2.2415,0.4471,0.07411000000000001
ISL,Iceland,2011,2.089599999999999,0.40295000000000003,0.07970000000000001
ISL,Iceland,2012,2.1079800000000004,0.41478000000000004,0.07824
ISL,Iceland,2013,1.9989600000000003,0.42007,0.08419
ISL,Iceland,2014,1.9939399999999998,0.4001,0.07200999999999999
ISL,Iceland,2015,1.86025,0.381,0.07142000000000001
ISL,Iceland,2016,1.8010700000000002,0.38669,0.08356
ISL,Iceland,2017,1.7584599999999997,0.36501,0.07556
ISL,Iceland,2018,1.7567199999999998,0.37107999999999997,0.07277
ISL,Iceland,2019,1.8061800000000003,0.40797000000000005,0.09089
ISL,Iceland,2020,1.7926,0.37215,0.08044
ISL,Iceland,2021,1.90417,0.41423,0.08297
ISL,Iceland,2022,1.6703299999999996,0.36278,0.07679
ISL,Iceland,2023,1.59242,0.33331000000000005,0.06776
ISL,Iceland,2024,1.5583799999999999,0.34277,0.07355
ITA,Italy,1930,3.381979999999999,0.93923,0.32867999999999997
ITA,Italy,1931,3.2089899999999996,0.86136,0.30296
ITA,Italy,1932,3.0584999999999996,0.8195399999999999,0.28695
ITA,Italy,1933,3.041,0.8230799999999999,0.2915
ITA,Italy,1934,2.9970100000000004,0.80422,0.28451
ITA,Italy,1935,2.9764900000000005,0.79125,0.27881
ITA,Italy,1936,2.8704899999999993,0.76034,0.26503
ITA,Italy,1937,2.9329799999999993,0.74054,0.25424
ITA,Italy,1938,3.050509999999999,0.75206,0.25582
ITA,Italy,1939,3.0679900000000004,0.75622,0.25758
ITA,Italy,1940,3.07251,0.7552399999999999,0.25664
ITA,Italy,1941,2.74252,0.7144699999999999,0.24410000000000004
ITA,Italy,1942,2.69147,0.72805,0.24967999999999999
ITA,Italy,1943,2.6065300000000002,0.7364799999999999,0.25507
ITA,Italy,1944,2.3895299999999997,0.66183,0.22934
ITA,Italy,1945,2.36752,0.65288,0.22827000000000003
ITA,Italy,1946,3.0110200000000003,0.73256,0.23829
ITA,Italy,1947,2.8915000000000006,0.68437,0.22719999999999999
ITA,Italy,1948,2.8330399999999996,0.65511,0.21716000000000002
ITA,Italy,1949,2.6219900000000003,0.5959399999999999,0.19552999999999998
ITA,Italy,1950,2.4919900000000004,0.55715,0.18267
ITA,Italy,1951,2.344990000000001,0.51031,0.1651
ITA,Italy,1952,2.3366000000000002,0.49986,0.1494
ITA,Italy,1953,2.3105599999999997,0.48482000000000003,0.14069
ITA,Italy,1954,2.3677300000000003,0.48936999999999997,0.14093
ITA,Italy,1955,2.34931,0.47307,0.13456
ITA,Italy,1956,2.3522500000000006,0.45993000000000006,0.13066
ITA,Italy,1957,2.34989,0.4454999999999999,0.12468
ITA,Italy,1958,2.33015,0.42836,0.11907000000000001
ITA,Italy,1959,2.4072399999999994,0.43342,0.11946999999999999
ITA,Italy,1960,2.4400700000000004,0.42995999999999995,0.11882999999999999
ITA,Italy,1961,2.4448799999999995,0.41678,0.11232
ITA,Italy,1962,2.5023100000000005,0.42126,0.1114
ITA,Italy,1963,2.5870400000000005,0.41973,0.10665
ITA,Italy,1964,2.7418499999999995,0.43755,0.11043
ITA,Italy,1965,2.70262,0.42516,0.1076
ITA,Italy,1966,2.65943,0.42116,0.10475000000000001
ITA,Italy,1967,2.5651300000000004,0.39291999999999994,0.09747999999999998
ITA,Italy,1968,2.5215199999999998,0.38049,0.09292
ITA,Italy,1969,2.5348900000000003,0.38701,0.09405000000000001
ITA,Italy,1970,2.4517200000000003,0.35875,0.08776
ITA,Italy,1971,2.43609,0.34547,0.08529
ITA,Italy,1972,2.38547,0.3215,0.0798
ITA,Italy,1973,2.365379999999999,0.30761,0.07718
ITA,Italy,1974,2.3545900000000004,0.29782000000000003,0.07599
ITA,Italy,1975,2.2294799999999997,0.27129000000000003,0.06827
ITA,Italy,1976,2.12807,0.24794,0.061619999999999994
ITA,Italy,1977,1.9908699999999993,0.22192,0.053059999999999996
ITA,Italy,1978,1.88558,0.20395999999999997,0.04736
ITA,Italy,1979,1.77465,0.18333,0.03911
ITA,Italy,1980,1.69646,0.17026,0.03529
ITA,Italy,1981,1.59826,0.16105,0.0318
ITA,Italy,1982,1.6020400000000001,0.16035,0.030690000000000002
ITA,Italy,1983,1.5369700000000004,0.15627000000000002,0.02867
ITA,Italy,1984,1.4834799999999997,0.15385000000000001,0.02774
ITA,Italy,1985,1.44888,0.15403,0.02728
ITA,Italy,1986,1.3716199999999996,0.14891,0.025889999999999996
ITA,Italy,1987,1.35135,0.15502,0.02619
ITA,Italy,1988,1.3835399999999995,0.1666,0.02735
ITA,Italy,1989,1.3470899999999997,0.16789,0.026680000000000002
ITA,Italy,1990,1.35859,0.17592999999999998,0.028699999999999996
ITA,Italy,1991,1.3225400000000005,0.17724,0.028269999999999997
ITA,Italy,1992,1.31761,0.18714000000000003,0.03146
ITA,Italy,1993,1.2597099999999999,0.18358000000000002,0.029880000000000004
ITA,Italy,1994,1.2193599999999998,0.18595,0.03073
ITA,Italy,1995,1.1933200000000004,0.19335000000000002,0.03257
ITA,Italy,1996,1.2172300000000003,0.20471,0.034
ITA,Italy,1997,1.2269299999999996,0.21685000000000001,0.03714
ITA,Italy,1998,1.2139399999999998,0.22010000000000002,0.03639
ITA,Italy,1999,1.2330199999999998,0.23581000000000002,0.03899999999999999
ITA,Italy,2000,1.25627,0.24652000000000002,0.04074
ITA,Italy,2001,1.25087,0.25682000000000005,0.042300000000000004
ITA,Italy,2002,1.2688299999999997,0.26988,0.04467
ITA,Italy,2003,1.2871400000000002,0.28714,0.04838
ITA,Italy,2004,1.3384199999999997,0.30474999999999997,0.05161
ITA,Italy,2005,1.33179,0.31223,0.05455
ITA,Italy,2006,1.36553,0.32897,0.05847000000000001
ITA,Italy,2007,1.39105,0.34412,0.06315
ITA,Italy,2008,1.4357599999999995,0.36379,0.06708
ITA,Italy,2009,1.43567,0.37141,0.07139
ITA,Italy,2010,1.4394399999999998,0.38017999999999996,0.07421
ITA,Italy,2011,1.42335,0.38445,0.0778
ITA,Italy,2012,1.4174100000000005,0.38555,0.08054
ITA,Italy,2013,1.38814,0.38456,0.08247
ITA,Italy,2014,1.3848799999999997,0.38634,0.08285999999999999
ITA,Italy,2015,1.36586,0.39046000000000003,0.08451
ITA,Italy,2016,1.3581200000000002,0.39529000000000003,0.08705
ITA,Italy,2017,1.3383900000000002,0.40024000000000004,0.08924
ITA,Italy,2018,1.30665,0.39593999999999996,0.09016
ITA,Italy,2019,1.2677600000000007,0.3917,0.08876
ITA,Italy,2020,1.24526,0.38785000000000003,0.08814999999999999
ITA,Italy,2021,1.2528500000000005,0.40681999999999996,0.08998999999999999
ITA,Italy,2022,1.2432600000000003,0.40319000000000005,0.09312999999999999
ITA,Italy,2023,1.2062000000000002,0.39935,0.09237000000000001
ITA,Italy,2024,1.1802799999999998,0.39952000000000004,0.09392
JPN,Japan,1925,4.86953,1.23417,0.4238
JPN,Japan,1926,4.799119999999999,1.220354,0.419364
JPN,Japan,1927,4.7287099999999995,1.2065379999999999,0.41492799999999996
JPN,Japan,1928,4.658300000000001,1.192722,0.41049199999999997
JPN,Japan,1929,4.58789,1.178906,0.40605600000000003
JPN,Japan,1930,4.51748,1.16509,0.40162
JPN,Japan,1937,4.213489999999999,1.0879400000000001,0.37366
JPN,Japan,1938,3.6994999999999996,0.98108,0.34067
JPN,Japan,1939,3.6344800000000004,0.9709500000000002,0.33559
JPN,Japan,1940,4.000009999999999,1.04852,0.35686
JPN,Japan,1947,4.61416,1.11174,0.31639
JPN,Japan,1948,4.46324,1.0598,0.31197
JPN,Japan,1949,4.372710000000001,0.9341200000000001,0.25577
JPN,Japan,1950,3.6908600000000003,0.71518,0.18712
JPN,Japan,1951,3.3000599999999998,0.6048199999999999,0.15154
JPN,Japan,1952,3.02027,0.51101,0.12163
JPN,Japan,1953,2.7379299999999995,0.42738000000000004,0.09679000000000001
JPN,Japan,1954,2.5259700000000005,0.36564,0.07944
JPN,Japan,1955,2.40495,0.31771,0.0672
JPN,Japan,1956,2.2581200000000003,0.27335,0.05652
JPN,Japan,1957,2.07842,0.22291999999999998,0.044789999999999996
JPN,Japan,1958,2.1497200000000003,0.20395,0.04046
JPN,Japan,1959,2.0803700000000003,0.17765999999999998,0.034670000000000006
JPN,Japan,1960,2.02424,0.14742,0.02775
JPN,Japan,1961,1.97717,0.12815,0.023620000000000002
JPN,Japan,1962,1.9871900000000002,0.11500000000000002,0.02023
JPN,Japan,1963,2.0129499999999996,0.1118,0.01813
JPN,Japan,1964,2.0551700000000004,0.1101,0.017070000000000002
JPN,Japan,1965,2.15476,0.11263,0.01588
JPN,Japan,1966,1.5882200000000002,0.09389000000000002,0.014020000000000001
JPN,Japan,1967,2.236180000000001,0.11432,0.01422
JPN,Japan,1968,2.1386799999999995,0.11459000000000001,0.014490000000000001
JPN,Japan,1969,2.13527,0.11459,0.01422
JPN,Japan,1970,2.1443100000000004,0.1134,0.01421
JPN,Japan,1971,2.16908,0.11191999999999999,0.01397
JPN,Japan,1972,2.15464,0.10839,0.01367
JPN,Japan,1973,2.1487600000000007,0.10659,0.01339
JPN,Japan,1974,2.05213,0.09756999999999999,0.01234
JPN,Japan,1975,1.9092200000000004,0.08655,0.01109
JPN,Japan,1976,1.8465099999999999,0.08069,0.010159999999999999
JPN,Japan,1977,1.79083,0.07778,0.00979
JPN,Japan,1978,1.7786699999999998,0.07616999999999999,0.00916
JPN,Japan,1979,1.7552500000000002,0.07442,0.008669999999999999
JPN,Japan,1980,1.73435,0.07444,0.00872
JPN,Japan,1981,1.72885,0.07657,0.00865
JPN,Japan,1982,1.7573199999999998,0.0811,0.00888
JPN,Japan,1983,1.7896300000000003,0.08624000000000001,0.00911
JPN,Japan,1984,1.80142,0.09196,0.009479999999999999
JPN,Japan,1985,1.7584499999999998,0.09468000000000001,0.009559999999999999
JPN,Japan,1986,1.7199399999999994,0.098,0.00953
JPN,Japan,1987,1.6906900000000002,0.10182,0.009839999999999998
JPN,Japan,1988,1.6586199999999998,0.10801,0.01077
JPN,Japan,1989,1.5770799999999998,0.11216999999999999,0.0111
JPN,Japan,1990,1.5439799999999997,0.11843999999999999,0.011609999999999999
JPN,Japan,1991,1.5380599999999993,0.12281,0.012
JPN,Japan,1992,1.50686,0.12851,0.01261
JPN,Japan,1993,1.4649900000000005,0.13246,0.01311
JPN,Japan,1994,1.50765,0.14493,0.01438
JPN,Japan,1995,1.4260100000000004,0.146,0.01505
JPN,Japan,1996,1.4304899999999996,0.15510000000000002,0.01577
JPN,Japan,1997,1.3943,0.15919,0.016739999999999998
JPN,Japan,1998,1.3923699999999999,0.16652999999999998,0.0178
JPN,Japan,1999,1.3518999999999999,0.16890000000000002,0.01823
JPN,Japan,2000,1.3616100000000002,0.18054,0.01991
JPN,Japan,2001,1.3388,0.18320999999999998,0.020360000000000003
JPN,Japan,2002,1.3237500000000004,0.18589,0.0219
JPN,Japan,2003,1.2968899999999999,0.19303,0.023350000000000003
JPN,Japan,2004,1.29511,0.20171,0.0248
JPN,Japan,2005,1.25563,0.20201999999999998,0.02562
JPN,Japan,2006,1.3102500000000004,0.21898,0.02827
JPN,Japan,2007,1.32633,0.23435999999999996,0.03124
JPN,Japan,2008,1.3522799999999997,0.24675,0.03379
JPN,Japan,2009,1.3513800000000002,0.25647,0.03615
JPN,Japan,2010,1.38022,0.2717,0.039970000000000006
JPN,Japan,2011,1.3835499999999998,0.2798,0.042260000000000006
JPN,Japan,2012,1.39345,0.29649000000000003,0.04635
JPN,Japan,2013,1.41276,0.3149,0.05017
JPN,Japan,2014,1.4072099999999998,0.32400999999999996,0.05313
JPN,Japan,2015,1.4410900000000004,0.3411,0.05688
JPN,Japan,2016,1.4302400000000004,0.34761000000000003,0.05968
JPN,Japan,2017,1.4133900000000004,0.34913000000000005,0.06065
JPN,Japan,2018,1.39898,0.34902,0.06209
JPN,Japan,2019,1.3418600000000003,0.34011,0.06189
JPN,Japan,2020,1.32532,0.33911,0.06232
JPN,Japan,2021,1.29764,0.34365,0.0653
JPN,Japan,2022,1.2516200000000002,0.33492,0.06444
JPN,Japan,2023,1.1968900000000002,0.32892000000000005,0.06527
JPN,Japan,2024,1.1433300000000002,0.31715,0.06277
KOR,Republic of Korea,1960,6.53999,1.78638,0.65366
KOR,Republic of Korea,1961,6.02498,1.78942,0.71562
KOR,Republic of Korea,1962,5.62498,1.4306600000000003,0.46756
KOR,Republic of Korea,1963,5.86498,1.6281700000000001,0.59885
KOR,Republic of Korea,1964,5.140000000000001,1.2381199999999999,0.43773999999999996
KOR,Republic of Korea,1965,4.589960000000001,0.9859,0.32523
KOR,Republic of Korea,1966,5.05499,1.20969,0.44161
KOR,Republic of Korea,1967,4.3050000000000015,0.88595,0.27949999999999997
KOR,Republic of Korea,1968,4.69501,0.95815,0.30984999999999996
KOR,Republic of Korea,1969,4.5550099999999984,0.79156,0.22797
KOR,Republic of Korea,1970,4.18502,0.74017,0.22725
KOR,Republic of Korea,1971,4.529990000000001,0.65249,0.17661000000000002
KOR,Republic of Korea,1972,4.055,0.56891,0.14587999999999998
KOR,Republic of Korea,1973,4.010009999999999,0.59029,0.16775
KOR,Republic of Korea,1974,3.58001,0.52335,0.1526
KOR,Republic of Korea,1975,3.3300200000000006,0.39225000000000004,0.1038
KOR,Republic of Korea,1976,3.0000099999999996,0.30732,0.07932
KOR,Republic of Korea,1977,2.9450100000000003,0.25538,0.06016
KOR,Republic of Korea,1978,2.7449999999999997,0.19763999999999998,0.040400000000000005
KOR,Republic of Korea,1979,2.8299899999999996,0.16435,0.02815
KOR,Republic of Korea,1980,2.6900100000000005,0.15019,0.02257
KOR,Republic of Korea,1981,2.6900100000000005,0.14723999999999998,0.02553
KOR,Republic of Korea,1982,2.37,0.09214000000000001,0.01412
KOR,Republic of Korea,1983,2.0900100000000004,0.09867000000000001,0.02376
KOR,Republic of Korea,1984,1.7599999999999998,0.045360000000000004,0.0064600000000000005
KOR,Republic of Korea,1985,1.70001,0.03874,0.00596
KOR,Republic of Korea,1986,1.645,0.031009999999999996,0.00579
KOR,Republic of Korea,1987,1.5849900000000003,0.02686,0.00321
KOR,Republic of Korea,1988,1.61001,0.02555,0.0027099999999999997
KOR,Republic of Korea,1989,1.6299500000000002,0.02486,0.00195
KOR,Republic of Korea,1990,1.6300000000000001,0.02336,0.00208
KOR,Republic of Korea,1991,1.7198300000000002,0.059860000000000003,0.009260000000000001
KOR,Republic of Korea,1992,1.76805,0.06984,0.010350000000000002
KOR,Republic of Korea,1993,1.72767,0.07585,0.01067
KOR,Republic of Korea,1994,1.7336299999999998,0.08256,0.01149
KOR,Republic of Korea,1995,1.71085,0.0864,0.012
KOR,Republic of Korea,1996,1.6488799999999995,0.08965999999999999,0.012650000000000002
KOR,Republic of Korea,1997,1.6062599999999998,0.09534999999999999,0.013049999999999999
KOR,Republic of Korea,1998,1.5248799999999998,0.09349,0.012759999999999999
KOR,Republic of Korea,1999,1.47482,0.09281,0.01255
KOR,Republic of Korea,2000,1.48009,0.10447000000000001,0.014419999999999999
KOR,Republic of Korea,2001,1.3092099999999998,0.10169,0.01379
KOR,Republic of Korea,2002,1.17743,0.09813999999999999,0.013670000000000002
KOR,Republic of Korea,2003,1.1906699999999997,0.1007,0.0145
KOR,Republic of Korea,2004,1.1637100000000007,0.10567,0.01458
KOR,Republic of Korea,2005,1.0847900000000001,0.10741,0.0143
KOR,Republic of Korea,2006,1.13111,0.12097,0.01457
KOR,Republic of Korea,2007,1.25768,0.14656999999999998,0.0167
KOR,Republic of Korea,2008,1.1906599999999996,0.15012,0.01633
KOR,Republic of Korea,2009,1.1467,0.15573000000000004,0.01752
KOR,Republic of Korea,2010,1.22309,0.1875,0.02094
KOR,Republic of Korea,2011,1.24132,0.20589999999999997,0.023719999999999998
KOR,Republic of Korea,2012,1.2942099999999999,0.22604000000000002,0.02578
KOR,Republic of Korea,2013,1.1848299999999998,0.22736,0.02488
KOR,Republic of Korea,2014,1.20388,0.24556,0.02717
KOR,Republic of Korea,2015,1.2378000000000002,0.26872,0.02968
KOR,Republic of Korea,2016,1.17178,0.26989,0.031670000000000004
KOR,Republic of Korea,2017,1.0520899999999997,0.26331,0.03233
KOR,Republic of Korea,2018,0.97757,0.26327,0.03397
KOR,Republic of Korea,2019,0.9190099999999998,0.26525,0.03634
KOR,Republic of Korea,2020,0.83764,0.25436,0.03561
KOR,Republic of Korea,2021,0.8090499999999997,0.26348,0.03759
KOR,Republic of Korea,2022,0.7789399999999997,0.26722999999999997,0.03989
KOR,Republic of Korea,2023,0.7216299999999999,0.26015,0.04049
KOR,Republic of Korea,2024,0.7489999999999998,0.27391,0.04129000000000001
LTU,Lithuania,1959,2.6231799999999987,0.5195799999999999,0.15227000000000002
LTU,Lithuania,1960,2.6110800000000007,0.51388,0.15179
LTU,Lithuania,1961,2.60098,0.47211000000000003,0.14956
LTU,Lithuania,1962,2.46521,0.45937,0.14406000000000002
LTU,Lithuania,1963,2.3473700000000006,0.41774,0.12966
LTU,Lithuania,1964,2.30173,0.3993,0.11691
LTU,Lithuania,1965,2.23115,0.37345,0.10986000000000001
LTU,Lithuania,1966,2.2658599999999995,0.36833000000000005,0.10455
LTU,Lithuania,1967,2.2724800000000007,0.35266000000000003,0.09659
LTU,Lithuania,1968,2.3149800000000003,0.33703,0.08843000000000001
LTU,Lithuania,1969,2.34117,0.32059,0.08125
LTU,Lithuania,1970,2.4066199999999998,0.31965,0.07949
LTU,Lithuania,1971,2.42643,0.31765000000000004,0.08281
LTU,Lithuania,1972,2.35512,0.30397,0.07934
LTU,Lithuania,1973,2.22844,0.28158,0.07076
LTU,Lithuania,1974,2.2115599999999995,0.26899,0.06345
LTU,Lithuania,1975,2.180869999999999,0.25395,0.060500000000000005
LTU,Lithuania,1976,2.1743200000000003,0.25061,0.06151000000000001
LTU,Lithuania,1977,2.1337300000000003,0.23646,0.055200000000000006
LTU,Lithuania,1978,2.0821699999999996,0.22216000000000002,0.05487
LTU,Lithuania,1979,2.0473199999999996,0.21527000000000002,0.05389
LTU,Lithuania,1980,1.9936699999999998,0.19105,0.04554
LTU,Lithuania,1981,1.98554,0.20336,0.050219999999999994
LTU,Lithuania,1982,1.9793400000000003,0.20163999999999999,0.05087
LTU,Lithuania,1983,2.11063,0.20483,0.04758
LTU,Lithuania,1984,2.07857,0.20183,0.045329999999999995
LTU,Lithuania,1985,2.0839400000000006,0.18296,0.04322
LTU,Lithuania,1986,2.12065,0.19682,0.042690000000000006
LTU,Lithuania,1987,2.1049800000000003,0.19489,0.04292
LTU,Lithuania,1988,2.0129099999999998,0.15476,0.030770000000000002
LTU,Lithuania,1989,1.983,0.13728,0.026840000000000003
LTU,Lithuania,1990,2.02597,0.13946999999999998,0.02736
LTU,Lithuania,1991,2.0067,0.12912999999999997,0.024009999999999997
LTU,Lithuania,1992,1.96896,0.12947,0.02434
LTU,Lithuania,1993,1.7395,0.11818000000000001,0.02427
LTU,Lithuania,1994,1.5748200000000003,0.09509,0.016819999999999998
LTU,Lithuania,1995,1.5524200000000001,0.09760000000000002,0.018680000000000002
LTU,Lithuania,1996,1.4949099999999995,0.09964999999999999,0.01956
LTU,Lithuania,1997,1.4688300000000003,0.10418000000000001,0.01803
LTU,Lithuania,1998,1.46028,0.11343,0.02014
LTU,Lithuania,1999,1.46153,0.11719,0.02166
LTU,Lithuania,2000,1.3906700000000003,0.1169,0.022080000000000002
LTU,Lithuania,2001,1.2880700000000003,0.11567,0.022039999999999997
LTU,Lithuania,2002,1.2344100000000005,0.10544999999999999,0.021
LTU,Lithuania,2003,1.2643900000000001,0.11732999999999999,0.02183
LTU,Lithuania,2004,1.2747100000000002,0.12340999999999999,0.022
LTU,Lithuania,2005,1.2939800000000001,0.12800999999999998,0.02299
LTU,Lithuania,2006,1.3256699999999995,0.13491,0.0242
LTU,Lithuania,2007,1.3613300000000004,0.14572000000000002,0.023639999999999998
LTU,Lithuania,2008,1.4480400000000004,0.16209,0.02699
LTU,Lithuania,2009,1.5025300000000001,0.18253,0.027180000000000003
LTU,Lithuania,2010,1.5007500000000005,0.18668,0.029859999999999998
LTU,Lithuania,2011,1.5511599999999999,0.19969,0.0316
LTU,Lithuania,2012,1.5949,0.21349,0.03426
LTU,Lithuania,2013,1.58462,0.22268,0.03716
LTU,Lithuania,2014,1.6261299999999994,0.24381,0.04052
LTU,Lithuania,2015,1.7017799999999996,0.26851,0.042249999999999996
LTU,Lithuania,2016,1.6884899999999998,0.27181,0.04597
LTU,Lithuania,2017,1.62907,0.27547,0.04768
LTU,Lithuania,2018,1.6321399999999997,0.29993000000000003,0.05154
LTU,Lithuania,2019,1.6050899999999995,0.30894,0.054169999999999996
LTU,Lithuania,2020,1.47944,0.29313,0.05534
LTU,Lithuania,2021,1.3435,0.26167,0.05591
LTU,Lithuania,2022,1.2699899999999997,0.24628,0.054779999999999995
LTU,Lithuania,2023,1.18349,0.23927,0.05431
LTU,Lithuania,2024,1.1119800000000004,0.23024999999999998,0.052309999999999995
LVA,Latvia,1965,1.7350200000000002,0.20501,0.04704
LVA,Latvia,1966,1.7907159999999998,0.20418,0.04558999999999999
LVA,Latvia,1967,1.8464120000000002,0.20335000000000003,0.04414
LVA,Latvia,1968,1.902108,0.20252000000000003,0.04268999999999999
LVA,Latvia,1969,1.9578039999999992,0.20168999999999998,0.04124
LVA,Latvia,1970,2.0134999999999996,0.20085999999999998,0.03979
LVA,Latvia,1971,2.04157,0.20231999999999997,0.0385
LVA,Latvia,1972,2.02774,0.20181999999999997,0.03863
LVA,Latvia,1973,1.96047,0.19107000000000002,0.03626
LVA,Latvia,1974,1.9945599999999999,0.19481,0.038130000000000004
LVA,Latvia,1975,1.9625400000000004,0.18375000000000002,0.03501
LVA,Latvia,1976,1.92678,0.1792,0.035879999999999995
LVA,Latvia,1977,1.88367,0.16419999999999998,0.03098
LVA,Latvia,1978,1.8634299999999997,0.15392,0.028200000000000003
LVA,Latvia,1979,1.86817,0.14731,0.02649
LVA,Latvia,1980,1.8986699999999996,0.13896999999999998,0.02385
LVA,Latvia,1981,1.8965599999999998,0.13832999999999998,0.022350000000000002
LVA,Latvia,1982,1.9783600000000003,0.15328,0.0267
LVA,Latvia,1983,2.13201,0.15771,0.02583
LVA,Latvia,1984,2.14617,0.16293,0.02685
LVA,Latvia,1985,2.08851,0.14715999999999999,0.022830000000000003
LVA,Latvia,1986,2.20513,0.16952,0.02862
LVA,Latvia,1987,2.2066999999999997,0.17407,0.02932
LVA,Latvia,1988,2.15971,0.17047,0.03023
LVA,Latvia,1989,2.0393199999999996,0.15078,0.0245
LVA,Latvia,1990,1.99829,0.14748,0.023190000000000002
LVA,Latvia,1991,1.85403,0.13448,0.02336
LVA,Latvia,1992,1.7409700000000001,0.11992000000000003,0.019950000000000002
LVA,Latvia,1993,1.5224399999999996,0.09933,0.017769999999999998
LVA,Latvia,1994,1.4066599999999998,0.10034,0.01948
LVA,Latvia,1995,1.2705799999999998,0.09383999999999999,0.018510000000000002
LVA,Latvia,1996,1.1768499999999997,0.09103,0.01768
LVA,Latvia,1997,1.13004,0.09813999999999999,0.020989999999999998
LVA,Latvia,1998,1.11368,0.09688,0.01947
LVA,Latvia,1999,1.17919,0.10551,0.02117
LVA,Latvia,2000,1.2373100000000001,0.12232000000000001,0.02512
LVA,Latvia,2001,1.20696,0.12850999999999999,0.02691
LVA,Latvia,2002,1.2320200000000001,0.13303,0.02661
LVA,Latvia,2003,1.28625,0.12533,0.02423
LVA,Latvia,2004,1.2395100000000001,0.13768,0.02608
LVA,Latvia,2005,1.3071099999999998,0.14955,0.02595
LVA,Latvia,2006,1.3480799999999997,0.16099,0.0293
LVA,Latvia,2007,1.4046599999999996,0.18087999999999999,0.03199
LVA,Latvia,2008,1.44389,0.19069999999999998,0.03372
LVA,Latvia,2009,1.3109000000000002,0.19538,0.0377
MDA,Moldova,1961,3.2289700000000003,0.6599600000000001,0.24097000000000002
MDA,Moldova,1979,2.3850000000000007,0.20400000000000001,0.03277
MDA,Moldova,1980,2.38201,0.20521,0.037779999999999994
MDA,Moldova,1981,2.40249,0.20191,0.03563
MDA,Moldova,1982,2.4495,0.20841,0.03629
MDA,Moldova,1983,2.57828,0.20928999999999998,0.03491
MDA,Moldova,1984,2.6700500000000003,0.21228,0.03426
MDA,Moldova,1985,2.6745899999999994,0.22108,0.036919999999999994
MDA,Moldova,1986,2.7385999999999995,0.23221000000000003,0.039830000000000004
MDA,Moldova,1987,2.7773100000000004,0.23897000000000002,0.04315
MDA,Moldova,1988,2.6286300000000002,0.21708,0.0383
MDA,Moldova,1989,2.46331,0.18325999999999998,0.03218
MDA,Moldova,1990,2.36125,0.1628,0.02638
MDA,Moldova,1991,2.25509,0.13767000000000001,0.021490000000000002
MDA,Moldova,1992,2.20728,0.12487000000000001,0.017890000000000003
MDA,Moldova,1993,2.0964,0.11384000000000001,0.0158
MDA,Moldova,1994,1.95246,0.09826,0.0137
MDA,Moldova,1995,1.7566300000000001,0.08635,0.012490000000000001
MDA,Moldova,1996,1.60262,0.0829,0.012629999999999999
MDA,Moldova,1997,1.66643,0.08708000000000002,0.013430000000000001
MDA,Moldova,1998,1.4930699999999997,0.08753,0.01475
MDA,Moldova,1999,1.3690499999999999,0.07911000000000001,0.011550000000000001
MDA,Moldova,2000,1.2867499999999998,0.07532,0.010020000000000001
MDA,Moldova,2001,1.2494599999999998,0.0751,0.00964
MDA,Moldova,2002,1.2105500000000002,0.08015,0.009739999999999999
MDA,Moldova,2003,1.2186999999999997,0.08473,0.010329999999999999
MDA,Moldova,2004,1.25716,0.09164,0.012750000000000001
MDA,Moldova,2005,1.2190999999999999,0.09294,0.014549999999999999
MDA,Moldova,2006,1.22859,0.09451000000000001,0.01451
MDA,Moldova,2007,1.256,0.10036,0.0145
MDA,Moldova,2008,1.27755,0.10738,0.01756
MDA,Moldova,2009,1.3261100000000001,0.11891,0.020249999999999997
MDA,Moldova,2010,1.30891,0.11801,0.02094
MDA,Moldova,2011,1.26552,0.11508000000000002,0.02161
MDA,Moldova,2012,1.27851,0.12309,0.02353
MDA,Moldova,2013,1.23804,0.12051,0.0227
MDA,Moldova,2014,1.8363300000000002,0.16376000000000002,0.02857
MDA,Moldova,2015,1.8828999999999998,0.20404,0.04045
MDA,Moldova,2016,1.90669,0.21222999999999997,0.04029
MDA,Moldova,2017,1.8265899999999997,0.22089000000000003,0.045610000000000005
MDA,Moldova,2018,1.7653599999999998,0.22474,0.043980000000000005
MDA,Moldova,2019,1.78101,0.23666,0.05056
MDA,Moldova,2020,1.7620200000000004,0.24704,0.056620000000000004
MDA,Moldova,2021,1.75099,0.23956999999999998,0.05346999999999999
MDA,Moldova,2022,1.70299,0.24495,0.05571
MDA,Moldova,2023,1.6140100000000004,0.2276,0.05384
MDA,Moldova,2024,1.65901,0.25032000000000004,0.06167
MKD,Macedonia,1950,5.814210000000001,1.53324,0.6433599999999999
MKD,Macedonia,1951,5.12455,1.32965,0.5783
MKD,Macedonia,1952,5.551450000000001,1.33561,0.54884
MKD,Macedonia,1953,5.25721,1.3056999999999999,0.54264
MKD,Macedonia,1954,5.229429999999999,1.28369,0.49753000000000003
MKD,Macedonia,1955,4.943980000000001,1.25041,0.50493999999999994
MKD,Macedonia,1956,4.686749999999999,1.11504,0.41464
MKD,Macedonia,1957,4.447619999999999,0.9534799999999999,0.33332999999999996
MKD,Macedonia,1958,4.255629999999998,0.86896,0.3101
MKD,Macedonia,1959,4.21368,0.82062,0.29156
MKD,Macedonia,1960,4.106609999999999,0.7667999999999999,0.30021000000000003
MKD,Macedonia,1961,3.8546599999999995,0.6747599999999999,0.27618
MKD,Macedonia,1962,3.6659199999999994,0.6296799999999999,0.25027
MKD,Macedonia,1963,3.6859399999999996,0.60517,0.23659000000000002
MKD,Macedonia,1964,3.7835700000000005,0.58194,0.20663
MKD,Macedonia,1965,3.6987699999999992,0.53154,0.18639
MKD,Macedonia,1966,3.5568000000000004,0.47156999999999993,0.15596
MKD,Macedonia,1967,3.44372,0.44813,0.14006000000000002
MKD,Macedonia,1968,3.32147,0.41638000000000003,0.11998
MKD,Macedonia,1969,3.25543,0.38237000000000004,0.10715
MKD,Macedonia,1970,2.98264,0.34023000000000003,0.09664999999999999
MKD,Macedonia,1971,2.919249999999999,0.32461999999999996,0.09142999999999998
MKD,Macedonia,1972,2.859270000000001,0.31439,0.08832
MKD,Macedonia,1973,2.71467,0.2821,0.07402
MKD,Macedonia,1974,2.7067900000000007,0.27585,0.07923
MKD,Macedonia,1975,2.7099500000000005,0.27891,0.07744999999999999
MKD,Macedonia,1976,2.6585099999999997,0.26238,0.06761
MKD,Macedonia,1977,2.5402299999999993,0.23626,0.06045
MKD,Macedonia,1978,2.47744,0.20753,0.050570000000000004
MKD,Macedonia,1979,2.47577,0.21072000000000002,0.05254
MKD,Macedonia,1980,2.4710300000000003,0.19009,0.04782
MKD,Macedonia,1981,2.4489799999999997,0.16992000000000002,0.04194
MKD,Macedonia,1982,2.45396,0.16694,0.03816
MKD,Macedonia,1983,2.3894499999999996,0.15485,0.03539
MKD,Macedonia,1984,2.3433599999999997,0.14301,0.030180000000000002
MKD,Macedonia,1985,2.31459,0.13756000000000002,0.03141
MKD,Macedonia,1986,2.27002,0.12929,0.01918
MKD,Macedonia,1987,2.27698,0.123,0.01847
MKD,Macedonia,1988,2.22297,0.12061,0.01833
MKD,Macedonia,1989,2.09749,0.10877,0.01514
MKD,Macedonia,1990,2.0640100000000006,0.1129,0.016730000000000002
MKD,Macedonia,1991,2.2710199999999996,0.10856,0.0132
MKD,Macedonia,1992,2.15748,0.09824999999999999,0.011869999999999999
MKD,Macedonia,1993,2.1683700000000004,0.11020999999999999,0.01949
MKD,Macedonia,1994,2.2319800000000005,0.11824,0.022919999999999996
MKD,Macedonia,1995,2.1277500000000003,0.11252,0.02072
MKD,Macedonia,1996,2.0619800000000006,0.10676,0.012400000000000001
MKD,Macedonia,1997,1.922,0.10519,0.01265
MKD,Macedonia,1998,1.9,0.10991000000000001,0.01347
MKD,Macedonia,1999,1.76098,0.10042999999999999,0.012069999999999999
MKD,Macedonia,2000,1.88252,0.11252000000000001,0.01424
MKD,Macedonia,2001,1.7280000000000002,0.10701999999999999,0.012070000000000001
MKD,Macedonia,2002,1.59049,0.10629,0.014010000000000002
MKD,Macedonia,2003,1.5354799999999997,0.10179,0.01318
MKD,Macedonia,2004,1.51798,0.11044999999999999,0.015110000000000002
MKD,Macedonia,2005,1.4584699999999997,0.11138,0.01456
MKD,Macedonia,2006,1.4605,0.12240000000000001,0.016409999999999998
MKD,Macedonia,2007,1.4600000000000002,0.11701,0.01476
MKD,Macedonia,2008,1.4730099999999997,0.12973,0.01785
MKD,Macedonia,2009,1.5195,0.1524,0.023420000000000003
MKD,Macedonia,2010,1.5574999999999999,0.16044,0.02313
MKD,Macedonia,2011,1.4605,0.15700999999999998,0.022969999999999997
MKD,Macedonia,2012,1.5139999999999996,0.16489,0.02383
MKD,Macedonia,2013,1.4889999999999999,0.17814,0.02957
MKD,Macedonia,2014,1.5239900000000002,0.18357,0.030920000000000003
MKD,Macedonia,2015,1.50049,0.18926,0.032
MKD,Macedonia,2016,1.5089700000000001,0.20025,0.03518
MKD,Macedonia,2017,1.4373799999999999,0.19768000000000002,0.03838
MKD,Macedonia,2018,1.4254900000000001,0.20208,0.0398
MKD,Macedonia,2019,1.34439,0.19379,0.039639999999999995
MKD,Macedonia,2020,1.3105099999999998,0.18303,0.03639
MKD,Macedonia,2021,1.62121,0.22208,0.04123
MKD,Macedonia,2022,1.58547,0.22902,0.04557
MKD,Macedonia,2023,1.48402,0.23085,0.047760000000000004
MKD,Macedonia,2024,1.4405000000000001,0.22501,0.04373
NLD,Netherlands,1906,4.285539999999998,1.4126100000000001,0.52047
NLD,Netherlands,1907,4.22801,1.3712199999999999,0.50334
NLD,Netherlands,1908,4.1765099999999995,1.3522399999999999,0.49259
NLD,Netherlands,1909,4.0879900000000005,1.3002099999999999,0.4776
NLD,Netherlands,1930,3.0200100000000005,0.85694,0.30283000000000004
NLD,Netherlands,1931,2.88099,0.82341,0.28993
NLD,Netherlands,1932,2.8036149999999997,0.7989274999999999,0.2800175
NLD,Netherlands,1933,2.726239999999999,0.7744449999999999,0.270105
NLD,Netherlands,1934,2.6488650000000002,0.7499625,0.26019250000000005
NLD,Netherlands,1935,2.57149,0.72548,0.25028
NLD,Netherlands,1936,2.5684799999999997,0.7155699999999999,0.24649999999999997
NLD,Netherlands,1937,2.5324800000000005,0.6931800000000001,0.23387
NLD,Netherlands,1938,2.634,0.7103900000000001,0.23903
NLD,Netherlands,1939,2.64047,0.70092,0.23161
NLD,Netherlands,1940,2.6719900000000005,0.6956100000000001,0.23182999999999998
NLD,Netherlands,1941,2.60501,0.6660799999999999,0.22254999999999997
NLD,Netherlands,1942,2.7079899999999997,0.717,0.23949
NLD,Netherlands,1943,2.97699,0.7801500000000001,0.25639
NLD,Netherlands,1944,3.1259799999999998,0.8194699999999999,0.26611
NLD,Netherlands,1945,2.96599,0.83947,0.2785
NLD,Netherlands,1946,3.9685099999999998,1.10012,0.35256
NLD,Netherlands,1947,3.6984699999999986,1.05075,0.35289000000000004
NLD,Netherlands,1948,3.43002,0.96057,0.3225
NLD,Netherlands,1949,3.2160199999999994,0.8700800000000001,0.29135
NLD,Netherlands,1950,3.0965100000000003,0.8228099999999999,0.25061
NLD,Netherlands,1951,3.050239999999999,0.79152,0.23929
NLD,Netherlands,1952,3.0872,0.7813100000000001,0.23825000000000002
NLD,Netherlands,1953,3.0322700000000005,0.75344,0.22891
NLD,Netherlands,1954,3.0288,0.7343299999999999,0.22019
NLD,Netherlands,1955,3.0325199999999994,0.71277,0.2115
NLD,Netherlands,1956,3.053409999999999,0.69384,0.20592000000000002
NLD,Netherlands,1957,3.07962,0.6715099999999999,0.19943999999999998
NLD,Netherlands,1958,3.1070099999999994,0.65245,0.18877
NLD,Netherlands,1959,3.1712700000000003,0.64764,0.1885
NLD,Netherlands,1960,3.1216000000000004,0.6211500000000001,0.17640999999999998
NLD,Netherlands,1961,3.21693,0.6151500000000001,0.17132
NLD,Netherlands,1962,3.1754900000000004,0.5817699999999999,0.16058
NLD,Netherlands,1963,3.192210000000001,0.56558,0.15456999999999999
NLD,Netherlands,1964,3.1651000000000002,0.5408999999999999,0.14392
NLD,Netherlands,1965,3.0381000000000005,0.49379999999999996,0.12977
NLD,Netherlands,1966,2.90117,0.44114000000000003,0.11593
NLD,Netherlands,1967,2.81211,0.40464,0.10499
NLD,Netherlands,1968,2.7134199999999997,0.36558,0.09016
NLD,Netherlands,1969,2.7457100000000008,0.35421,0.08535
NLD,Netherlands,1970,2.5697900000000002,0.32072999999999996,0.07599
NLD,Netherlands,1971,2.3595200000000003,0.27031,0.06399
NLD,Netherlands,1972,2.14899,0.21605000000000002,0.048479999999999995
NLD,Netherlands,1973,1.9033900000000006,0.17505,0.03811
NLD,Netherlands,1974,1.7732199999999998,0.14323,0.03153
NLD,Netherlands,1975,1.6642399999999997,0.12440000000000001,0.02561
NLD,Netherlands,1976,1.63222,0.11356,0.023540000000000002
NLD,Netherlands,1977,1.5796299999999999,0.10683000000000001,0.02117
NLD,Netherlands,1978,1.5837799999999997,0.10139000000000001,0.01897
NLD,Netherlands,1979,1.5633099999999998,0.10059,0.01749
NLD,Netherlands,1980,1.60263,0.10398,0.019119999999999998
NLD,Netherlands,1981,1.56394,0.10400999999999999,0.019249999999999996
NLD,Netherlands,1982,1.4957200000000004,0.10454,0.019200000000000002
NLD,Netherlands,1983,1.4679500000000003,0.10256,0.01751
NLD,Netherlands,1984,1.4916099999999997,0.10831,0.017640000000000003
NLD,Netherlands,1985,1.5116699999999998,0.11496999999999999,0.01769
NLD,Netherlands,1986,1.55334,0.12719,0.01854
NLD,Netherlands,1987,1.55847,0.13663999999999998,0.0185
NLD,Netherlands,1988,1.54511,0.14453,0.01842
NLD,Netherlands,1989,1.5541700000000003,0.15892,0.02007
NLD,Netherlands,1990,1.6171699999999998,0.17548999999999998,0.021469999999999996
NLD,Netherlands,1991,1.6117700000000001,0.18769,0.023239999999999997
NLD,Netherlands,1992,1.58711,0.19911,0.02438
NLD,Netherlands,1993,1.5720899999999998,0.20775,0.02518
NLD,Netherlands,1994,1.5692599999999999,0.2142,0.02617
NLD,Netherlands,1995,1.5313199999999996,0.21817999999999999,0.02561
NLD,Netherlands,1996,1.52872,0.22446,0.02661
NLD,Netherlands,1997,1.5620400000000003,0.23445,0.02783
NLD,Netherlands,1998,1.6277300000000003,0.24948000000000004,0.02993
NLD,Netherlands,1999,1.6516499999999996,0.25996,0.03175
NLD,Netherlands,2000,1.7222200000000003,0.2778,0.0337
NLD,Netherlands,2001,1.7096499999999994,0.2841,0.034820000000000004
NLD,Netherlands,2002,1.7310299999999998,0.29014,0.03553
NLD,Netherlands,2003,1.7470100000000004,0.30206999999999995,0.03586
NLD,Netherlands,2004,1.7259100000000003,0.30445,0.03812
NLD,Netherlands,2005,1.70892,0.30725,0.03863
NLD,Netherlands,2006,1.7208500000000007,0.31177,0.03916
NLD,Netherlands,2007,1.7184199999999996,0.31962,0.04092
NLD,Netherlands,2008,1.7736200000000004,0.33130000000000004,0.042690000000000006
NLD,Netherlands,2009,1.7909999999999997,0.34142,0.044579999999999995
NLD,Netherlands,2010,1.7959199999999997,0.34848999999999997,0.04689
NLD,Netherlands,2011,1.7597299999999998,0.34484,0.047420000000000004
NLD,Netherlands,2012,1.7232299999999998,0.34032,0.04741
NLD,Netherlands,2013,1.67937,0.33851,0.046759999999999996
NLD,Netherlands,2014,1.71306,0.35219,0.052070000000000005
NLD,Netherlands,2015,1.6582700000000004,0.35049,0.05075
NLD,Netherlands,2016,1.66322,0.36231,0.055290000000000006
NLD,Netherlands,2017,1.619210000000001,0.36115,0.056569999999999995
NLD,Netherlands,2018,1.58646,0.36194,0.05816
NLD,Netherlands,2019,1.5742699999999996,0.37012,0.06012000000000001
NLD,Netherlands,2020,1.5451,0.36819999999999997,0.06042
NLD,Netherlands,2021,1.6244199999999993,0.39146,0.0643
NLD,Netherlands,2022,1.48667,0.36180999999999996,0.060730000000000006
NLD,Netherlands,2023,1.43001,0.35609999999999997,0.06096
NOR,Norway,1946,2.764840000000001,0.6707500000000001,0.18392999999999998
NOR,Norway,1947,2.66212,0.61959,0.17781000000000002
NOR,Norway,1948,2.595269999999999,0.5843700000000001,0.17292000000000002
NOR,Norway,1949,2.5091299999999994,0.5385,0.15608999999999998
NOR,Norway,1950,2.51008,0.5121199999999999,0.14579
NOR,Norway,1951,2.47125,0.48246,0.14054
NOR,Norway,1952,2.5924500000000004,0.48193,0.13439
NOR,Norway,1953,2.6603499999999998,0.4731,0.13339
NOR,Norway,1954,2.70215,0.45071999999999995,0.12611
NOR,Norway,1955,2.78479,0.45255999999999996,0.12243
NOR,Norway,1956,2.8609199999999997,0.45288,0.11937
NOR,Norway,1957,2.8672299999999997,0.43186,0.11417000000000001
NOR,Norway,1958,2.90271,0.42506,0.11158
NOR,Norway,1959,2.9328100000000004,0.42884,0.11399000000000001
NOR,Norway,1960,2.9061000000000003,0.41334999999999994,0.10538
NOR,Norway,1961,2.9476,0.40695,0.10366
NOR,Norway,1962,2.8795100000000007,0.38427,0.09696
NOR,Norway,1963,2.89901,0.38286,0.09407
NOR,Norway,1964,2.9570299999999996,0.37915,0.09345999999999999
NOR,Norway,1965,2.92501,0.37708,0.09197
NOR,Norway,1966,2.8874999999999997,0.35817999999999994,0.08782
NOR,Norway,1967,2.7845400000000007,0.34799,0.08459
NOR,Norway,1968,2.7534400000000008,0.32445,0.07857
NOR,Norway,1969,2.69682,0.31477,0.07395000000000002
NOR,Norway,1970,2.50563,0.26393,0.05688
NOR,Norway,1971,2.4892200000000004,0.25428,0.05333
NOR,Norway,1972,2.38402,0.22171,0.04704
NOR,Norway,1973,2.2299899999999995,0.19435,0.038579999999999996
NOR,Norway,1974,2.1309500000000003,0.1722,0.035820000000000005
NOR,Norway,1975,1.98297,0.14931,0.028829999999999998
NOR,Norway,1976,1.86341,0.14384,0.02634
NOR,Norway,1977,1.75391,0.12764999999999999,0.02311
NOR,Norway,1978,1.7693399999999997,0.13255,0.023399999999999997
NOR,Norway,1979,1.7507999999999997,0.12836999999999998,0.02036
NOR,Norway,1980,1.72286,0.12617,0.021089999999999998
NOR,Norway,1981,1.7012500000000002,0.12464000000000001,0.02019
NOR,Norway,1982,1.7091000000000003,0.12803,0.020030000000000003
NOR,Norway,1983,1.6561100000000002,0.1285,0.018779999999999998
NOR,Norway,1984,1.6586999999999996,0.13111,0.02037
NOR,Norway,1985,1.67707,0.13447,0.02006
NOR,Norway,1986,1.71052,0.13252999999999998,0.01966
NOR,Norway,1987,1.7449699999999997,0.14473999999999998,0.020239999999999998
NOR,Norway,1988,1.8413,0.16119,0.02302
NOR,Norway,1989,1.8873700000000004,0.17015000000000002,0.02245
NOR,Norway,1990,1.9319199999999996,0.18515,0.02497
NOR,Norway,1991,1.91813,0.19731,0.02704
NOR,Norway,1992,1.8846399999999999,0.20281,0.027950000000000003
NOR,Norway,1993,1.8599400000000001,0.2143,0.029429999999999998
NOR,Norway,1994,1.8651100000000003,0.22448,0.02956
NOR,Norway,1995,1.86835,0.23276000000000002,0.03123
NOR,Norway,1996,1.8884999999999998,0.24105000000000001,0.03344
NOR,Norway,1997,1.8561099999999997,0.24969,0.03541
NOR,Norway,1998,1.8128900000000003,0.2515,0.0353
NOR,Norway,1999,1.84441,0.25575,0.036019999999999996
NOR,Norway,2000,1.8506499999999995,0.26371,0.03733
NOR,Norway,2001,1.7835900000000002,0.26226000000000005,0.036449999999999996
NOR,Norway,2002,1.7536900000000002,0.25844,0.03974
NOR,Norway,2003,1.7964699999999998,0.27618,0.03977
NOR,Norway,2004,1.8280000000000003,0.28439000000000003,0.040889999999999996
NOR,Norway,2005,1.8363099999999994,0.28642999999999996,0.044289999999999996
NOR,Norway,2006,1.9041799999999998,0.30533,0.04575
NOR,Norway,2007,1.9008099999999999,0.32058,0.049729999999999996
NOR,Norway,2008,1.95698,0.33200999999999997,0.050769999999999996
NOR,Norway,2009,1.9797999999999998,0.34539,0.0527
NOR,Norway,2010,1.9460799999999998,0.34711000000000003,0.05643000000000001
NOR,Norway,2011,1.8809499999999997,0.35,0.05707999999999999
NOR,Norway,2012,1.8517399999999997,0.35137,0.056029999999999996
NOR,Norway,2013,1.7820699999999998,0.34367,0.05589
NOR,Norway,2014,1.7562799999999996,0.35366,0.05968
NOR,Norway,2015,1.7311599999999998,0.36097,0.060270000000000004
NOR,Norway,2016,1.7064199999999998,0.35829,0.06373999999999999
NOR,Norway,2017,1.62341,0.34515,0.06348999999999999
NOR,Norway,2018,1.56488,0.33607,0.060590000000000005
NOR,Norway,2019,1.53089,0.34835000000000005,0.06501
NOR,Norway,2020,1.4765300000000001,0.34319,0.06298000000000001
NOR,Norway,2021,1.5528099999999998,0.35844999999999994,0.06473999999999999
NOR,Norway,2022,1.4099099999999996,0.33526000000000006,0.06306
NOR,Norway,2023,1.4026800000000004,0.33917,0.06367
NOR,Norway,2024,1.44491,0.3609,0.06838999999999999
NZL,New Zealand,1937,2.39009,0.44603,0.12327
NZL,New Zealand,1938,2.4316899999999997,0.43427,0.1167
NZL,New Zealand,1939,2.5536100000000004,0.44574,0.12425
NZL,New Zealand,1940,2.8280700000000007,0.46788,0.12337000000000001
NZL,New Zealand,1941,2.925909999999999,0.49584,0.12413
NZL,New Zealand,1942,2.8620399999999995,0.49914,0.12969
NZL,New Zealand,1943,2.61196,0.47822000000000003,0.12939
NZL,New Zealand,1944,2.85406,0.55908,0.14774
NZL,New Zealand,1945,3.0941199999999993,0.60013,0.15428000000000003
NZL,New Zealand,1946,3.4441799999999994,0.64713,0.16609000000000002
NZL,New Zealand,1947,3.6213700000000006,0.61705,0.1548
NZL,New Zealand,1948,3.5625,0.59348,0.15186
NZL,New Zealand,1949,3.5323399999999996,0.5704400000000001,0.14202
NZL,New Zealand,1950,3.56005,0.54593,0.14287
NZL,New Zealand,1951,3.60858,0.5306899999999999,0.13501999999999997
NZL,New Zealand,1952,3.676519999999999,0.5360199999999999,0.13419999999999999
NZL,New Zealand,1953,3.6574100000000005,0.51405,0.12545
NZL,New Zealand,1954,3.78736,0.5267000000000001,0.13025
NZL,New Zealand,1955,3.8847699999999996,0.52693,0.12858
NZL,New Zealand,1956,3.980820000000001,0.52429,0.12574000000000002
NZL,New Zealand,1957,4.024830000000001,0.52048,0.12686999999999998
NZL,New Zealand,1958,4.106760000000001,0.5191600000000001,0.12488
NZL,New Zealand,1959,4.178229999999999,0.5162,0.11947
NZL,New Zealand,1960,4.23595,0.52517,0.12414
NZL,New Zealand,1961,4.3087,0.53147,0.12784
NZL,New Zealand,1962,4.19152,0.49951,0.12484999999999999
NZL,New Zealand,1963,4.05082,0.48209,0.1153
NZL,New Zealand,1964,3.7972400000000004,0.45892,0.11401
NZL,New Zealand,1965,3.54057,0.41219000000000006,0.10473
NZL,New Zealand,1966,3.40854,0.37576,0.09286
NZL,New Zealand,1967,3.34874,0.34603,0.08802
NZL,New Zealand,1968,3.3352000000000004,0.32848,0.0794
NZL,New Zealand,1969,3.2822999999999998,0.31798999999999994,0.07674
NZL,New Zealand,1970,3.1693599999999997,0.29532,0.06705
NZL,New Zealand,1971,3.1769399999999997,0.27193,0.06514
NZL,New Zealand,1972,2.9954700000000005,0.25644,0.05882999999999999
NZL,New Zealand,1973,2.7624299999999997,0.21847,0.05014
NZL,New Zealand,1974,2.58158,0.19038,0.04055
NZL,New Zealand,1975,2.3709100000000003,0.16107,0.03778
NZL,New Zealand,1976,2.2673200000000002,0.1447,0.032709999999999996
NZL,New Zealand,1977,2.21245,0.13944,0.03162
NZL,New Zealand,1978,2.0731499999999996,0.13292,0.027020000000000002
NZL,New Zealand,1979,2.1242400000000004,0.13593,0.02575
NZL,New Zealand,1980,2.0332399999999997,0.1293,0.02327
NZL,New Zealand,1981,2.0148,0.12151,0.02245
NZL,New Zealand,1982,1.9452800000000001,0.12436999999999998,0.02241
NZL,New Zealand,1983,1.9159300000000004,0.12181,0.02169
NZL,New Zealand,1984,1.9330200000000002,0.12939,0.022629999999999997
NZL,New Zealand,1985,1.9258700000000002,0.13117,0.020319999999999998
NZL,New Zealand,1986,1.964,0.1413,0.02046
NZL,New Zealand,1987,2.02788,0.15804,0.02195
NZL,New Zealand,1988,2.0988599999999997,0.17797,0.02478
NZL,New Zealand,1989,2.11596,0.18459,0.026680000000000002
NZL,New Zealand,1990,2.1764699999999997,0.20912,0.02779
NZL,New Zealand,1991,2.08791,0.21798,0.030660000000000003
NZL,New Zealand,1992,2.0574299999999996,0.22610999999999998,0.03253
NZL,New Zealand,1993,2.03849,0.23221999999999998,0.03291
NZL,New Zealand,1994,1.9798999999999995,0.24048,0.03578
NZL,New Zealand,1995,1.9832000000000003,0.25194000000000005,0.03703
NZL,New Zealand,1996,1.9568299999999998,0.26105,0.041190000000000004
NZL,New Zealand,1997,1.9624200000000003,0.27866,0.04471
NZL,New Zealand,1998,1.8934400000000002,0.28189000000000003,0.04376
NZL,New Zealand,1999,1.9712700000000003,0.3037,0.04913
NZL,New Zealand,2000,1.9769200000000002,0.31592,0.05124999999999999
NZL,New Zealand,2001,1.96701,0.32437999999999995,0.05303999999999999
NZL,New Zealand,2002,1.8865799999999997,0.33205999999999997,0.05628
NZL,New Zealand,2003,1.9323400000000004,0.35743,0.06262999999999999
NZL,New Zealand,2004,1.98294,0.36395,0.0633
NZL,New Zealand,2005,1.9654399999999999,0.37443000000000004,0.0635
NZL,New Zealand,2006,2.0067599999999994,0.38314000000000004,0.06602
NZL,New Zealand,2007,2.1722399999999995,0.42507,0.07321
NZL,New Zealand,2008,2.18342,0.43513,0.07344
NZL,New Zealand,2009,2.1157,0.42893,0.07526
NZL,New Zealand,2010,2.14817,0.44337999999999994,0.08003
NZL,New Zealand,2011,2.059679999999999,0.43949,0.07723
NZL,New Zealand,2012,2.04987,0.43877,0.08016999999999999
NZL,New Zealand,2013,1.9526099999999997,0.43691,0.07975
NZL,New Zealand,2014,1.9236199999999999,0.41074,0.07594999999999999
NZL,New Zealand,2015,1.9941499999999996,0.43781000000000003,0.08055999999999999
NZL,New Zealand,2016,1.8745599999999993,0.42210000000000003,0.07855999999999999
NZL,New Zealand,2017,1.81223,0.41287999999999997,0.08099
NZL,New Zealand,2018,1.7068900000000005,0.4010000000000001,0.07675
NZL,New Zealand,2019,1.75162,0.40545,0.07898
NZL,New Zealand,2020,1.61387,0.37257,0.07123
NZL,New Zealand,2021,1.6415400000000002,0.38118,0.0699
NZL,New Zealand,2022,1.6597,0.38806999999999997,0.07332
NZL,New Zealand,2023,1.56171,0.36482,0.07085999999999999
NZL,New Zealand,2024,1.5617899999999998,0.36958,0.07028999999999999
NZL,New Zealand,2025,1.5543099999999999,0.37736,0.07248
POL,Poland,1948,3.35498,0.68435,0.2218
POL,Poland,1949,3.5299949999999995,0.69762,0.221495
POL,Poland,1950,3.70501,0.71089,0.22119000000000003
POL,Poland,1951,3.6683399999999993,0.6915266666666666,0.21228666666666665
POL,Poland,1952,3.6316699999999993,0.6721633333333333,0.2033833333333333
POL,Poland,1953,3.595,0.6527999999999999,0.19448
POL,Poland,1954,3.5799999999999996,0.63962,0.1951
POL,Poland,1955,3.60503,0.6217,0.18551000000000004
POL,Poland,1956,3.5050100000000004,0.5853900000000001,0.17433
POL,Poland,1957,3.4850000000000003,0.54402,0.15536999999999998
POL,Poland,1958,3.3549899999999995,0.50828,0.14398
POL,Poland,1959,3.2150000000000003,0.47791,0.13913999999999999
POL,Poland,1960,2.9800300000000006,0.42031,0.12161
POL,Poland,1961,2.82999,0.37965000000000004,0.10799
POL,Poland,1962,2.71501,0.34917,0.09843
POL,Poland,1963,2.6949999999999994,0.3369,0.09136
POL,Poland,1964,2.5700200000000004,0.3177,0.08434
POL,Poland,1965,2.51999,0.29774,0.07765
POL,Poland,1966,2.43003,0.28036,0.06923
POL,Poland,1967,2.32502,0.26500999999999997,0.06461
POL,Poland,1968,2.2399899999999997,0.26004,0.06456
POL,Poland,1969,2.1999799999999996,0.24991000000000002,0.06278
POL,Poland,1970,2.2000499999999996,0.23964000000000002,0.057550000000000004
POL,Poland,1971,2.24838,0.24106,0.060529999999999994
POL,Poland,1972,2.2268000000000003,0.23443,0.05871
POL,Poland,1973,2.2389200000000002,0.23309000000000002,0.05772
POL,Poland,1974,2.24828,0.22977999999999998,0.05724
POL,Poland,1975,2.2642700000000007,0.22469000000000003,0.05441
POL,Poland,1976,2.29581,0.21706,0.051210000000000006
POL,Poland,1977,2.2217200000000004,0.20234,0.04738
POL,Poland,1978,2.19923,0.189,0.042629999999999994
POL,Poland,1979,2.25131,0.19301000000000001,0.04273
POL,Poland,1980,2.25629,0.18664,0.04118
POL,Poland,1981,2.21555,0.18228,0.04013
POL,Poland,1982,2.31483,0.19712000000000002,0.042890000000000005
POL,Poland,1983,2.39567,0.19158,0.0395
POL,Poland,1984,2.35912,0.18636,0.0387
POL,Poland,1985,2.319080000000001,0.18330000000000002,0.037129999999999996
POL,Poland,1986,2.21467,0.17443,0.035280000000000006
POL,Poland,1987,2.1567499999999997,0.16834,0.0341
POL,Poland,1988,2.15159,0.16402999999999998,0.03327
POL,Poland,1989,2.10824,0.15568,0.03107
POL,Poland,1990,2.0714600000000005,0.15443,0.03118
POL,Poland,1991,2.0713500000000007,0.15715,0.03157
POL,Poland,1992,1.9527800000000002,0.15382999999999997,0.03091
POL,Poland,1993,1.8690200000000001,0.16022,0.03258
POL,Poland,1994,1.78556,0.16252,0.03319
POL,Poland,1995,1.6656300000000002,0.15009,0.02965
POL,Poland,1996,1.6058900000000003,0.1476,0.02878
POL,Poland,1997,1.52704,0.14235,0.027519999999999996
POL,Poland,1998,1.4507199999999993,0.13598,0.02552
POL,Poland,1999,1.3919799999999996,0.13456,0.025840000000000002
POL,Poland,2000,1.3673499999999996,0.13378,0.025349999999999998
POL,Poland,2001,1.29729,0.13280999999999998,0.02561
POL,Poland,2002,1.2335599999999998,0.13157,0.02515
POL,Poland,2003,1.20296,0.12844999999999998,0.024820000000000002
POL,Poland,2004,1.20884,0.13363,0.0257
POL,Poland,2005,1.2319599999999995,0.13796,0.02572
POL,Poland,2006,1.25729,0.14407,0.025679999999999998
POL,Poland,2007,1.3003299999999998,0.15435,0.02757
POL,Poland,2008,1.3765299999999998,0.16652,0.02857
POL,Poland,2009,1.3887799999999995,0.17589,0.02994
POL,Poland,2010,1.3716300000000006,0.18333000000000002,0.031380000000000005
POL,Poland,2011,1.29544,0.17822000000000002,0.031200000000000002
POL,Poland,2012,1.30502,0.18327,0.0317
POL,Poland,2013,1.25269,0.17738,0.031599999999999996
POL,Poland,2014,1.2850300000000003,0.18749,0.03267
POL,Poland,2015,1.2893099999999997,0.18996,0.03332
POL,Poland,2016,1.3599199999999998,0.20532,0.03541
POL,Poland,2017,1.4581100000000002,0.22368,0.03811
POL,Poland,2018,1.4362300000000001,0.22784,0.039529999999999996
POL,Poland,2019,1.4204600000000003,0.23084,0.04066
POL,Poland,2020,1.3846900000000002,0.2279,0.04104
POL,Poland,2021,1.3273700000000002,0.22100999999999998,0.04025
POL,Poland,2022,1.26024,0.21119,0.0385
POL,Poland,2023,1.1585000000000003,0.20032999999999998,0.03709
POL,Poland,2024,1.09701,0.19987,0.042839999999999996
PRT,Portugal,1940,3.2034299999999996,0.86185,0.3168
PRT,Portugal,1941,3.1122099999999997,0.83087,0.29131
PRT,Portugal,1942,3.1431000000000004,0.84413,0.29434
PRT,Portugal,1943,3.2886800000000007,0.88,0.30528
PRT,Portugal,1944,3.3173700000000004,0.9140899999999998,0.31185
PRT,Portugal,1945,3.40743,0.92561,0.31186
PRT,Portugal,1946,3.315660000000001,0.8908900000000001,0.30305
PRT,Portugal,1947,3.1917,0.8447100000000001,0.28452
PRT,Portugal,1948,3.4824600000000006,0.92615,0.31793
PRT,Portugal,1949,3.30615,0.8583299999999999,0.30538
PRT,Portugal,1950,3.15585,0.80666,0.2857
PRT,Portugal,1951,3.1728600000000005,0.8283900000000002,0.28928000000000004
PRT,Portugal,1952,3.2033400000000003,0.8401899999999999,0.29682000000000003
PRT,Portugal,1953,3.0433100000000004,0.77504,0.26986
PRT,Portugal,1954,2.9631000000000003,0.7612500000000001,0.25982000000000005
PRT,Portugal,1955,3.14414,0.81877,0.27698999999999996
PRT,Portugal,1956,3.0209100000000007,0.7548300000000001,0.25546
PRT,Portugal,1957,3.1377100000000007,0.7562200000000001,0.256
PRT,Portugal,1958,3.147709999999999,0.74549,0.25311000000000006
PRT,Portugal,1959,3.15042,0.7202899999999999,0.24607
PRT,Portugal,1960,3.15917,0.70891,0.23718
PRT,Portugal,1961,3.22425,0.7190300000000001,0.23421
PRT,Portugal,1962,3.2865599999999997,0.7212599999999999,0.23560999999999999
PRT,Portugal,1963,3.19601,0.69808,0.22873
PRT,Portugal,1964,3.3078499999999997,0.71919,0.23244
PRT,Portugal,1965,3.24538,0.68634,0.22200999999999999
PRT,Portugal,1966,3.23969,0.67616,0.21761999999999998
PRT,Portugal,1967,3.2121900000000005,0.66159,0.21507000000000004
PRT,Portugal,1968,3.1466400000000005,0.63727,0.20349
PRT,Portugal,1969,3.1108,0.62398,0.20024999999999998
PRT,Portugal,1970,3.00151,0.58033,0.18142999999999998
PRT,Portugal,1971,2.9999199999999995,0.5749,0.18099
PRT,Portugal,1972,2.8353099999999993,0.5318499999999999,0.16747
PRT,Portugal,1973,2.7471200000000002,0.51808,0.168
PRT,Portugal,1974,2.6926599999999996,0.49679,0.15497
PRT,Portugal,1975,2.755979999999999,0.4616700000000001,0.14566
PRT,Portugal,1976,2.7993200000000003,0.41664000000000007,0.13087000000000001
PRT,Portugal,1977,2.67673,0.3717100000000001,0.11855000000000002
PRT,Portugal,1978,2.44485,0.32217,0.10382
PRT,Portugal,1979,2.31329,0.29449,0.09255999999999999
PRT,Portugal,1980,2.25296,0.27344999999999997,0.08606
PRT,Portugal,1981,2.1372399999999994,0.2512,0.07648
PRT,Portugal,1982,2.0905800000000005,0.23349,0.0659
PRT,Portugal,1983,1.97273,0.21541,0.060689999999999994
PRT,Portugal,1984,1.9322200000000003,0.20371999999999998,0.05366
PRT,Portugal,1985,1.7549699999999997,0.18671,0.04894
PRT,Portugal,1986,1.69678,0.17287,0.04479
PRT,Portugal,1987,1.64777,0.16928000000000004,0.040350000000000004
PRT,Portugal,1988,1.6316299999999997,0.15942,0.03735
PRT,Portugal,1989,1.58416,0.15308,0.03289
PRT,Portugal,1990,1.55714,0.1467,0.030719999999999997
PRT,Portugal,1991,1.5596399999999997,0.15053,0.03058
PRT,Portugal,1992,1.5390999999999997,0.14797,0.02933
PRT,Portugal,1993,1.5178099999999999,0.14868,0.028480000000000002
PRT,Portugal,1994,1.4463099999999998,0.14809,0.02775
PRT,Portugal,1995,1.4102000000000001,0.15117,0.02783
PRT,Portugal,1996,1.4442799999999998,0.15959,0.02746
PRT,Portugal,1997,1.4731500000000002,0.16962000000000002,0.029109999999999997
PRT,Portugal,1998,1.4740200000000003,0.17768,0.0283
PRT,Portugal,1999,1.5024300000000004,0.19508,0.031869999999999996
PRT,Portugal,2000,1.5491100000000002,0.2057,0.035
PRT,Portugal,2001,1.4496900000000006,0.20231,0.03445
PRT,Portugal,2002,1.46472,0.21125000000000002,0.03574
PRT,Portugal,2003,1.4391299999999998,0.21668000000000004,0.037290000000000004
PRT,Portugal,2004,1.4038499999999998,0.22080999999999998,0.03912
PRT,Portugal,2005,1.4137599999999997,0.22865,0.0392
PRT,Portugal,2006,1.3731400000000002,0.23299,0.040400000000000005
PRT,Portugal,2007,1.3488300000000009,0.23507,0.03877
PRT,Portugal,2008,1.3926300000000005,0.24972,0.04147
PRT,Portugal,2009,1.3438,0.24827,0.04252
PRT,Portugal,2010,1.39012,0.26623,0.04761
PRT,Portugal,2011,1.34872,0.27396,0.04829
PRT,Portugal,2012,1.2837499999999997,0.26337,0.04697
PRT,Portugal,2013,1.2130899999999996,0.26036,0.047200000000000006
PRT,Portugal,2014,1.2357600000000006,0.28619,0.05148
PRT,Portugal,2015,1.3127499999999999,0.3166,0.05637
PRT,Portugal,2016,1.3672199999999999,0.35228,0.06677000000000001
PRT,Portugal,2017,1.38486,0.36506000000000005,0.07103
PRT,Portugal,2018,1.4241799999999998,0.38717999999999997,0.07738
PRT,Portugal,2019,1.43754,0.40112,0.08363999999999999
PRT,Portugal,2020,1.42054,0.4083,0.08679
PRT,Portugal,2021,1.35178,0.39846000000000004,0.0883
PRT,Portugal,2022,1.4262600000000003,0.4207,0.09171000000000001
PRT,Portugal,2023,1.4481600000000001,0.41964999999999997,0.09388
PRT,Portugal,2024,1.4071900000000004,0.41531,0.09451999999999999
ROU,Romania,1955,3.0596300000000003,0.45845,0.15326
ROU,Romania,1956,2.91516,0.43757,0.14295
ROU,Romania,1957,2.70893,0.37067000000000005,0.11940999999999999
ROU,Romania,1958,2.5615199999999994,0.32266,0.10385
ROU,Romania,1959,2.42986,0.29296,0.09822
ROU,Romania,1960,2.3354299999999997,0.27462,0.10103999999999999
ROU,Romania,1961,2.1769100000000003,0.2334,0.08584
ROU,Romania,1962,2.0397700000000003,0.20897,0.07747000000000001
ROU,Romania,1963,2.00759,0.19829000000000002,0.07439000000000001
ROU,Romania,1964,1.96235,0.18249,0.05138
ROU,Romania,1965,1.9077099999999998,0.17414999999999997,0.04883
ROU,Romania,1966,1.9047700000000003,0.17232,0.04539
ROU,Romania,1967,3.674660000000001,0.38949999999999996,0.08993000000000001
ROU,Romania,1968,3.64669,0.40949,0.09119
ROU,Romania,1969,3.2008900000000002,0.35229,0.07909000000000001
ROU,Romania,1970,2.8967099999999997,0.31720000000000004,0.073
ROU,Romania,1971,2.668799999999999,0.2906,0.069
ROU,Romania,1972,2.5606000000000004,0.2761,0.0632
ROU,Romania,1973,2.4347999999999996,0.24150000000000002,0.0541
ROU,Romania,1974,2.7039999999999997,0.2579,0.0571
ROU,Romania,1975,2.59509,0.23820000000000002,0.0538
ROU,Romania,1976,2.5524999999999998,0.2178,0.0485
ROU,Romania,1977,2.5677999999999996,0.21080000000000002,0.0463
ROU,Romania,1978,2.51519,0.1987,0.0443
ROU,Romania,1979,2.4858,0.1872,0.041499999999999995
ROU,Romania,1980,2.4257999999999997,0.1609,0.0353
ROU,Romania,1981,2.3524900000000004,0.1529,0.035500000000000004
ROU,Romania,1982,2.1694000000000004,0.1263,0.028999999999999998
ROU,Romania,1983,2.0643900000000004,0.1113,0.0252
ROU,Romania,1984,2.2674099999999995,0.1234,0.025599999999999998
ROU,Romania,1985,2.3160000000000003,0.1313,0.0279
ROU,Romania,1986,2.4021,0.16119999999999998,0.0343
ROU,Romania,1987,2.3931999999999998,0.18309999999999998,0.0418
ROU,Romania,1988,2.3160000000000003,0.174,0.038
ROU,Romania,1989,2.20219,0.1641,0.035699999999999996
ROU,Romania,1990,1.8375999999999995,0.1234,0.0276
ROU,Romania,1991,1.5706899999999997,0.0896,0.0207
ROU,Romania,1992,1.5185,0.0831,0.019
ROU,Romania,1993,1.4106999999999998,0.0732,0.0168
ROU,Romania,1994,1.3823999999999999,0.0736,0.0172
ROU,Romania,1995,1.3184999999999998,0.07089999999999999,0.016
ROU,Romania,1996,1.2827000000000002,0.0701,0.0151
ROU,Romania,1997,1.30719,0.0714,0.015300000000000001
ROU,Romania,1998,1.3056100000000002,0.0736,0.0149
ROU,Romania,1999,1.2916900000000002,0.0771,0.0153
ROU,Romania,2000,1.2960999999999996,0.08310000000000001,0.016399999999999998
ROU,Romania,2001,1.2226000000000001,0.0837,0.016300000000000002
ROU,Romania,2002,1.1722000000000001,0.0871,0.016
ROU,Romania,2003,1.1872000000000003,0.0872,0.0163
ROU,Romania,2004,1.2106000000000001,0.0949,0.017599999999999998
ROU,Romania,2005,1.2391999999999999,0.1028,0.0184
ROU,Romania,2006,1.2355,0.108,0.018
ROU,Romania,2007,1.2196,0.1096,0.019200000000000002
ROU,Romania,2008,1.2754999999999999,0.1175,0.0193
ROU,Romania,2009,1.2981999999999998,0.1242,0.0203
ROU,Romania,2010,1.2590000000000003,0.1279,0.021
ROU,Romania,2011,1.1880000000000002,0.1275,0.021
ROU,Romania,2012,1.3623999999999998,0.1497,0.0254
ROU,Romania,2013,1.4012000000000002,0.1585,0.0262
RUS,Russia,1959,2.58278,0.38704,0.11606
RUS,Russia,1960,2.55605,0.37685,0.10893999999999998
RUS,Russia,1961,2.45803,0.33061999999999997,0.09496
RUS,Russia,1962,2.34012,0.30988,0.08831
RUS,Russia,1963,2.28258,0.29037999999999997,0.08141
RUS,Russia,1964,2.15956,0.26755,0.07514
RUS,Russia,1965,2.08654,0.25909,0.06991
RUS,Russia,1966,2.09799,0.25286,0.0658
RUS,Russia,1967,2.00601,0.23463,0.05913
RUS,Russia,1968,1.9696399999999998,0.22449,0.05634
RUS,Russia,1969,1.9838500000000001,0.21583000000000002,0.05126
RUS,Russia,1970,1.99503,0.21076999999999999,0.04808
RUS,Russia,1971,2.0244999999999997,0.20623,0.045259999999999995
RUS,Russia,1972,2.02706,0.20431,0.044649999999999995
RUS,Russia,1973,1.9617500000000005,0.19204000000000002,0.042260000000000006
RUS,Russia,1974,1.9945600000000001,0.18975999999999998,0.041940000000000005
RUS,Russia,1975,1.97083,0.17867000000000002,0.04006
RUS,Russia,1976,1.95299,0.16630999999999999,0.038110000000000005
RUS,Russia,1977,1.9184500000000002,0.15623,0.034839999999999996
RUS,Russia,1978,1.8985600000000005,0.14108,0.03118
RUS,Russia,1979,1.8649900000000001,0.13096999999999998,0.02873
RUS,Russia,1980,1.8628900000000004,0.12159999999999999,0.025910000000000002
RUS,Russia,1981,1.88211,0.12084,0.02493
RUS,Russia,1982,1.9562799999999996,0.12974000000000002,0.02558
RUS,Russia,1983,2.0878700000000006,0.1349,0.0247
RUS,Russia,1984,2.0510400000000004,0.13290000000000002,0.02357
RUS,Russia,1985,2.0508100000000002,0.13379000000000002,0.023030000000000002
RUS,Russia,1986,2.17703,0.15523,0.0255
RUS,Russia,1987,2.2293600000000007,0.1638,0.027719999999999998
RUS,Russia,1988,2.1419200000000003,0.15212,0.025779999999999997
RUS,Russia,1989,2.01807,0.13234,0.023129999999999998
RUS,Russia,1990,1.8943500000000004,0.11588,0.02014
RUS,Russia,1991,1.7334500000000002,0.09971,0.01842
RUS,Russia,1992,1.54851,0.08509,0.01623
RUS,Russia,1993,1.3704500000000002,0.06755,0.01283
RUS,Russia,1994,1.39521,0.06445000000000001,0.011720000000000001
RUS,Russia,1995,1.3379199999999998,0.06395999999999999,0.01125
RUS,Russia,1996,1.271,0.06546,0.011620000000000002
RUS,Russia,1997,1.2189800000000002,0.06517,0.01107
RUS,Russia,1998,1.2325100000000002,0.0698,0.01176
RUS,Russia,1999,1.1575,0.06858999999999998,0.011619999999999998
RUS,Russia,2000,1.19577,0.07361999999999999,0.01235
RUS,Russia,2001,1.22361,0.07961,0.01268
RUS,Russia,2002,1.2872299999999997,0.08904,0.01351
RUS,Russia,2003,1.3339400000000003,0.09741,0.014669999999999999
RUS,Russia,2004,1.3445499999999997,0.10531000000000001,0.01607
RUS,Russia,2005,1.2944199999999997,0.10575,0.016720000000000002
RUS,Russia,2006,1.30482,0.10971999999999998,0.01731
RUS,Russia,2007,1.41563,0.13346999999999998,0.02114
RUS,Russia,2008,1.5019300000000007,0.15274,0.0249
RUS,Russia,2009,1.54127,0.16509000000000001,0.027880000000000002
RUS,Russia,2010,1.5670700000000002,0.17983,0.03096
RUS,Russia,2011,1.5828200000000003,0.18604,0.03182
RUS,Russia,2012,1.6919600000000004,0.20701000000000003,0.035160000000000004
RUS,Russia,2013,1.7088099999999997,0.21913,0.03768
RUS,Russia,2014,1.7517700000000003,0.23468999999999998,0.04174
RUS,Russia,2015,1.77644,0.24115000000000003,0.04323
RUS,Russia,2016,1.76246,0.24891999999999997,0.04549
RUS,Russia,2017,1.6212900000000001,0.24065999999999999,0.045329999999999995
RUS,Russia,2018,1.57948,0.24396000000000004,0.04714
RUS,Russia,2019,1.5025899999999999,0.23934000000000002,0.04728
RUS,Russia,2020,1.50357,0.24323,0.04868
RUS,Russia,2021,1.5041100000000003,0.24867,0.04977
RUS,Russia,2022,1.4518499999999999,0.24224,0.0503
SVK,Slovakia,1946,3.0793999999999997,0.6382099999999999,0.20225
SVK,Slovakia,1947,3.19741,0.59903,0.17652
SVK,Slovakia,1948,3.2241400000000002,0.59267,0.17824
SVK,Slovakia,1949,3.2708100000000004,0.56889,0.17437999999999998
SVK,Slovakia,1950,3.5777799999999997,0.63515,0.1884
SVK,Slovakia,1951,3.568990000000001,0.6016199999999999,0.17994
SVK,Slovakia,1952,3.54907,0.58194,0.17140999999999998
SVK,Slovakia,1953,3.4637,0.54882,0.16949
SVK,Slovakia,1954,3.4098100000000007,0.5090899999999999,0.15771
SVK,Slovakia,1955,3.4340700000000006,0.5157799999999999,0.16076
SVK,Slovakia,1956,3.426249999999999,0.47863,0.13645
SVK,Slovakia,1957,3.349460000000001,0.4658300000000001,0.12923
SVK,Slovakia,1958,3.2034700000000003,0.41757,0.10888999999999999
SVK,Slovakia,1959,3.0135099999999997,0.35618999999999995,0.08864999999999999
SVK,Slovakia,1960,3.01871,0.34423000000000004,0.08859
SVK,Slovakia,1961,2.96657,0.32006999999999997,0.07417
SVK,Slovakia,1962,2.836839999999999,0.29185,0.07185
SVK,Slovakia,1963,2.935599999999999,0.30389,0.07178999999999999
SVK,Slovakia,1964,2.9113999999999995,0.30035,0.0717
SVK,Slovakia,1965,2.805709999999999,0.28438,0.068
SVK,Slovakia,1966,2.68377,0.25581000000000004,0.060610000000000004
SVK,Slovakia,1967,2.5112499999999995,0.23465000000000003,0.053899999999999997
SVK,Slovakia,1968,2.4209300000000002,0.21508,0.0499
SVK,Slovakia,1969,2.46602,0.20859,0.046549999999999994
SVK,Slovakia,1970,2.42797,0.195,0.044550000000000006
SVK,Slovakia,1971,2.42727,0.19336000000000003,0.04222
SVK,Slovakia,1972,2.4817299999999998,0.19266,0.0401
SVK,Slovakia,1973,2.5491299999999995,0.18886000000000003,0.04147
SVK,Slovakia,1974,2.59178,0.18431000000000003,0.037790000000000004
SVK,Slovakia,1975,2.5217699999999996,0.16841,0.03351
SVK,Slovakia,1976,2.5224000000000006,0.16074,0.032130000000000006
SVK,Slovakia,1977,2.4696599999999997,0.15108000000000002,0.029740000000000003
SVK,Slovakia,1978,2.4589699999999994,0.14286,0.02778
SVK,Slovakia,1979,2.4444299999999997,0.12624,0.02273
SVK,Slovakia,1980,2.3163200000000006,0.11591,0.02245
SVK,Slovakia,1981,2.2785599999999997,0.11624999999999999,0.01998
SVK,Slovakia,1982,2.2696200000000006,0.10702,0.018279999999999998
SVK,Slovakia,1983,2.2679000000000005,0.1079,0.01701
SVK,Slovakia,1984,2.2526599999999997,0.10184,0.01693
SVK,Slovakia,1985,2.2556099999999994,0.1008,0.01441
SVK,Slovakia,1986,2.20328,0.09577000000000001,0.01438
SVK,Slovakia,1987,2.1512299999999995,0.09234,0.01372
SVK,Slovakia,1988,2.15345,0.09165,0.01318
SVK,Slovakia,1989,2.0900499999999997,0.09015000000000001,0.0131
SVK,Slovakia,1990,2.0956400000000004,0.09037,0.014159999999999999
SVK,Slovakia,1991,2.0512200000000003,0.08978,0.01507
SVK,Slovakia,1992,1.9306899999999998,0.09289,0.015799999999999998
SVK,Slovakia,1993,1.8721500000000002,0.09272,0.01553
SVK,Slovakia,1994,1.6730299999999996,0.08968999999999999,0.014849999999999999
SVK,Slovakia,1995,1.52893,0.08456999999999999,0.014549999999999999
SVK,Slovakia,1996,1.4783100000000002,0.08807000000000001,0.013389999999999999
SVK,Slovakia,1997,1.4365600000000005,0.09085000000000001,0.01431
SVK,Slovakia,1998,1.3838700000000002,0.08951999999999999,0.014790000000000001
SVK,Slovakia,1999,1.3388099999999996,0.09142,0.01458
SVK,Slovakia,2000,1.30206,0.09551,0.01576
SVK,Slovakia,2001,1.2001899999999999,0.09287000000000001,0.01569
SVK,Slovakia,2002,1.1882399999999997,0.09703,0.0155
SVK,Slovakia,2003,1.2049699999999999,0.10307999999999999,0.01635
SVK,Slovakia,2004,1.2492,0.11334,0.01895
SVK,Slovakia,2005,1.2642300000000002,0.12223,0.01892
SVK,Slovakia,2006,1.2532999999999996,0.12913,0.01933
SVK,Slovakia,2007,1.26845,0.14154,0.02195
SVK,Slovakia,2008,1.3411,0.15757,0.02404
SVK,Slovakia,2009,1.4372800000000001,0.18167000000000003,0.02895
SVK,Slovakia,2010,1.4282799999999998,0.19204000000000002,0.03029
SVK,Slovakia,2011,1.44791,0.20628,0.03302
SVK,Slovakia,2012,1.46454,0.21676,0.03361
SVK,Slovakia,2013,1.4734999999999996,0.22654,0.03512
SVK,Slovakia,2014,1.5034399999999999,0.24169,0.0381
SVK,Slovakia,2015,1.40195,0.21430000000000002,0.03456
SVK,Slovakia,2016,1.47953,0.22769,0.03615
SVK,Slovakia,2017,1.5207900000000003,0.23373,0.03725
SVK,Slovakia,2018,1.5434200000000002,0.2417,0.039110000000000006
SVK,Slovakia,2019,1.5641100000000001,0.24786000000000002,0.04116
SVK,Slovakia,2020,1.5910000000000002,0.25858,0.05566
SVK,Slovakia,2021,1.6399800000000002,0.26935000000000003,0.05718000000000001
SVK,Slovakia,2022,1.5695000000000001,0.25312,0.05534
SVK,Slovakia,2023,1.4889999999999999,0.24080000000000001,0.05487
SVK,Slovakia,2024,1.45249,0.23157,0.05111
SVN,Slovenia,1950,2.9830199999999993,0.6827399999999999,0.22731
SVN,Slovenia,1951,2.82549,0.62229,0.20487
SVN,Slovenia,1952,2.7638199999999995,0.60063,0.2036
SVN,Slovenia,1953,2.8090100000000002,0.59207,0.19316
SVN,Slovenia,1954,2.5900100000000004,0.52267,0.16869
SVN,Slovenia,1955,2.5909799999999996,0.5108199999999999,0.15925
SVN,Slovenia,1956,2.5184800000000007,0.47512999999999994,0.14451999999999998
SVN,Slovenia,1957,2.3860199999999994,0.42049,0.12382
SVN,Slovenia,1958,2.2185099999999998,0.36806,0.10916999999999999
SVN,Slovenia,1959,2.22651,0.34558,0.09738
SVN,Slovenia,1960,2.1795300000000006,0.31720000000000004,0.09039
SVN,Slovenia,1961,2.274989999999999,0.3271,0.09459000000000001
SVN,Slovenia,1962,2.27748,0.29967,0.08411
SVN,Slovenia,1963,2.27403,0.28682,0.08020000000000001
SVN,Slovenia,1964,2.30298,0.31043,0.08287
SVN,Slovenia,1965,2.435520000000001,0.28093,0.0701
SVN,Slovenia,1966,2.4680099999999996,0.28614999999999996,0.07166
SVN,Slovenia,1967,2.37003,0.27908000000000005,0.06998000000000001
SVN,Slovenia,1968,2.2520100000000007,0.24839,0.06226
SVN,Slovenia,1969,2.17604,0.2364,0.05589000000000001
SVN,Slovenia,1970,2.1049999999999995,0.22249999999999998,0.052099999999999994
SVN,Slovenia,1971,2.1610099999999997,0.21876,0.05069
SVN,Slovenia,1972,2.16298,0.20689999999999997,0.04703
SVN,Slovenia,1973,2.2099800000000007,0.21300000000000002,0.05122
SVN,Slovenia,1974,2.1214799999999996,0.18973,0.04422
SVN,Slovenia,1975,2.1779900000000003,0.1817,0.04166
SVN,Slovenia,1976,2.2044699999999997,0.17119,0.0372
SVN,Slovenia,1977,2.16551,0.15932,0.03268
SVN,Slovenia,1978,2.1970199999999998,0.1476,0.02726
SVN,Slovenia,1979,2.2204999999999995,0.14342,0.02511
SVN,Slovenia,1980,2.113,0.12621000000000002,0.02165
SVN,Slovenia,1981,1.9568999999999999,0.1247,0.029699999999999997
SVN,Slovenia,1982,1.9267,0.1195,0.024800000000000003
SVN,Slovenia,1983,1.80873,0.10535,0.02205
SVN,Slovenia,1984,1.7417500000000004,0.09307,0.020749999999999998
SVN,Slovenia,1985,1.7141900000000003,0.09869,0.019139999999999997
SVN,Slovenia,1986,1.6660800000000002,0.09144000000000001,0.01752
SVN,Slovenia,1987,1.64933,0.08889,0.0149
SVN,Slovenia,1988,1.62998,0.08675,0.015009999999999999
SVN,Slovenia,1989,1.5238200000000002,0.08229,0.015039999999999998
SVN,Slovenia,1990,1.4621399999999998,0.07895999999999999,0.014429999999999998
SVN,Slovenia,1991,1.4216299999999997,0.083,0.01558
SVN,Slovenia,1992,1.3323600000000002,0.07486000000000001,0.014100000000000001
SVN,Slovenia,1993,1.3323300000000002,0.08220000000000001,0.01352
SVN,Slovenia,1994,1.3198199999999998,0.08171999999999999,0.01144
SVN,Slovenia,1995,1.2908600000000001,0.08671,0.012969999999999999
SVN,Slovenia,1996,1.28334,0.08962,0.014
SVN,Slovenia,1997,1.2483300000000002,0.09410999999999999,0.01271
SVN,Slovenia,1998,1.23311,0.10288,0.01604
SVN,Slovenia,1999,1.21248,0.10290000000000002,0.015609999999999999
SVN,Slovenia,2000,1.2581900000000001,0.11362,0.01619
SVN,Slovenia,2001,1.20984,0.11256,0.01492
SVN,Slovenia,2002,1.2111899999999998,0.12614,0.017320000000000002
SVN,Slovenia,2003,1.2008599999999998,0.12786,0.01826
SVN,Slovenia,2004,1.2460900000000001,0.1427,0.022240000000000003
SVN,Slovenia,2005,1.26106,0.15515,0.02234
SVN,Slovenia,2006,1.3146499999999999,0.17158,0.0237
SVN,Slovenia,2007,1.3801499999999998,0.18755,0.02787
SVN,Slovenia,2008,1.52483,0.22156,0.02957
SVN,Slovenia,2009,1.5334800000000002,0.22599000000000002,0.030170000000000002
SVN,Slovenia,2010,1.5751,0.24389000000000002,0.03275
SVN,Slovenia,2011,1.56194,0.25037,0.03325
SVN,Slovenia,2012,1.5808199999999997,0.25637,0.03941
SVN,Slovenia,2013,1.5470700000000004,0.24841000000000002,0.03823
SVN,Slovenia,2014,1.5786900000000004,0.26853,0.03902
SVN,Slovenia,2015,1.5720399999999997,0.26352,0.04391
SVN,Slovenia,2016,1.5838799999999997,0.27477,0.0477
SVN,Slovenia,2017,1.6204400000000003,0.28408,0.049479999999999996
SVN,Slovenia,2018,1.6042000000000003,0.29069,0.04843
SVN,Slovenia,2019,1.6114499999999998,0.30579,0.053059999999999996
SVN,Slovenia,2020,1.5978999999999999,0.2888,0.0508
SVN,Slovenia,2021,1.6422999999999999,0.2959,0.049199999999999994
SVN,Slovenia,2022,1.5529999999999995,0.28609999999999997,0.048299999999999996
SVN,Slovenia,2023,1.5139999999999998,0.2765,0.0516
SVN,Slovenia,2024,1.5242,0.2801,0.0529
SWE,Sweden,1850,4.44799,1.6955799999999999,0.64785
SWE,Sweden,1851,4.3560099999999995,1.59833,0.61626
SWE,Sweden,1852,4.20251,1.56176,0.60338
SWE,Sweden,1853,4.263510000000002,1.58736,0.60879
SWE,Sweden,1854,4.52601,1.7183599999999999,0.6650999999999999
SWE,Sweden,1855,4.30049,1.6454999999999997,0.65309
SWE,Sweden,1856,4.228529999999999,1.6161499999999998,0.63164
SWE,Sweden,1857,4.360979999999999,1.67718,0.65637
SWE,Sweden,1858,4.6584900000000005,1.80144,0.7078599999999999
SWE,Sweden,1859,4.712999999999999,1.8155500000000002,0.7172700000000001
SWE,Sweden,1860,4.711,1.83407,0.72905
SWE,Sweden,1861,4.43753,1.7071699999999999,0.68318
SWE,Sweden,1862,4.58749,1.7909,0.7192500000000001
SWE,Sweden,1863,4.652969999999999,1.80435,0.72839
SWE,Sweden,1864,4.68853,1.80345,0.7221299999999999
SWE,Sweden,1865,4.575480000000001,1.7387,0.6927000000000001
SWE,Sweden,1866,4.682000000000002,1.79723,0.7191700000000001
SWE,Sweden,1867,4.396500000000001,1.6328600000000002,0.6475000000000001
SWE,Sweden,1868,3.9334900000000004,1.44707,0.56759
SWE,Sweden,1869,4.03347,1.50144,0.58329
SWE,Sweden,1870,4.1145000000000005,1.5679,0.61353
SWE,Sweden,1871,4.374499999999999,1.68371,0.6633899999999999
SWE,Sweden,1872,4.340459999999999,1.64691,0.64589
SWE,Sweden,1873,4.492509999999999,1.6973799999999999,0.67357
SWE,Sweden,1874,4.537490000000001,1.72057,0.6872400000000001
SWE,Sweden,1875,4.60349,1.7312800000000002,0.6911
SWE,Sweden,1876,4.57152,1.7249599999999998,0.6856800000000001
SWE,Sweden,1877,4.618500000000001,1.7240900000000001,0.6816900000000001
SWE,Sweden,1878,4.442489999999999,1.6612400000000003,0.65225
SWE,Sweden,1879,4.55648,1.71118,0.67251
SWE,Sweden,1880,4.362489999999999,1.6522000000000001,0.6514
SWE,Sweden,1881,4.287489999999999,1.59532,0.62608
SWE,Sweden,1882,4.31946,1.6228500000000001,0.64695
SWE,Sweden,1883,4.242499999999999,1.5889399999999998,0.62872
SWE,Sweden,1884,4.39601,1.6530999999999998,0.65404
SWE,Sweden,1885,4.33696,1.6072600000000001,0.6335
SWE,Sweden,1886,4.3904700000000005,1.6172,0.63133
SWE,Sweden,1887,4.3645,1.6060300000000003,0.6278600000000001
SWE,Sweden,1888,4.241979999999998,1.55238,0.60565
SWE,Sweden,1889,4.1,1.50043,0.58611
SWE,Sweden,1890,4.14799,1.5198299999999998,0.5958899999999999
SWE,Sweden,1891,4.142170000000001,1.51715,0.59657
SWE,Sweden,1892,3.966380000000001,1.4306,0.5606
SWE,Sweden,1893,4.03898,1.46137,0.57064
SWE,Sweden,1894,4.019489999999999,1.4541600000000001,0.57867
SWE,Sweden,1895,4.08339,1.45163,0.5658099999999999
SWE,Sweden,1896,4.04751,1.42804,0.55756000000000006
SWE,Sweden,1897,3.9771200000000007,1.38965,0.5441199999999999
SWE,Sweden,1898,4.04268,1.39486,0.53476
SWE,Sweden,1899,3.9285900000000002,1.3487200000000001,0.51654
SWE,Sweden,1900,4.01345,1.36375,0.52203
SWE,Sweden,1901,4.008559999999999,1.34145,0.50972
SWE,Sweden,1902,3.92626,1.30742,0.49744
SWE,Sweden,1903,3.8106200000000006,1.25293,0.47628
SWE,Sweden,1904,3.8143300000000004,1.24392,0.47351
SWE,Sweden,1905,3.795820000000001,1.23662,0.47457000000000005
SWE,Sweden,1906,3.7892099999999997,1.2218600000000002,0.46763
SWE,Sweden,1907,3.751080000000001,1.1957499999999999,0.45169
SWE,Sweden,1908,3.754059999999999,1.17702,0.43967000000000006
SWE,Sweden,1909,3.7258500000000008,1.1692099999999999,0.43301
SWE,Sweden,1910,3.569959999999999,1.1278599999999999,0.4141699999999999
SWE,Sweden,1911,3.4503199999999996,1.0891,0.39887000000000006
SWE,Sweden,1912,3.40078,1.0666,0.39355000000000007
SWE,Sweden,1913,3.2901000000000007,1.02614,0.37776
SWE,Sweden,1914,3.2286399999999995,0.9952599999999998,0.37345999999999996
SWE,Sweden,1915,3.0327800000000003,0.9428000000000001,0.3542
SWE,Sweden,1916,2.9592400000000008,0.9068100000000001,0.34032000000000007
SWE,Sweden,1917,2.8986799999999997,0.8886299999999999,0.33375
SWE,Sweden,1918,2.80344,0.8570800000000001,0.32081000000000004
SWE,Sweden,1919,2.70469,0.79327,0.28675
SWE,Sweden,1920,3.1976,0.91203,0.33028
SWE,Sweden,1921,2.9020800000000007,0.8296300000000001,0.30172
SWE,Sweden,1922,2.630170000000001,0.76074,0.27916
SWE,Sweden,1923,2.5241999999999996,0.72488,0.26549
SWE,Sweden,1924,2.4006499999999993,0.68739,0.2518
SWE,Sweden,1925,2.3089199999999996,0.63791,0.23207
SWE,Sweden,1926,2.1928700000000005,0.60493,0.2195
SWE,Sweden,1927,2.0804100000000005,0.56546,0.19868
SWE,Sweden,1928,2.05396,0.5461799999999999,0.19587
SWE,Sweden,1929,1.92565,0.5012500000000001,0.17718
SWE,Sweden,1930,1.9313999999999993,0.49180999999999997,0.17024999999999998
SWE,Sweden,1931,1.84671,0.45571999999999996,0.15642
SWE,Sweden,1932,1.79932,0.4362600000000001,0.14796
SWE,Sweden,1933,1.6881300000000001,0.40732,0.139
SWE,Sweden,1934,1.67592,0.39934000000000003,0.134
SWE,Sweden,1935,1.6764700000000006,0.38137000000000004,0.12291
SWE,Sweden,1936,1.7255999999999998,0.38419000000000003,0.124
SWE,Sweden,1937,1.7446899999999996,0.37762999999999997,0.11862999999999999
SWE,Sweden,1938,1.8050899999999996,0.38163,0.11743
SWE,Sweden,1939,1.8621400000000001,0.3865,0.11774000000000001
SWE,Sweden,1940,1.8242499999999995,0.3677,0.11034
SWE,Sweden,1941,1.89443,0.37528,0.10837
SWE,Sweden,1942,2.1628600000000007,0.43462999999999996,0.12106
SWE,Sweden,1943,2.38161,0.47155,0.12847
SWE,Sweden,1944,2.5696299999999996,0.49559,0.13311
SWE,Sweden,1945,2.58751,0.49002999999999997,0.13376
SWE,Sweden,1946,2.54279,0.47162,0.13027
SWE,Sweden,1947,2.4809799999999997,0.44680000000000003,0.12430999999999999
SWE,Sweden,1948,2.4544,0.43305,0.12258
SWE,Sweden,1949,2.3685799999999997,0.40449,0.1109
SWE,Sweden,1950,2.2801399999999994,0.36939,0.09734000000000001
SWE,Sweden,1951,2.1990900000000004,0.34181000000000006,0.09258
SWE,Sweden,1952,2.2246999999999995,0.33292,0.08964
SWE,Sweden,1953,2.25496,0.32941999999999994,0.08695
SWE,Sweden,1954,2.18064,0.30963,0.07999
SWE,Sweden,1955,2.25337,0.30262,0.07776
SWE,Sweden,1956,2.28603,0.2977,0.07516
SWE,Sweden,1957,2.2841100000000005,0.29306,0.07388
SWE,Sweden,1958,2.260720000000001,0.28071999999999997,0.06938
SWE,Sweden,1959,2.2535399999999997,0.27155999999999997,0.06602999999999999
SWE,Sweden,1960,2.1966600000000014,0.26094,0.06375
SWE,Sweden,1961,2.22886,0.25808000000000003,0.05951000000000001
SWE,Sweden,1962,2.25583,0.25034,0.05698
SWE,Sweden,1963,2.3358,0.25536000000000003,0.05739
SWE,Sweden,1964,2.4818000000000007,0.26218,0.05698
SWE,Sweden,1965,2.4157100000000002,0.25248,0.054349999999999996
SWE,Sweden,1966,2.36068,0.23917,0.049420000000000006
SWE,Sweden,1967,2.26719,0.22478000000000004,0.04687
SWE,Sweden,1968,2.0723,0.19916,0.03834
SWE,Sweden,1969,1.9272799999999999,0.17974,0.03733
SWE,Sweden,1970,1.9200200000000003,0.17117000000000002,0.03308
SWE,Sweden,1971,1.96137,0.16233,0.03041
SWE,Sweden,1972,1.91321,0.14919,0.027569999999999997
SWE,Sweden,1973,1.86745,0.13956000000000002,0.02375
SWE,Sweden,1974,1.87579,0.13629,0.02327
SWE,Sweden,1975,1.76931,0.12164,0.01974
SWE,Sweden,1976,1.6820700000000002,0.12125,0.01914
SWE,Sweden,1977,1.6454900000000001,0.12109,0.0187
SWE,Sweden,1978,1.6000299999999996,0.12353999999999998,0.01879
SWE,Sweden,1979,1.65785,0.13904,0.02171
SWE,Sweden,1980,1.68019,0.14146999999999998,0.021429999999999998
SWE,Sweden,1981,1.6360399999999997,0.14301999999999998,0.02259
SWE,Sweden,1982,1.6265800000000004,0.14898,0.02325
SWE,Sweden,1983,1.6144599999999996,0.15383,0.02348
SWE,Sweden,1984,1.6578599999999997,0.16766999999999999,0.02652
SWE,Sweden,1985,1.74035,0.18042999999999998,0.02742
SWE,Sweden,1986,1.8000299999999998,0.19079,0.02803
SWE,Sweden,1987,1.84438,0.19657,0.02918
SWE,Sweden,1988,1.96685,0.21586,0.031190000000000002
SWE,Sweden,1989,2.0197200000000004,0.22961,0.033460000000000004
SWE,Sweden,1990,2.1401199999999996,0.24674000000000001,0.03697
SWE,Sweden,1991,2.1132500000000003,0.25316,0.0384
SWE,Sweden,1992,2.07682,0.26029,0.03943
SWE,Sweden,1993,1.98221,0.25578,0.03953
SWE,Sweden,1994,1.8829099999999999,0.2549,0.03894
SWE,Sweden,1995,1.73102,0.24102999999999997,0.03705
SWE,Sweden,1996,1.6003299999999998,0.23213999999999999,0.03671
SWE,Sweden,1997,1.5275699999999994,0.2256,0.03671
SWE,Sweden,1998,1.5174699999999999,0.24034,0.03813
SWE,Sweden,1999,1.5124499999999999,0.24492,0.03921
SWE,Sweden,2000,1.5587900000000003,0.2539,0.04068
SWE,Sweden,2001,1.5801000000000003,0.26832,0.04338
SWE,Sweden,2002,1.6650799999999997,0.28168,0.046520000000000006
SWE,Sweden,2003,1.73064,0.30629,0.049600000000000005
SWE,Sweden,2004,1.7712599999999998,0.32363000000000003,0.054580000000000004
SWE,Sweden,2005,1.7872,0.33649,0.05441
SWE,Sweden,2006,1.86916,0.36055,0.05867
SWE,Sweden,2007,1.8919900000000003,0.37752,0.06365
SWE,Sweden,2008,1.9171,0.38376999999999994,0.06391
SWE,Sweden,2009,1.9372299999999998,0.40239,0.06873
SWE,Sweden,2010,1.98664,0.41851000000000005,0.07226
SWE,Sweden,2011,1.8996499999999998,0.41072,0.07244999999999999
SWE,Sweden,2012,1.90519,0.41429,0.07432
SWE,Sweden,2013,1.88798,0.41425999999999996,0.07379
SWE,Sweden,2014,1.8803099999999997,0.41617,0.07729
SWE,Sweden,2015,1.84843,0.41297,0.07564
SWE,Sweden,2016,1.85283,0.42563000000000006,0.08073000000000001
SWE,Sweden,2017,1.7836699999999999,0.41836999999999996,0.08215
SWE,Sweden,2018,1.7561499999999999,0.40945,0.07818
SWE,Sweden,2019,1.7094900000000002,0.41246,0.0833
SWE,Sweden,2020,1.6690400000000003,0.40413000000000004,0.08066
SWE,Sweden,2021,1.6730499999999997,0.41267,0.08247
SWE,Sweden,2022,1.5253100000000004,0.38328,0.08055999999999999
SWE,Sweden,2023,1.4538199999999997,0.36992,0.07723
SWE,Sweden,2024,1.4336200000000003,0.37324,0.07819
TWN,Taiwan,1947,5.425,1.3764999999999998,0.51537
TWN,Taiwan,1948,5.549980000000001,1.4393500000000001,0.54269
TWN,Taiwan,1949,5.89996,1.58243,0.6111800000000001
TWN,Taiwan,1950,6.02999,1.61928,0.62479
TWN,Taiwan,1951,6.94,1.90765,0.74095
TWN,Taiwan,1952,6.61499,1.76271,0.65664
TWN,Taiwan,1953,6.46999,1.7222300000000001,0.6321000000000001
TWN,Taiwan,1954,6.425,1.69929,0.6154299999999999
TWN,Taiwan,1955,6.530009999999999,1.6964199999999998,0.60968
TWN,Taiwan,1956,6.504999999999999,1.7173200000000002,0.61903
TWN,Taiwan,1957,5.989990000000001,1.5091700000000001,0.5349
TWN,Taiwan,1958,6.055000000000001,1.50205,0.52267
TWN,Taiwan,1959,5.99,1.4348100000000001,0.49885
TWN,Taiwan,1960,5.749999999999999,1.28938,0.44864
TWN,Taiwan,1961,5.58499,1.17304,0.40112000000000003
TWN,Taiwan,1962,5.46498,1.08594,0.36615
TWN,Taiwan,1963,5.349999999999998,1.02928,0.3403
TWN,Taiwan,1964,5.1000000000000005,0.8858600000000001,0.28683000000000003
TWN,Taiwan,1965,4.82501,0.72285,0.22067
TWN,Taiwan,1966,4.81499,0.6614,0.1985
TWN,Taiwan,1967,4.21997,0.4985,0.14152
TWN,Taiwan,1968,4.32499,0.47678000000000004,0.13061
TWN,Taiwan,1969,4.120000000000001,0.43525,0.11696
TWN,Taiwan,1970,4,0.39773,0.10073
TWN,Taiwan,1971,3.70494,0.33607,0.07980999999999999
TWN,Taiwan,1972,3.36497,0.26754999999999995,0.060469999999999996
TWN,Taiwan,1973,3.20998,0.24026,0.0563
TWN,Taiwan,1974,2.939999999999999,0.20812000000000003,0.047170000000000004
TWN,Taiwan,1975,2.7649800000000004,0.16430999999999998,0.03485
TWN,Taiwan,1976,3.07198,0.18178000000000002,0.04351000000000001
TWN,Taiwan,1977,2.67982,0.1479,0.03377
TWN,Taiwan,1978,2.6801900000000005,0.12917,0.029490000000000002
TWN,Taiwan,1979,2.63086,0.11159000000000001,0.02371
TWN,Taiwan,1980,2.4898800000000003,0.10340999999999999,0.022330000000000003
TWN,Taiwan,1981,2.4340300000000004,0.09191,0.019
TWN,Taiwan,1982,2.3006000000000006,0.08539000000000001,0.01769
TWN,Taiwan,1983,2.14033,0.07933,0.01461
TWN,Taiwan,1984,2.03799,0.07289999999999999,0.012669999999999999
TWN,Taiwan,1985,1.8719299999999996,0.06782,0.011519999999999999
TWN,Taiwan,1986,1.6597,0.06436,0.010849999999999999
TWN,Taiwan,1987,1.6859499999999998,0.06489,0.00957
TWN,Taiwan,1988,1.8339100000000004,0.07295,0.00901
TWN,Taiwan,1989,1.6765499999999998,0.07733,0.01
TWN,Taiwan,1990,1.8003600000000004,0.08163999999999999,0.01008
TWN,Taiwan,1991,1.7163700000000002,0.08667,0.010530000000000001
TWN,Taiwan,1992,1.7289700000000001,0.09098999999999999,0.01048
TWN,Taiwan,1993,1.7603000000000002,0.09792,0.01129
TWN,Taiwan,1994,1.7535300000000003,0.10225000000000001,0.011810000000000001
TWN,Taiwan,1995,1.7746000000000002,0.11046,0.01286
TWN,Taiwan,1996,1.7692499999999998,0.11646000000000001,0.013500000000000002
TWN,Taiwan,1997,1.77781,0.12168999999999999,0.01353
TWN,Taiwan,1998,1.4691199999999998,0.11703,0.01358
TWN,Taiwan,1999,1.55145,0.11677,0.013810000000000003
TWN,Taiwan,2000,1.67422,0.13430999999999998,0.016030000000000003
TWN,Taiwan,2001,1.4003700000000001,0.12108000000000001,0.01464
TWN,Taiwan,2002,1.3374499999999996,0.11599000000000001,0.0137
TWN,Taiwan,2003,1.23068,0.11543999999999999,0.014180000000000002
TWN,Taiwan,2004,1.1768100000000001,0.11568,0.014159999999999999
TWN,Taiwan,2005,1.1158400000000002,0.12196,0.01461
TWN,Taiwan,2006,1.1080100000000002,0.12922999999999998,0.015199999999999998
TWN,Taiwan,2007,1.0912899999999999,0.13762,0.015870000000000002
TWN,Taiwan,2008,1.04987,0.14526,0.01743
TWN,Taiwan,2009,1.0216500000000004,0.15315,0.01866
TWN,Taiwan,2010,0.88695,0.15849,0.02017
TWN,Taiwan,2011,1.0555500000000004,0.18997000000000003,0.024009999999999997
TWN,Taiwan,2012,1.25697,0.23439,0.03019
TWN,Taiwan,2013,1.0559300000000003,0.2215,0.03107
TWN,Taiwan,2014,1.1588899999999995,0.24678999999999998,0.034600000000000006
TWN,Taiwan,2015,1.18725,0.26455,0.03856
TWN,Taiwan,2016,1.17531,0.27721,0.04236
TWN,Taiwan,2017,1.1218100000000002,0.27720999999999996,0.04418
TWN,Taiwan,2018,1.0620600000000002,0.26876,0.04577
TWN,Taiwan,2019,1.0486,0.27229000000000003,0.047740000000000005
TWN,Taiwan,2020,0.9846799999999999,0.26396000000000003,0.04702
TWN,Taiwan,2021,0.9803000000000002,0.27038,0.04981
TWN,Taiwan,2022,0.87572,0.25593,0.04992
TWN,Taiwan,2023,0.8642399999999999,0.25271,0.050089999999999996
TWN,Taiwan,2024,0.8773999999999998,0.26051,0.053689999999999995
UKR,Ukraine,1959,2.2816299999999994,0.27215,0.06544
UKR,Ukraine,1960,2.248300000000001,0.26563,0.06146
UKR,Ukraine,1961,2.15576,0.23576,0.05667
UKR,Ukraine,1962,2.1352299999999995,0.23224,0.058289999999999995
UKR,Ukraine,1963,2.105489999999999,0.22287,0.055099999999999996
UKR,Ukraine,1964,2.0145999999999997,0.20781,0.05124
UKR,Ukraine,1965,1.94155,0.20207,0.048299999999999996
UKR,Ukraine,1966,2.0542000000000002,0.20706000000000002,0.048389999999999996
UKR,Ukraine,1967,2.05755,0.20016,0.04475
UKR,Ukraine,1968,2.048,0.19213000000000002,0.042620000000000005
UKR,Ukraine,1969,2.03353,0.18963,0.04064
UKR,Ukraine,1970,2.1060900000000005,0.18947999999999998,0.03818
UKR,Ukraine,1971,2.1233099999999996,0.18846000000000002,0.037680000000000005
UKR,Ukraine,1972,2.12469,0.18426,0.037270000000000005
UKR,Ukraine,1973,2.0304800000000003,0.17733,0.03685
UKR,Ukraine,1974,2.0624,0.16983,0.03533
UKR,Ukraine,1975,2.05124,0.16497,0.03523
UKR,Ukraine,1976,2.0471000000000004,0.15605,0.032780000000000004
UKR,Ukraine,1977,1.9718000000000002,0.14463,0.03022
UKR,Ukraine,1978,1.9617700000000002,0.13253,0.02803
UKR,Ukraine,1979,1.9435299999999998,0.12524,0.025529999999999997
UKR,Ukraine,1980,1.9376000000000002,0.11763,0.023329999999999997
UKR,Ukraine,1981,1.8989499999999997,0.11624,0.02306
UKR,Ukraine,1982,1.9270099999999997,0.11560999999999999,0.02165
UKR,Ukraine,1983,2.0968699999999996,0.11985000000000001,0.02142
UKR,Ukraine,1984,2.0755999999999997,0.11700999999999998,0.02097
UKR,Ukraine,1985,2.02098,0.11434,0.020610000000000003
UKR,Ukraine,1986,2.1283199999999995,0.12895,0.022059999999999996
UKR,Ukraine,1987,2.0738399999999997,0.12310000000000001,0.02209
UKR,Ukraine,1988,2.0583899999999997,0.11515,0.02007
UKR,Ukraine,1989,1.93269,0.10458999999999999,0.018930000000000002
UKR,Ukraine,1990,1.84753,0.09197000000000001,0.01648
UKR,Ukraine,1991,1.7737300000000003,0.0847,0.01548
UKR,Ukraine,1992,1.67279,0.07638,0.01431
UKR,Ukraine,1993,1.5607000000000002,0.07127,0.01299
UKR,Ukraine,1994,1.4675100000000003,0.06649000000000001,0.012530000000000001
UKR,Ukraine,1995,1.39783,0.05983,0.01082
UKR,Ukraine,1996,1.3346099999999999,0.05628,0.00995
UKR,Ukraine,1997,1.27227,0.05674,0.00953
UKR,Ukraine,1998,1.21089,0.05586,0.0101
UKR,Ukraine,1999,1.1273999999999997,0.05413,0.00996
UKR,Ukraine,2000,1.11569,0.05410000000000001,0.00967
UKR,Ukraine,2001,1.0889,0.05555,0.00963
UKR,Ukraine,2002,1.12483,0.05957,0.00974
UKR,Ukraine,2003,1.1694499999999999,0.06576,0.01059
UKR,Ukraine,2004,1.21506,0.0733,0.01166
UKR,Ukraine,2005,1.20673,0.07912,0.012560000000000002
UKR,Ukraine,2006,1.3004399999999998,0.09067,0.013640000000000001
UKR,Ukraine,2007,1.33442,0.09888,0.01549
UKR,Ukraine,2008,1.44569,0.11553,0.017599999999999998
UKR,Ukraine,2009,1.46002,0.12764,0.020339999999999997
UKR,Ukraine,2010,1.4287000000000003,0.13383,0.022010000000000002
UKR,Ukraine,2011,1.45876,0.14667,0.02403
UKR,Ukraine,2012,1.5313100000000006,0.15771000000000002,0.026050000000000004
UKR,Ukraine,2013,1.5060700000000007,0.16309,0.026959999999999998
UKR,Ukraine,2014,1.5115,0.16949999999999998,0.03414
UKR,Ukraine,2015,1.5174999999999998,0.16804,0.03475
UKR,Ukraine,2016,1.4775099999999997,0.16937,0.03581
UKR,Ukraine,2017,1.3814899999999997,0.16723,0.03686
UKR,Ukraine,2018,1.304,0.16675,0.03808
UKR,Ukraine,2019,1.2295,0.16043000000000002,0.03668
UKR,Ukraine,2020,1.21699,0.16387000000000002,0.038540000000000005
UKR,Ukraine,2021,1.159,0.16004999999999997,0.03727
USA,United States of America,1917,3.3332899999999994,0.66769,0.20209000000000005
USA,United States of America,1918,3.31219,0.66869,0.20739
USA,United States of America,1919,3.06769,0.6505,0.196
USA,United States of America,1920,3.26329,0.65359,0.20069
USA,United States of America,1921,3.3261899999999995,0.65479,0.19929
USA,United States of America,1922,3.1093900000000008,0.60989,0.18559000000000003
USA,United States of America,1923,3.1011899999999994,0.60329,0.18369000000000002
USA,United States of America,1924,3.1207000000000003,0.5981,0.182
USA,United States of America,1925,3.01161,0.5755,0.1743
USA,United States of America,1926,2.9006999999999996,0.5478,0.1648
USA,United States of America,1927,2.8243,0.53071,0.15821
USA,United States of America,1928,2.6597899999999997,0.4914,0.1475
USA,United States of America,1929,2.5319999999999996,0.45690000000000003,0.1372
USA,United States of America,1930,2.5324899999999997,0.4523,0.1359
USA,United States of America,1931,2.4017,0.4246,0.1272
USA,United States of America,1932,2.31859,0.40750000000000003,0.12229999999999999
USA,United States of America,1933,2.01155,0.34701,0.10049
USA,United States of America,1934,2.07173,0.34149,0.09881
USA,United States of America,1935,2.0377300000000003,0.33281,0.09383999999999999
USA,United States of America,1936,2.0067799999999996,0.31521,0.08813
USA,United States of America,1937,2.0383600000000004,0.30246,0.08374
USA,United States of America,1938,2.0923199999999995,0.29849,0.08212
USA,United States of America,1939,2.05029,0.28553,0.07599
USA,United States of America,1940,2.11279,0.28309,0.07540000000000001
USA,United States of America,1941,2.2255300000000005,0.28315999999999997,0.07312
USA,United States of America,1942,2.46466,0.2932,0.0723
USA,United States of America,1943,2.56611,0.32215000000000005,0.07695
USA,United States of America,1944,2.43872,0.33535000000000004,0.0795
USA,United States of America,1945,2.379809999999999,0.35156999999999994,0.08301
USA,United States of America,1946,2.8295500000000002,0.36166999999999994,0.08291
USA,United States of America,1947,3.1612999999999998,0.36505,0.08388000000000001
USA,United States of America,1948,3.0091899999999994,0.34062000000000003,0.07946
USA,United States of America,1949,3.022290000000001,0.33537000000000006,0.07774
USA,United States of America,1950,3.020310000000001,0.33198,0.07656
USA,United States of America,1951,3.2025399999999995,0.34128000000000003,0.07868
USA,United States of America,1952,3.30187,0.35157000000000005,0.07977
USA,United States of America,1953,3.3724600000000007,0.35689000000000004,0.08082
USA,United States of America,1954,3.49363,0.36583000000000004,0.08283
USA,United States of America,1955,3.53807,0.3686900000000001,0.08249000000000001
USA,United States of America,1956,3.653620000000001,0.37264,0.08348
USA,United States of America,1957,3.7380299999999997,0.37632000000000004,0.08356
USA,United States of America,1958,3.68938,0.36501,0.08055
USA,United States of America,1959,3.68903,0.36518,0.08014
USA,United States of America,1960,3.6673299999999993,0.36184999999999995,0.08046
USA,United States of America,1961,3.62608,0.35995000000000005,0.08122
USA,United States of America,1962,3.48052,0.34178,0.07764
USA,United States of America,1963,3.35417,0.33163999999999993,0.07454
USA,United States of America,1964,3.22202,0.32329,0.07267
USA,United States of America,1965,2.926059999999999,0.30028,0.06788
USA,United States of America,1966,2.71356,0.27293,0.06219
USA,United States of America,1967,2.56383,0.24928,0.05647
USA,United States of America,1968,2.4674699999999996,0.22902,0.05137
USA,United States of America,1969,2.4571199999999993,0.21327000000000002,0.046759999999999996
USA,United States of America,1970,2.4608300000000005,0.20216,0.043329999999999994
USA,United States of America,1971,2.2681300000000006,0.18091000000000002,0.03782
USA,United States of America,1972,2.0081999999999995,0.15684,0.03305
USA,United States of America,1973,1.8710600000000002,0.13861,0.028949999999999997
USA,United States of America,1974,1.82726,0.12625,0.02577
USA,United States of America,1975,1.7687600000000003,0.1208,0.02436
USA,United States of America,1976,1.73881,0.11649,0.02248
USA,United States of America,1977,1.7827099999999996,0.11635,0.02201
USA,United States of America,1978,1.74733,0.11273,0.02031
USA,United States of America,1979,1.79472,0.11574,0.02026
USA,United States of America,1980,1.8215200000000003,0.11715,0.019950000000000002
USA,United States of America,1981,1.80589,0.11851,0.01959
USA,United States of America,1982,1.8146600000000002,0.12339,0.019880000000000002
USA,United States of America,1983,1.78372,0.12521000000000002,0.0194
USA,United States of America,1984,1.7927400000000002,0.13021,0.01953
USA,United States of America,1985,1.8352400000000002,0.13781,0.02025
USA,United States of America,1986,1.8352000000000004,0.14373,0.02101
USA,United States of America,1987,1.8650900000000001,0.1523,0.02187
USA,United States of America,1988,1.9217500000000003,0.16222999999999999,0.02339
USA,United States of America,1989,1.99809,0.17323,0.025529999999999997
USA,United States of America,1990,2.0675600000000007,0.18275999999999998,0.02724
USA,United States of America,1991,2.0564099999999996,0.18649000000000002,0.0285
USA,United States of America,1992,2.0419300000000002,0.18986,0.02986
USA,United States of America,1993,2.01781,0.19302999999999998,0.03096
USA,United States of America,1994,2.0014299999999996,0.19817,0.0324
USA,United States of America,1995,1.9797900000000002,0.20258000000000004,0.033460000000000004
USA,United States of America,1996,1.97824,0.20902,0.034949999999999995
USA,United States of America,1997,1.97273,0.21411999999999998,0.03625
USA,United States of America,1998,2.00162,0.22244999999999998,0.037899999999999996
USA,United States of America,1999,2.00755,0.22835,0.03858
USA,United States of America,2000,2.0529599999999997,0.24162,0.04138
USA,United States of America,2001,2.0313000000000008,0.24745,0.042469999999999994
USA,United States of America,2002,2.02448,0.25511,0.043930000000000004
USA,United States of America,2003,2.0534399999999997,0.26919000000000004,0.04646
USA,United States of America,2004,2.05756,0.27641000000000004,0.047869999999999996
USA,United States of America,2005,2.0610399999999998,0.28028,0.04901
USA,United States of America,2006,2.11157,0.28696,0.05087
USA,United States of America,2007,2.1224,0.2904,0.05222
USA,United States of America,2008,2.0735400000000004,0.29005,0.05384
USA,United States of America,2009,2.00191,0.28795,0.053989999999999996
USA,United States of America,2010,1.92412,0.28693,0.05395
USA,United States of America,2011,1.8873399999999998,0.29025999999999996,0.05421
USA,United States of America,2012,1.8719100000000002,0.29542,0.05542
USA,United States of America,2013,1.8478599999999998,0.30096,0.05681
USA,United States of America,2014,1.8596500000000002,0.31057999999999997,0.05847000000000001
USA,United States of America,2015,1.8406599999999997,0.3157,0.060129999999999996
USA,United States of America,2016,1.8120399999999999,0.32015,0.06134
USA,United States of America,2017,1.7590799999999998,0.31973,0.06203
USA,United States of America,2018,1.7215600000000002,0.32281,0.0631
USA,United States of America,2019,1.6965600000000005,0.32465999999999995,0.06348999999999999
USA,United States of America,2020,1.6342400000000001,0.31821,0.062189999999999995
USA,United States of America,2021,1.6526999999999998,0.33115,0.06377000000000001
USA,United States of America,2022,1.6433299999999997,0.33899,0.06689
USA,United States of America,2023,1.59482,0.33511,0.06706000000000001
USA,United States of America,2024,1.59315,0.34015999999999996,0.06897
