code,country,year,peak_age,peak_asfr,wall_200,wall_1000,gap_200
ALB,Albania,1955,28,0.3068,50,50,22
ALB,Albania,1956,25,0.29377,50,50,25
ALB,Albania,1957,27,0.27067,50,50,23
ALB,Albania,1958,26,0.29968,50,50,24
ALB,Albania,1959,26,0.30579,50,50,24
ALB,Albania,1960,25,0.30794,50,50,25
ALB,Albania,1961,24,0.29883,50,50,26
ALB,Albania,1962,23,0.28708,50,50,27
ALB,Albania,1963,22,0.29651,50,50,28
ALB,Albania,1964,22,0.28894,49,50,27
ALB,Albania,1965,24,0.27305,50,50,26
ALB,Albania,1966,25,0.2827,50,50,25
ALB,Albania,1967,25,0.29756,50,50,25
ALB,Albania,1968,23,0.30942,50,50,27
ALB,Albania,1969,24,0.34394,50,50,26
ALB,Albania,1970,24,0.30399,50,50,26
ALB,Albania,1971,24,0.31356,49,50,25
ALB,Albania,1972,24,0.30711,49,50,25
ALB,Albania,1973,24,0.28166,49,50,25
ALB,Albania,1974,24,0.28321,49,50,25
ALB,Albania,1975,24,0.27204,48,50,24
ALB,Albania,1976,24,0.26516,47,50,23
ALB,Albania,1977,24,0.27014,47,50,23
ALB,Albania,1978,24,0.25378,46,50,22
ALB,Albania,1979,24,0.25381,46,50,22
ALB,Albania,1980,25,0.24267,46,49,21
ALB,Albania,1981,25,0.23422,46,48,21
ALB,Albania,1982,25,0.24493,46,48,21
ALB,Albania,1983,24,0.2183,45,47,21
ALB,Albania,1984,25,0.23979,45,47,20
ALB,Albania,1985,25,0.23146,45,47,20
ALB,Albania,1986,25,0.23043,45,48,20
ALB,Albania,1987,25,0.23758,45,49,20
ALB,Albania,1988,25,0.22783,45,47,20
ALB,Albania,1989,26,0.21862,45,47,19
ALB,Albania,1990,25,0.22706,45,48,20
ALB,Albania,1991,26,0.19663,44,47,18
ALB,Albania,1992,25,0.21225,44,47,19
ALB,Albania,1993,25,0.19787,43,47,18
ALB,Albania,1994,25,0.20875,43,47,18
ALB,Albania,1995,25,0.2235,43,46,18
ALB,Albania,1996,24,0.22999,42,45,18
ALB,Albania,1997,25,0.19316,42,46,17
ALB,Albania,1998,25,0.18786,42,45,17
ALB,Albania,1999,25,0.15964,42,45,17
ALB,Albania,2000,26,0.14754,42,45,16
ALB,Albania,2001,26,0.18401,44,48,18
ALB,Albania,2002,26,0.14617,42,46,16
ALB,Albania,2003,25,0.15166,42,46,17
ALB,Albania,2004,25,0.13544,42,46,17
ALB,Albania,2005,25,0.12004,41,45,16
ALB,Albania,2006,25,0.10344,41,45,16
ALB,Albania,2007,25,0.09676,41,50,16
ALB,Albania,2008,27,0.09455,50,50,23
AUS,Australia,1921,25,0.17187,46,48,21
AUS,Australia,1922,25,0.17405,46,48,21
AUS,Australia,1923,25,0.17065,46,48,21
AUS,Australia,1924,25,0.16794,46,48,21
AUS,Australia,1925,25,0.16703,46,48,21
AUS,Australia,1926,25,0.1634,46,48,21
AUS,Australia,1927,25,0.16032,46,48,21
AUS,Australia,1928,25,0.15953,46,48,21
AUS,Australia,1929,25,0.15352,46,48,21
AUS,Australia,1930,25,0.14986,46,48,21
AUS,Australia,1931,25,0.13482,46,48,21
AUS,Australia,1932,25,0.12547,46,47,21
AUS,Australia,1933,25,0.12618,45,47,20
AUS,Australia,1934,25,0.12359,45,47,20
AUS,Australia,1935,25,0.12612,45,47,20
AUS,Australia,1936,25,0.13128,45,47,20
AUS,Australia,1937,25,0.13473,45,47,20
AUS,Australia,1938,25,0.13494,45,47,20
AUS,Australia,1939,25,0.13874,45,47,20
AUS,Australia,1940,25,0.14167,45,47,20
AUS,Australia,1941,25,0.1498,45,47,20
AUS,Australia,1942,25,0.15058,45,47,20
AUS,Australia,1943,25,0.16258,45,47,20
AUS,Australia,1944,25,0.1603,45,47,20
AUS,Australia,1945,25,0.16846,45,47,20
AUS,Australia,1946,25,0.19166,45,47,20
AUS,Australia,1947,25,0.19993,45,47,20
AUS,Australia,1948,25,0.19335,45,47,20
AUS,Australia,1949,25,0.19648,45,47,20
AUS,Australia,1950,25,0.2027,45,47,20
AUS,Australia,1951,24,0.20361,45,47,21
AUS,Australia,1952,24,0.21584,45,47,21
AUS,Australia,1953,24,0.21993,44,47,20
AUS,Australia,1954,24,0.22292,44,47,20
AUS,Australia,1955,24,0.23169,44,47,20
AUS,Australia,1956,24,0.23686,44,47,20
AUS,Australia,1957,24,0.24428,44,47,20
AUS,Australia,1958,24,0.2457,44,47,20
AUS,Australia,1959,24,0.24885,44,47,20
AUS,Australia,1960,24,0.25026,44,46,20
AUS,Australia,1961,24,0.25572,44,47,20
AUS,Australia,1962,24,0.24764,44,47,20
AUS,Australia,1963,24,0.2396,44,47,20
AUS,Australia,1964,25,0.22018,44,47,19
AUS,Australia,1965,25,0.20931,44,47,19
AUS,Australia,1966,25,0.20386,44,46,19
AUS,Australia,1967,25,0.20483,44,46,19
AUS,Australia,1968,25,0.21119,44,46,19
AUS,Australia,1969,25,0.21219,43,46,18
AUS,Australia,1970,25,0.20937,43,46,18
AUS,Australia,1971,25,0.21609,43,46,18
AUS,Australia,1972,25,0.20218,43,46,18
AUS,Australia,1973,25,0.18659,43,45,18
AUS,Australia,1974,25,0.17786,42,45,17
AUS,Australia,1975,25,0.1703,42,44,17
AUS,Australia,1976,25,0.166,42,45,17
AUS,Australia,1977,25,0.1601,42,44,17
AUS,Australia,1978,25,0.157,41,44,16
AUS,Australia,1979,26,0.15310000000000001,41,44,15
AUS,Australia,1980,25,0.1497,41,44,16
AUS,Australia,1981,26,0.1541,41,44,15
AUS,Australia,1982,26,0.1514,41,44,15
AUS,Australia,1983,26,0.1534,41,44,15
AUS,Australia,1984,27,0.1482,41,44,14
AUS,Australia,1985,27,0.1544,41,44,14
AUS,Australia,1986,27,0.1475,41,44,14
AUS,Australia,1987,27,0.1449,41,44,14
AUS,Australia,1988,28,0.1433,41,43,13
AUS,Australia,1989,27,0.1407,41,44,14
AUS,Australia,1990,28,0.1465,41,44,13
AUS,Australia,1991,28,0.1404,41,44,13
AUS,Australia,1992,28,0.1403,41,44,13
AUS,Australia,1993,28,0.139,42,44,14
AUS,Australia,1994,29,0.136,42,44,13
AUS,Australia,1995,29,0.1335,42,44,13
AUS,Australia,1996,29,0.1312,42,44,13
AUS,Australia,1997,29,0.1298,42,44,13
AUS,Australia,1998,29,0.1276,42,44,13
AUS,Australia,1999,29,0.1258,42,44,13
AUS,Australia,2000,30,0.125,42,45,12
AUS,Australia,2001,29,0.1207,42,45,13
AUS,Australia,2002,30,0.1232,42,45,12
AUS,Australia,2003,31,0.1233,42,45,11
AUS,Australia,2004,31,0.1229,43,45,12
AUS,Australia,2005,31,0.1268,43,45,12
AUS,Australia,2006,31,0.1291,43,45,12
AUS,Australia,2007,31,0.1358,43,45,12
AUS,Australia,2008,31,0.1362,43,45,12
AUS,Australia,2009,31,0.1308,43,45,12
AUS,Australia,2010,31,0.1307,43,45,12
AUS,Australia,2011,31,0.1316,43,46,12
AUS,Australia,2012,31,0.1333,43,46,12
AUS,Australia,2013,31,0.1339,43,46,12
AUS,Australia,2014,31,0.1273,43,46,12
AUS,Australia,2015,31,0.1286,43,46,12
AUS,Australia,2016,31,0.1309,43,46,12
AUS,Australia,2017,32,0.1245,43,46,11
AUS,Australia,2018,31,0.1255,43,46,12
AUS,Australia,2019,31,0.1225,43,46,12
AUS,Australia,2020,31,0.116,43,46,12
AUS,Australia,2021,31,0.1262,43,46,12
AUS,Australia,2022,32,0.1201,43,46,11
AUS,Australia,2023,32,0.1101,43,47,11
AUS,Australia,2024,31,0.1106,43,47,12
AUT,Austria,1937,27,0.08832,44,44,17
AUT,Austria,1951,24,0.12267,44,46,20
AUT,Austria,1952,24,0.12821,44,46,20
AUT,Austria,1953,24,0.13171,44,46,20
AUT,Austria,1954,24,0.13642,44,46,20
AUT,Austria,1955,23,0.14761,44,46,21
AUT,Austria,1956,24,0.16084,44,46,20
AUT,Austria,1957,24,0.16722,44,46,20
AUT,Austria,1958,24,0.17395,44,46,20
AUT,Austria,1959,24,0.18368,44,46,20
AUT,Austria,1960,24,0.18035,44,46,20
AUT,Austria,1961,24,0.18768,44,46,20
AUT,Austria,1962,24,0.18599,44,46,20
AUT,Austria,1963,25,0.18701,44,46,19
AUT,Austria,1964,26,0.17676,44,46,18
AUT,Austria,1965,24,0.16992,44,46,20
AUT,Austria,1966,23,0.17035,44,46,21
AUT,Austria,1967,21,0.17095,44,46,23
AUT,Austria,1968,21,0.17757,44,46,23
AUT,Austria,1969,22,0.17341,43,46,21
AUT,Austria,1970,22,0.16536,43,46,21
AUT,Austria,1971,21,0.15582,43,46,22
AUT,Austria,1972,21,0.14692,43,46,22
AUT,Austria,1973,22,0.13622,43,45,21
AUT,Austria,1974,21,0.13758,43,45,22
AUT,Austria,1975,22,0.13445,42,45,20
AUT,Austria,1976,22,0.12577,42,45,20
AUT,Austria,1977,23,0.12418,42,45,19
AUT,Austria,1978,23,0.12254,42,45,19
AUT,Austria,1979,23,0.12268,41,44,18
AUT,Austria,1980,24,0.12709,41,44,17
AUT,Austria,1981,23,0.12741,41,45,18
AUT,Austria,1982,23,0.12863,41,45,18
AUT,Austria,1983,24,0.11934,41,44,17
AUT,Austria,1984,25,0.11701,41,44,16
AUT,Austria,1985,24,0.11656,40,43,16
AUT,Austria,1986,24,0.11176,41,44,17
AUT,Austria,1987,24,0.11131,41,44,17
AUT,Austria,1988,25,0.11211,40,43,15
AUT,Austria,1989,25,0.11379,40,43,15
AUT,Austria,1990,25,0.11406,41,44,16
AUT,Austria,1991,25,0.11631,41,44,16
AUT,Austria,1992,25,0.1142,41,43,16
AUT,Austria,1993,25,0.112,41,43,16
AUT,Austria,1994,26,0.10991,41,44,15
AUT,Austria,1995,26,0.10754,40,44,14
AUT,Austria,1996,27,0.1082,41,43,14
AUT,Austria,1997,27,0.10306,41,44,14
AUT,Austria,1998,27,0.10228,41,44,14
AUT,Austria,1999,27,0.09766,41,44,14
AUT,Austria,2000,27,0.10141,41,44,14
AUT,Austria,2001,27,0.09602,41,44,14
AUT,Austria,2002,28,0.10008,41,44,13
AUT,Austria,2003,28,0.09926,41,44,13
AUT,Austria,2004,29,0.101,42,44,13
AUT,Austria,2005,29,0.10101,42,44,13
AUT,Austria,2006,28,0.10003,42,44,14
AUT,Austria,2007,29,0.09718,42,44,13
AUT,Austria,2008,28,0.09965,42,44,14
AUT,Austria,2009,29,0.09954,42,44,13
AUT,Austria,2010,29,0.10211,42,44,13
AUT,Austria,2011,30,0.10036,42,44,12
AUT,Austria,2012,31,0.10123,42,45,11
AUT,Austria,2013,31,0.10269,42,45,11
AUT,Austria,2014,30,0.10461,42,45,12
AUT,Austria,2015,31,0.10780000000000001,42,45,11
AUT,Austria,2016,31,0.10929,43,45,12
AUT,Austria,2017,31,0.10748,43,45,12
AUT,Austria,2018,31,0.10793,43,46,12
AUT,Austria,2019,30,0.10788,43,45,13
AUT,Austria,2020,30,0.10681,43,45,13
AUT,Austria,2021,31,0.11136,43,45,12
AUT,Austria,2022,31,0.10652,43,46,12
AUT,Austria,2023,31,0.09752,43,46,12
AUT,Austria,2024,31,0.09842,43,46,12
BEL,Belgium,1939,25,0.1323,44,47,19
BEL,Belgium,1947,26,0.15555,44,47,18
BEL,Belgium,1948,25,0.15887,44,47,19
BEL,Belgium,1949,25,0.15756,44,47,19
BEL,Belgium,1950,26,0.15519,44,47,18
BEL,Belgium,1951,25,0.15298,44,46,19
BEL,Belgium,1952,25,0.15904,44,46,19
BEL,Belgium,1953,25,0.15941,44,46,19
BEL,Belgium,1954,25,0.16096,44,46,19
BEL,Belgium,1955,24,0.16405,44,46,20
BEL,Belgium,1956,25,0.16752,44,46,19
BEL,Belgium,1957,25,0.1749,44,46,19
BEL,Belgium,1958,24,0.1784,44,46,20
BEL,Belgium,1959,24,0.18445,44,46,20
BEL,Belgium,1960,24,0.18108,44,46,20
BEL,Belgium,1961,25,0.18999,44,46,19
BEL,Belgium,1962,24,0.18955,44,46,20
BEL,Belgium,1963,24,0.19714,44,46,20
BEL,Belgium,1964,23,0.19901,44,46,21
BEL,Belgium,1965,24,0.19879,44,45,20
BEL,Belgium,1966,24,0.19032,43,46,19
BEL,Belgium,1967,24,0.18438,43,46,19
BEL,Belgium,1968,23,0.17607,43,45,20
BEL,Belgium,1969,24,0.17667,43,45,19
BEL,Belgium,1970,24,0.17256,43,45,19
BEL,Belgium,1971,24,0.16839,43,45,19
BEL,Belgium,1972,24,0.16259,42,45,18
BEL,Belgium,1973,24,0.15484,42,45,18
BEL,Belgium,1974,24,0.14992,42,44,18
BEL,Belgium,1975,25,0.14546,41,44,16
BEL,Belgium,1976,24,0.14898,41,44,17
BEL,Belgium,1977,25,0.15095,41,44,16
BEL,Belgium,1978,25,0.15225,41,44,16
BEL,Belgium,1979,25,0.15355,40,44,15
BEL,Belgium,1980,25,0.15586,40,43,15
BEL,Belgium,1981,25,0.15133,40,44,15
BEL,Belgium,1982,25,0.14671,40,43,15
BEL,Belgium,1983,25,0.14388,40,43,15
BEL,Belgium,1984,25,0.14312,40,44,15
BEL,Belgium,1985,25,0.13945,39,44,14
BEL,Belgium,1986,26,0.14507,40,45,14
BEL,Belgium,1987,26,0.14352,40,43,14
BEL,Belgium,1988,26,0.14634,40,43,14
BEL,Belgium,1989,26,0.14639,40,44,14
BEL,Belgium,1990,26,0.14861,40,43,14
BEL,Belgium,1991,26,0.14819,41,43,15
BEL,Belgium,1992,27,0.14878,41,44,14
BEL,Belgium,1993,27,0.14454,41,44,14
BEL,Belgium,1994,27,0.1386,41,44,14
BEL,Belgium,1995,27,0.14147,40,43,13
BEL,Belgium,1996,28,0.14073,40,43,12
BEL,Belgium,1997,28,0.14357,41,43,13
BEL,Belgium,1998,28,0.14218,41,44,13
BEL,Belgium,1999,28,0.13931,41,43,13
BEL,Belgium,2000,28,0.13901,41,44,13
BEL,Belgium,2001,28,0.14222,41,44,13
BEL,Belgium,2002,29,0.13856,41,44,12
BEL,Belgium,2003,28,0.13823,41,44,13
BEL,Belgium,2004,29,0.14288,42,44,13
BEL,Belgium,2005,29,0.14491,42,44,13
BEL,Belgium,2006,29,0.14747,42,44,13
BEL,Belgium,2007,29,0.14962,42,45,13
BEL,Belgium,2008,29,0.15214,42,44,13
BEL,Belgium,2009,29,0.14946,42,45,13
BEL,Belgium,2010,29,0.14835,42,45,13
BEL,Belgium,2011,29,0.14605,42,45,13
BEL,Belgium,2012,29,0.14369,43,45,14
BEL,Belgium,2013,30,0.14102,42,45,12
BEL,Belgium,2014,30,0.1416,42,45,12
BEL,Belgium,2015,29,0.13881,42,45,13
BEL,Belgium,2016,29,0.13824,43,45,14
BEL,Belgium,2017,30,0.13456,43,45,13
BEL,Belgium,2018,30,0.13754,43,45,13
BEL,Belgium,2019,30,0.13304,43,46,13
BEL,Belgium,2020,30,0.131,43,46,13
BEL,Belgium,2021,30,0.13522,43,46,13
BEL,Belgium,2022,30,0.12766,43,46,13
BEL,Belgium,2023,30,0.12274,43,45,13
BEL,Belgium,2024,30,0.1187,43,46,13
BGR,Bulgaria,1947,24,0.21029,46,48,22
BGR,Bulgaria,1948,23,0.21582,46,48,23
BGR,Bulgaria,1949,24,0.21285,46,48,22
BGR,Bulgaria,1950,23,0.21987,46,48,23
BGR,Bulgaria,1951,23,0.17974,45,47,22
BGR,Bulgaria,1952,23,0.1852,44,47,21
BGR,Bulgaria,1953,22,0.18305,44,47,22
BGR,Bulgaria,1954,22,0.17473,44,47,22
BGR,Bulgaria,1955,22,0.1864,44,47,22
BGR,Bulgaria,1956,22,0.19081,44,47,22
BGR,Bulgaria,1957,22,0.18843,43,47,21
BGR,Bulgaria,1958,22,0.18484,43,47,21
BGR,Bulgaria,1959,21,0.19072,42,47,21
BGR,Bulgaria,1960,21,0.19783,43,45,22
BGR,Bulgaria,1961,21,0.19724,42,45,21
BGR,Bulgaria,1962,21,0.19281,42,46,21
BGR,Bulgaria,1963,21,0.19518,42,45,21
BGR,Bulgaria,1964,21,0.1999,41,46,20
BGR,Bulgaria,1965,21,0.18944,41,45,20
BGR,Bulgaria,1966,21,0.19164,40,44,19
BGR,Bulgaria,1967,21,0.19349,41,44,20
BGR,Bulgaria,1968,21,0.20712,41,44,20
BGR,Bulgaria,1969,21,0.21016,40,45,19
BGR,Bulgaria,1970,21,0.20393,40,44,19
BGR,Bulgaria,1971,21,0.20425,40,44,19
BGR,Bulgaria,1972,21,0.19697,40,43,19
BGR,Bulgaria,1973,21,0.21161,40,43,19
BGR,Bulgaria,1974,21,0.2162,40,43,19
BGR,Bulgaria,1975,21,0.21588,40,43,19
BGR,Bulgaria,1976,21,0.22328,40,43,19
BGR,Bulgaria,1977,21,0.22456,39,43,18
BGR,Bulgaria,1978,21,0.22414,39,43,18
BGR,Bulgaria,1979,21,0.22469,39,43,18
BGR,Bulgaria,1980,21,0.21726,39,43,18
BGR,Bulgaria,1981,21,0.21187,39,43,18
BGR,Bulgaria,1982,21,0.20563,38,43,17
BGR,Bulgaria,1983,21,0.20256,39,43,18
BGR,Bulgaria,1984,20,0.20577,39,42,19
BGR,Bulgaria,1985,21,0.19932,39,42,18
BGR,Bulgaria,1986,20,0.20546,39,43,19
BGR,Bulgaria,1987,21,0.20081,39,43,18
BGR,Bulgaria,1988,21,0.20106,39,42,18
BGR,Bulgaria,1989,21,0.1955,39,42,18
BGR,Bulgaria,1990,21,0.18101,38,42,17
BGR,Bulgaria,1991,20,0.16983,38,42,18
BGR,Bulgaria,1992,21,0.15397,38,42,17
BGR,Bulgaria,1993,20,0.13988,39,42,19
BGR,Bulgaria,1994,21,0.12594,38,42,17
BGR,Bulgaria,1995,21,0.10705,38,42,17
BGR,Bulgaria,1996,22,0.10429,38,42,16
BGR,Bulgaria,1997,20,0.09042,38,42,18
BGR,Bulgaria,1998,22,0.09093,38,42,16
BGR,Bulgaria,1999,22,0.09706,38,42,16
BGR,Bulgaria,2000,22,0.09641,38,42,16
BGR,Bulgaria,2001,21,0.08774,39,42,18
BGR,Bulgaria,2002,24,0.0862,38,42,14
BGR,Bulgaria,2003,25,0.08586,39,42,14
BGR,Bulgaria,2004,25,0.08796,39,42,14
BGR,Bulgaria,2005,26,0.08938,39,43,13
BGR,Bulgaria,2006,25,0.09119,39,42,14
BGR,Bulgaria,2007,25,0.094,40,43,15
BGR,Bulgaria,2008,26,0.09617,40,43,14
BGR,Bulgaria,2009,26,0.10165,41,44,15
BGR,Bulgaria,2010,27,0.09599,41,43,14
BGR,Bulgaria,2011,26,0.0921,41,43,15
BGR,Bulgaria,2012,27,0.09222,41,43,14
BGR,Bulgaria,2013,28,0.09088,41,44,13
BGR,Bulgaria,2014,28,0.09241,41,44,13
BGR,Bulgaria,2015,28,0.08993,41,45,13
BGR,Bulgaria,2016,28,0.09029,42,45,14
BGR,Bulgaria,2017,28,0.09091,42,46,14
BGR,Bulgaria,2018,26,0.09114,42,45,16
BGR,Bulgaria,2019,27,0.09422,42,45,15
BGR,Bulgaria,2020,27,0.09389,42,46,15
BGR,Bulgaria,2021,27,0.09734,42,46,15
BIH,Bosnia and Herzegovina,1950,25,0.28049,50,50,25
BIH,Bosnia and Herzegovina,1951,24,0.24831,50,50,26
BIH,Bosnia and Herzegovina,1952,24,0.30411,50,50,26
BIH,Bosnia and Herzegovina,1953,24,0.27812,49,50,25
BIH,Bosnia and Herzegovina,1954,25,0.28721,49,50,24
BIH,Bosnia and Herzegovina,1955,25,0.26018,50,50,25
BIH,Bosnia and Herzegovina,1956,24,0.25686,49,50,25
BIH,Bosnia and Herzegovina,1957,24,0.22798,48,50,24
BIH,Bosnia and Herzegovina,1958,24,0.24242,48,50,24
BIH,Bosnia and Herzegovina,1959,24,0.22519,48,50,24
BIH,Bosnia and Herzegovina,1960,24,0.2286,47,50,23
BIH,Bosnia and Herzegovina,1961,24,0.22936,47,50,23
BIH,Bosnia and Herzegovina,1962,24,0.22673,47,49,23
BIH,Bosnia and Herzegovina,1963,23,0.22242,47,49,24
BIH,Bosnia and Herzegovina,1964,23,0.21977,47,49,24
BIH,Bosnia and Herzegovina,1965,24,0.22309,47,50,23
BIH,Bosnia and Herzegovina,1966,23,0.21319,46,50,23
BIH,Bosnia and Herzegovina,1967,23,0.19896,46,50,23
BIH,Bosnia and Herzegovina,1968,22,0.19664,46,49,24
BIH,Bosnia and Herzegovina,1969,22,0.20101,45,48,23
BIH,Bosnia and Herzegovina,1970,22,0.19192,45,48,23
BIH,Bosnia and Herzegovina,1971,23,0.19863,45,47,22
BIH,Bosnia and Herzegovina,1972,22,0.19861,45,47,23
BIH,Bosnia and Herzegovina,1973,23,0.17856,44,47,21
BIH,Bosnia and Herzegovina,1974,23,0.17286,44,46,21
BIH,Bosnia and Herzegovina,1975,22,0.1705,44,46,22
BIH,Bosnia and Herzegovina,1976,22,0.166,44,47,22
BIH,Bosnia and Herzegovina,1977,23,0.15476,43,47,20
BIH,Bosnia and Herzegovina,1978,22,0.1479,43,46,21
BIH,Bosnia and Herzegovina,1979,23,0.14331,43,47,20
BIH,Bosnia and Herzegovina,1980,22,0.14975,43,46,21
BIH,Bosnia and Herzegovina,1981,22,0.15474,43,46,21
BIH,Bosnia and Herzegovina,1982,23,0.16363,42,46,19
BIH,Bosnia and Herzegovina,1983,23,0.15996,42,50,19
BIH,Bosnia and Herzegovina,1984,23,0.15849,42,45,19
BIH,Bosnia and Herzegovina,1985,24,0.14558,42,45,18
BIH,Bosnia and Herzegovina,1986,24,0.1403,41,45,17
BIH,Bosnia and Herzegovina,1987,22,0.13814,42,50,20
BIH,Bosnia and Herzegovina,1988,22,0.14218,41,50,19
BIH,Bosnia and Herzegovina,1989,22,0.13455,41,50,19
BIH,Bosnia and Herzegovina,1990,22,0.1318,41,50,19
BIH,Bosnia and Herzegovina,1996,24,0.1143,42,44,18
BIH,Bosnia and Herzegovina,1997,22,0.12771,41,44,19
BIH,Bosnia and Herzegovina,1998,23,0.12004,42,44,19
BIH,Bosnia and Herzegovina,1999,24,0.10449,41,43,17
BIH,Bosnia and Herzegovina,2000,24,0.10006,41,43,17
BIH,Bosnia and Herzegovina,2001,24,0.09669,41,43,17
BIH,Bosnia and Herzegovina,2002,24,0.09037,41,43,17
BIH,Bosnia and Herzegovina,2003,24,0.0887,41,43,17
BIH,Bosnia and Herzegovina,2004,24,0.08939,41,43,17
BIH,Bosnia and Herzegovina,2005,24,0.0868,40,43,16
BIH,Bosnia and Herzegovina,2006,25,0.08316,40,43,15
BIH,Bosnia and Herzegovina,2007,26,0.08595,40,43,14
BIH,Bosnia and Herzegovina,2008,27,0.08883,40,44,13
BIH,Bosnia and Herzegovina,2009,27,0.09104,40,43,13
BIH,Bosnia and Herzegovina,2010,28,0.08836,41,44,13
BIH,Bosnia and Herzegovina,2011,28,0.08569,40,44,12
BIH,Bosnia and Herzegovina,2012,27,0.10048,41,45,14
BIH,Bosnia and Herzegovina,2013,28,0.09521,41,45,13
BIH,Bosnia and Herzegovina,2014,28,0.09353,41,45,13
BIH,Bosnia and Herzegovina,2015,28,0.09162,41,45,13
BIH,Bosnia and Herzegovina,2016,29,0.08457,41,45,12
BIH,Bosnia and Herzegovina,2017,29,0.08471,42,45,13
BIH,Bosnia and Herzegovina,2018,28,0.08518,42,45,14
BIH,Bosnia and Herzegovina,2019,29,0.08015,42,45,13
BIH,Bosnia and Herzegovina,2020,28,0.08113,42,46,14
BIH,Bosnia and Herzegovina,2021,29,0.08094,42,46,13
BIH,Bosnia and Herzegovina,2022,29,0.08065,42,46,13
BIH,Bosnia and Herzegovina,2023,29,0.08122,43,46,14
BIH,Bosnia and Herzegovina,2024,29,0.0801,43,46,14
BLR,Belarus,1960,25,0.19002,46,50,21
BLR,Belarus,1961,25,0.16644,45,47,20
BLR,Belarus,1962,25,0.17107,45,47,20
BLR,Belarus,1963,25,0.16006,44,47,19
BLR,Belarus,1964,24,0.15177,44,47,20
BLR,Belarus,1965,24,0.15693,45,47,21
BLR,Belarus,1966,22,0.16787,44,48,22
BLR,Belarus,1967,23,0.17205,44,47,21
BLR,Belarus,1968,24,0.18058,44,48,20
BLR,Belarus,1969,22,0.17943,43,47,21
BLR,Belarus,1970,23,0.19225,43,46,20
BLR,Belarus,1971,22,0.19556,43,46,21
BLR,Belarus,1972,23,0.18639,43,46,20
BLR,Belarus,1973,22,0.18187999999999999,43,46,21
BLR,Belarus,1974,22,0.18858,43,45,21
BLR,Belarus,1975,23,0.17706,43,45,20
BLR,Belarus,1976,22,0.18102,42,45,20
BLR,Belarus,1977,22,0.18384,42,45,20
BLR,Belarus,1978,22,0.18558,42,45,20
BLR,Belarus,1979,21,0.18788,42,44,21
BLR,Belarus,1980,22,0.1902,41,45,19
BLR,Belarus,1981,22,0.18807,41,44,19
BLR,Belarus,1982,22,0.18549,41,44,19
BLR,Belarus,1983,22,0.19529,41,44,19
BLR,Belarus,1984,22,0.19483,41,44,19
BLR,Belarus,1985,22,0.19419,41,44,19
BLR,Belarus,1986,23,0.19733,41,44,18
BLR,Belarus,1987,21,0.19993,41,44,20
BLR,Belarus,1988,21,0.20268,41,44,20
BLR,Belarus,1989,21,0.19843,41,44,20
BLR,Belarus,1990,21,0.19484,40,43,19
BLR,Belarus,1991,22,0.18417,40,43,18
BLR,Belarus,1992,22,0.1794,40,43,18
BLR,Belarus,1993,21,0.15967,39,43,18
BLR,Belarus,1994,21,0.14904,39,43,18
BLR,Belarus,1995,21,0.13247,39,43,18
BLR,Belarus,1996,22,0.12496,39,43,17
BLR,Belarus,1997,21,0.11564,39,42,18
BLR,Belarus,1998,21,0.11901,39,43,18
BLR,Belarus,1999,21,0.11818,39,42,18
BLR,Belarus,2000,22,0.11561,39,43,17
BLR,Belarus,2001,22,0.1115,39,43,17
BLR,Belarus,2002,22,0.10588,39,43,17
BLR,Belarus,2003,23,0.1031,39,43,16
BLR,Belarus,2004,23,0.10056,39,43,16
BLR,Belarus,2005,23,0.09984,40,43,17
BLR,Belarus,2006,24,0.10702,40,43,16
BLR,Belarus,2007,25,0.11011,40,43,15
BLR,Belarus,2008,24,0.1135,40,43,16
BLR,Belarus,2009,25,0.11276,41,43,16
BLR,Belarus,2010,25,0.1139,41,43,16
BLR,Belarus,2011,25,0.11552,41,43,16
BLR,Belarus,2012,25,0.12515,41,44,16
BLR,Belarus,2013,26,0.12058,41,44,15
BLR,Belarus,2014,26,0.11859,41,44,15
BLR,Belarus,2015,26,0.1194,41,44,15
BLR,Belarus,2016,25,0.12197,42,44,17
BLR,Belarus,2017,26,0.1069,42,44,16
BLR,Belarus,2018,24,0.0978,42,44,18
CAN,Canada,1921,25,0.20168,46,47,21
CAN,Canada,1922,25,0.19258,46,48,21
CAN,Canada,1923,25,0.18292,46,49,21
CAN,Canada,1924,25,0.18154,46,48,21
CAN,Canada,1925,25,0.17602,46,48,21
CAN,Canada,1926,25,0.18332,46,48,21
CAN,Canada,1927,25,0.18071,46,49,21
CAN,Canada,1928,28,0.19568,46,48,18
CAN,Canada,1929,28,0.17601,46,48,18
CAN,Canada,1930,30,0.18239,46,48,16
CAN,Canada,1931,28,0.18136,46,48,18
CAN,Canada,1932,28,0.1748,46,48,18
CAN,Canada,1933,28,0.16297,46,48,18
CAN,Canada,1934,28,0.16108,46,48,18
CAN,Canada,1935,28,0.15725,46,48,18
CAN,Canada,1936,28,0.1554,46,48,18
CAN,Canada,1937,28,0.14665,46,48,18
CAN,Canada,1938,28,0.15152,46,48,18
CAN,Canada,1939,25,0.15038,46,48,21
CAN,Canada,1940,25,0.16207,46,48,21
CAN,Canada,1941,26,0.16815,45,48,19
CAN,Canada,1942,27,0.172,45,48,18
CAN,Canada,1943,28,0.18333,45,47,17
CAN,Canada,1944,28,0.1728,45,47,17
CAN,Canada,1945,24,0.17701,45,47,21
CAN,Canada,1946,25,0.20883,46,48,21
CAN,Canada,1947,26,0.22848,45,47,19
CAN,Canada,1948,24,0.21111,45,47,21
CAN,Canada,1949,25,0.21401,45,47,20
CAN,Canada,1950,25,0.21193,45,47,20
CAN,Canada,1951,26,0.21073,45,47,19
CAN,Canada,1952,24,0.23181,45,47,21
CAN,Canada,1953,24,0.23892,45,47,21
CAN,Canada,1954,24,0.24774,45,47,21
CAN,Canada,1955,24,0.24967,45,47,21
CAN,Canada,1956,24,0.25321,45,47,21
CAN,Canada,1957,24,0.25836,45,47,21
CAN,Canada,1958,24,0.2598,45,47,21
CAN,Canada,1959,24,0.26615,45,47,21
CAN,Canada,1960,24,0.25419,45,47,21
CAN,Canada,1961,23,0.25623,45,47,22
CAN,Canada,1962,24,0.25179,45,47,21
CAN,Canada,1963,23,0.25077,45,47,22
CAN,Canada,1964,24,0.23798,45,47,21
CAN,Canada,1965,23,0.21027,45,47,22
CAN,Canada,1966,24,0.19088,44,47,20
CAN,Canada,1967,24,0.18047,44,46,20
CAN,Canada,1968,24,0.17108,44,46,20
CAN,Canada,1969,25,0.16865,43,46,18
CAN,Canada,1970,23,0.16448,43,46,20
CAN,Canada,1971,25,0.15498,43,45,18
CAN,Canada,1972,25,0.14882,42,45,17
CAN,Canada,1973,25,0.14357,42,45,17
CAN,Canada,1974,25,0.14133,41,44,16
CAN,Canada,1975,25,0.1413,41,45,16
CAN,Canada,1976,25,0.13776,41,44,16
CAN,Canada,1977,25,0.13499,40,44,15
CAN,Canada,1978,25,0.13192,40,44,15
CAN,Canada,1979,25,0.13338,40,44,15
CAN,Canada,1980,26,0.13301,40,43,14
CAN,Canada,1981,26,0.13141,40,43,14
CAN,Canada,1982,26,0.12883,40,43,14
CAN,Canada,1983,26,0.12717,40,43,14
CAN,Canada,1984,26,0.12787,40,43,14
CAN,Canada,1985,26,0.1276,40,43,14
CAN,Canada,1986,26,0.12422,40,43,14
CAN,Canada,1987,27,0.12514,40,43,13
CAN,Canada,1988,27,0.12334,40,43,13
CAN,Canada,1989,27,0.12551,40,43,13
CAN,Canada,1990,27,0.12843,41,43,14
CAN,Canada,1991,28,0.13815,41,43,13
CAN,Canada,1992,28,0.12909,41,43,13
CAN,Canada,1993,28,0.12623,41,44,13
CAN,Canada,1994,28,0.12633,41,44,13
CAN,Canada,1995,28,0.12303,41,44,13
CAN,Canada,1996,29,0.11612,41,44,12
CAN,Canada,1997,29,0.11536,41,44,12
CAN,Canada,1998,29,0.11432,41,44,12
CAN,Canada,1999,29,0.11166,41,44,12
CAN,Canada,2000,29,0.10763,41,44,12
CAN,Canada,2001,29,0.11295,41,44,12
CAN,Canada,2002,29,0.11207,42,44,13
CAN,Canada,2003,29,0.11655,42,44,13
CAN,Canada,2004,29,0.11883,42,44,13
CAN,Canada,2005,30,0.12242,42,44,12
CAN,Canada,2006,30,0.12415,42,44,12
CAN,Canada,2007,30,0.13087,42,44,12
CAN,Canada,2008,30,0.13213,42,45,12
CAN,Canada,2009,30,0.13252,42,45,12
CAN,Canada,2010,30,0.12519,42,45,12
CAN,Canada,2011,30,0.12265,42,45,12
CAN,Canada,2012,30,0.12225,43,45,13
CAN,Canada,2013,30,0.11988,43,45,13
CAN,Canada,2014,30,0.11958,43,45,13
CAN,Canada,2015,30,0.12041,43,45,13
CAN,Canada,2016,31,0.11986,43,45,12
CAN,Canada,2017,31,0.11622,43,45,12
CAN,Canada,2018,31,0.11467,43,46,12
CAN,Canada,2019,31,0.11339,43,46,12
CAN,Canada,2020,31,0.10805,43,46,12
CAN,Canada,2021,31,0.11155,43,46,12
CAN,Canada,2022,31,0.10216,43,45,12
CAN,Canada,2023,31,0.09701,43,46,12
CAN,Canada,2024,31,0.09614,44,47,13
CHE,Switzerland,1932,27,0.12783,45,47,18
CHE,Switzerland,1933,28,0.12525,45,47,17
CHE,Switzerland,1934,29,0.12493,45,47,16
CHE,Switzerland,1935,29,0.12234,45,47,16
CHE,Switzerland,1936,27,0.11814,44,47,17
CHE,Switzerland,1937,28,0.11739,44,47,16
CHE,Switzerland,1938,28,0.11798,44,46,16
CHE,Switzerland,1939,29,0.12161,44,46,15
CHE,Switzerland,1940,27,0.117,44,46,17
CHE,Switzerland,1941,27,0.13266,44,47,17
CHE,Switzerland,1942,27,0.15065,44,47,17
CHE,Switzerland,1943,28,0.16155,44,47,16
CHE,Switzerland,1944,28,0.16753,45,47,17
CHE,Switzerland,1945,28,0.17552,45,47,17
CHE,Switzerland,1946,28,0.17437,45,47,17
CHE,Switzerland,1947,27,0.16867,45,46,18
CHE,Switzerland,1948,26,0.16899,44,47,18
CHE,Switzerland,1949,27,0.16442,44,46,17
CHE,Switzerland,1950,27,0.16083,44,46,17
CHE,Switzerland,1951,27,0.15466,44,47,17
CHE,Switzerland,1952,28,0.15876,44,46,16
CHE,Switzerland,1953,26,0.15685,44,47,18
CHE,Switzerland,1954,27,0.16066,44,46,17
CHE,Switzerland,1955,26,0.1599,44,46,18
CHE,Switzerland,1956,26,0.16607,44,46,18
CHE,Switzerland,1957,26,0.17264,44,46,18
CHE,Switzerland,1958,26,0.17428,44,46,18
CHE,Switzerland,1959,25,0.18049,44,47,19
CHE,Switzerland,1960,26,0.17991,44,46,18
CHE,Switzerland,1961,25,0.18441,44,47,19
CHE,Switzerland,1962,26,0.1902,44,46,18
CHE,Switzerland,1963,25,0.19544,44,46,19
CHE,Switzerland,1964,25,0.19939,44,46,19
CHE,Switzerland,1965,25,0.19635,44,46,19
CHE,Switzerland,1966,25,0.18637,44,46,19
CHE,Switzerland,1967,25,0.17697,44,46,19
CHE,Switzerland,1968,25,0.16795,43,46,18
CHE,Switzerland,1969,25,0.15738,43,46,18
CHE,Switzerland,1970,25,0.1518,43,45,18
CHE,Switzerland,1971,24,0.15105,42,46,18
CHE,Switzerland,1972,25,0.14497,42,45,17
CHE,Switzerland,1973,25,0.14266,42,45,17
CHE,Switzerland,1974,25,0.13655,42,45,17
CHE,Switzerland,1975,25,0.13233,41,44,16
CHE,Switzerland,1976,26,0.12774,41,45,15
CHE,Switzerland,1977,26,0.12825,41,45,15
CHE,Switzerland,1978,26,0.12771,41,44,15
CHE,Switzerland,1979,26,0.13152,40,44,14
CHE,Switzerland,1980,26,0.13131,41,44,15
CHE,Switzerland,1981,27,0.13012,40,43,13
CHE,Switzerland,1982,26,0.13426,40,44,14
CHE,Switzerland,1983,27,0.13044,40,44,13
CHE,Switzerland,1984,27,0.13199,40,43,13
CHE,Switzerland,1985,26,0.13107,40,43,14
CHE,Switzerland,1986,27,0.1339,40,43,13
CHE,Switzerland,1987,27,0.13345,40,43,13
CHE,Switzerland,1988,28,0.13991,41,43,13
CHE,Switzerland,1989,28,0.13707,41,43,13
CHE,Switzerland,1990,28,0.13728,41,43,13
CHE,Switzerland,1991,28,0.13429,41,44,13
CHE,Switzerland,1992,28,0.13352,41,43,13
CHE,Switzerland,1993,28,0.12676,41,43,13
CHE,Switzerland,1994,28,0.12387,41,43,13
CHE,Switzerland,1995,28,0.12318,41,43,13
CHE,Switzerland,1996,28,0.12338,41,44,13
CHE,Switzerland,1997,29,0.12259,41,43,12
CHE,Switzerland,1998,29,0.11904000000000001,41,44,12
CHE,Switzerland,1999,29,0.11696,41,44,12
CHE,Switzerland,2000,30,0.11858,41,44,11
CHE,Switzerland,2001,30,0.10808,41,44,11
CHE,Switzerland,2002,30,0.10827,42,44,12
CHE,Switzerland,2003,30,0.10633,42,44,12
CHE,Switzerland,2004,30,0.10958,42,44,12
CHE,Switzerland,2005,30,0.10814,42,44,12
CHE,Switzerland,2006,31,0.11024,42,44,11
CHE,Switzerland,2007,31,0.11251,42,45,11
CHE,Switzerland,2008,31,0.11043,42,45,11
CHE,Switzerland,2009,31,0.11446,42,45,11
CHE,Switzerland,2010,32,0.11907,43,45,11
CHE,Switzerland,2011,31,0.11612,43,45,12
CHE,Switzerland,2012,31,0.11874,43,45,12
CHE,Switzerland,2013,31,0.11768,43,46,12
CHE,Switzerland,2014,32,0.12028,43,46,11
CHE,Switzerland,2015,32,0.11968,43,45,11
CHE,Switzerland,2016,31,0.11927,43,46,12
CHE,Switzerland,2017,31,0.11827,43,46,12
CHE,Switzerland,2018,31,0.119,43,46,12
CHE,Switzerland,2019,32,0.11871,43,46,11
CHE,Switzerland,2020,32,0.11999,43,46,11
CHE,Switzerland,2021,32,0.12442,43,46,11
CHE,Switzerland,2022,32,0.11203,44,46,12
CHE,Switzerland,2023,33,0.10684,43,46,10
CHE,Switzerland,2024,33,0.1044,43,46,10
CZE,Czech Republic,1945,23,0.20322,44,46,21
CZE,Czech Republic,1946,24,0.221,44,46,20
CZE,Czech Republic,1947,24,0.20802,44,46,20
CZE,Czech Republic,1948,24,0.19896,44,46,20
CZE,Czech Republic,1949,23,0.19494,44,47,21
CZE,Czech Republic,1950,22,0.20065,44,46,22
CZE,Czech Republic,1951,23,0.20659,44,46,21
CZE,Czech Republic,1952,23,0.20269,44,46,21
CZE,Czech Republic,1953,22,0.20032,44,46,22
CZE,Czech Republic,1954,22,0.20188999999999999,43,46,21
CZE,Czech Republic,1955,22,0.20585,43,46,21
CZE,Czech Republic,1956,22,0.20862,43,46,21
CZE,Czech Republic,1957,22,0.21037,43,45,21
CZE,Czech Republic,1958,22,0.20375,42,45,20
CZE,Czech Republic,1959,22,0.19419,41,44,19
CZE,Czech Republic,1960,22,0.19818,41,44,19
CZE,Czech Republic,1961,21,0.19872,41,44,20
CZE,Czech Republic,1962,22,0.20695,41,44,19
CZE,Czech Republic,1963,22,0.21615,41,44,19
CZE,Czech Republic,1964,22,0.21088,41,44,19
CZE,Czech Republic,1965,21,0.20303,41,44,20
CZE,Czech Republic,1966,22,0.19095,41,44,19
CZE,Czech Republic,1967,21,0.18723,40,44,19
CZE,Czech Republic,1968,21,0.18299,40,43,19
CZE,Czech Republic,1969,21,0.18698,40,43,19
CZE,Czech Republic,1970,21,0.18705,40,43,19
CZE,Czech Republic,1971,21,0.18798,40,43,19
CZE,Czech Republic,1972,22,0.19812,40,43,18
CZE,Czech Republic,1973,22,0.21877,40,43,18
CZE,Czech Republic,1974,22,0.22943,40,43,18
CZE,Czech Republic,1975,22,0.22679,40,43,18
CZE,Czech Republic,1976,22,0.22438,39,43,17
CZE,Czech Republic,1977,21,0.22661,40,43,19
CZE,Czech Republic,1978,21,0.22985,40,43,19
CZE,Czech Republic,1979,21,0.2306,39,43,18
CZE,Czech Republic,1980,21,0.21928,39,43,18
CZE,Czech Republic,1981,21,0.21007,39,43,18
CZE,Czech Republic,1982,21,0.20995,39,42,18
CZE,Czech Republic,1983,21,0.20639,39,43,18
CZE,Czech Republic,1984,21,0.20742,38,42,17
CZE,Czech Republic,1985,21,0.20433,39,42,18
CZE,Czech Republic,1986,21,0.19655,39,42,18
CZE,Czech Republic,1987,21,0.19188,38,42,17
CZE,Czech Republic,1988,22,0.19122,39,42,17
CZE,Czech Republic,1989,21,0.18203,39,42,18
CZE,Czech Republic,1990,21,0.18525,39,42,18
CZE,Czech Republic,1991,21,0.18101,39,42,18
CZE,Czech Republic,1992,21,0.16261,39,42,18
CZE,Czech Republic,1993,22,0.15177,39,42,17
CZE,Czech Republic,1994,23,0.12739,39,42,16
CZE,Czech Republic,1995,23,0.11289,39,42,16
CZE,Czech Republic,1996,23,0.10139,39,42,16
CZE,Czech Republic,1997,25,0.10336,39,42,14
CZE,Czech Republic,1998,24,0.09997,39,42,15
CZE,Czech Republic,1999,25,0.09895,39,42,14
CZE,Czech Republic,2000,25,0.09967,39,42,14
CZE,Czech Republic,2001,26,0.09954,40,43,14
CZE,Czech Republic,2002,26,0.09895,40,43,14
CZE,Czech Republic,2003,27,0.09951,40,43,13
CZE,Czech Republic,2004,28,0.10482,40,43,12
CZE,Czech Republic,2005,28,0.10973,40,43,12
CZE,Czech Republic,2006,29,0.11503,41,44,12
CZE,Czech Republic,2007,29,0.12151,41,44,12
CZE,Czech Republic,2008,30,0.12622,41,44,11
CZE,Czech Republic,2009,29,0.12534,41,44,12
CZE,Czech Republic,2010,30,0.12495,41,44,11
CZE,Czech Republic,2011,30,0.11784,41,44,11
CZE,Czech Republic,2012,30,0.11961,42,44,12
CZE,Czech Republic,2013,30,0.11749,42,44,12
CZE,Czech Republic,2014,30,0.12562,42,45,12
CZE,Czech Republic,2015,30,0.12595,42,44,12
CZE,Czech Republic,2016,30,0.12625,42,44,12
CZE,Czech Republic,2017,30,0.13133,42,45,12
CZE,Czech Republic,2018,30,0.13299,42,45,12
CZE,Czech Republic,2019,30,0.13125,42,45,12
CZE,Czech Republic,2020,31,0.12997,43,45,12
CZE,Czech Republic,2021,30,0.13909,43,45,13
CZE,Czech Republic,2022,29,0.12455,43,44,14
CZE,Czech Republic,2023,29,0.11173,43,44,14
CZE,Czech Republic,2024,30,0.10521,42,44,12
DEUTE,"Germany, East",1952,22,0.17134,43,46,21
DEUTE,"Germany, East",1953,22,0.17545,43,46,21
DEUTE,"Germany, East",1954,22,0.17577,43,46,21
DEUTE,"Germany, East",1955,22,0.17708,43,45,21
DEUTE,"Germany, East",1956,22,0.17443,43,45,21
DEUTE,"Germany, East",1957,22,0.16903,43,45,21
DEUTE,"Germany, East",1958,22,0.16684,42,45,20
DEUTE,"Germany, East",1959,22,0.1775,43,45,21
DEUTE,"Germany, East",1960,22,0.17617,43,45,21
DEUTE,"Germany, East",1961,22,0.18488,42,45,20
DEUTE,"Germany, East",1962,22,0.18753,43,44,21
DEUTE,"Germany, East",1963,22,0.18927,43,45,21
DEUTE,"Germany, East",1964,21,0.18684,43,45,22
DEUTE,"Germany, East",1965,21,0.19296,42,45,21
DEUTE,"Germany, East",1966,21,0.1929,42,44,21
DEUTE,"Germany, East",1967,21,0.19775,41,44,20
DEUTE,"Germany, East",1968,21,0.20418,41,44,20
DEUTE,"Germany, East",1969,21,0.20236,41,44,20
DEUTE,"Germany, East",1970,21,0.2015,41,44,20
DEUTE,"Germany, East",1971,21,0.19667,41,44,20
DEUTE,"Germany, East",1972,21,0.16883,40,43,19
DEUTE,"Germany, East",1973,20,0.15815,40,43,20
DEUTE,"Germany, East",1974,20,0.15323,39,43,19
DEUTE,"Germany, East",1975,21,0.1526,39,43,18
DEUTE,"Germany, East",1976,21,0.16194,39,43,18
DEUTE,"Germany, East",1977,22,0.18002,39,43,17
DEUTE,"Germany, East",1978,22,0.18582,39,43,17
DEUTE,"Germany, East",1979,21,0.18865,39,43,18
DEUTE,"Germany, East",1980,21,0.19665,38,42,17
DEUTE,"Germany, East",1981,21,0.18508,38,42,17
DEUTE,"Germany, East",1982,21,0.18453,38,42,17
DEUTE,"Germany, East",1983,22,0.17564,38,42,16
DEUTE,"Germany, East",1984,22,0.17125,38,42,16
DEUTE,"Germany, East",1985,22,0.17018,38,42,16
DEUTE,"Germany, East",1986,22,0.16399,38,42,16
DEUTE,"Germany, East",1987,23,0.16645,38,42,15
DEUTE,"Germany, East",1988,23,0.15845,38,42,15
DEUTE,"Germany, East",1989,23,0.15212,38,42,15
DEUTE,"Germany, East",1990,23,0.14892,38,42,15
DEUTE,"Germany, East",1991,22,0.09743,37,42,15
DEUTE,"Germany, East",1992,23,0.07972,37,41,14
DEUTE,"Germany, East",1993,24,0.07233,37,42,13
DEUTE,"Germany, East",1994,25,0.07094,37,42,12
DEUTE,"Germany, East",1995,25,0.0762,38,42,13
DEUTE,"Germany, East",1996,25,0.08609,39,42,14
DEUTE,"Germany, East",1997,25,0.09352,39,42,14
DEUTE,"Germany, East",1998,26,0.09727,39,42,13
DEUTE,"Germany, East",1999,26,0.10337,39,43,13
DEUTE,"Germany, East",2000,27,0.10488,40,43,13
DEUTE,"Germany, East",2001,27,0.10195,40,43,13
DEUTE,"Germany, East",2002,27,0.10145,40,43,13
DEUTE,"Germany, East",2003,28,0.10354,40,43,12
DEUTE,"Germany, East",2004,28,0.10583,40,43,12
DEUTE,"Germany, East",2005,29,0.09939,40,43,11
DEUTE,"Germany, East",2006,29,0.09847,41,43,12
DEUTE,"Germany, East",2007,29,0.10297,41,43,12
DEUTE,"Germany, East",2008,29,0.10459,41,44,12
DEUTE,"Germany, East",2009,29,0.10255,41,44,12
DEUTE,"Germany, East",2010,29,0.10515,41,44,12
DEUTE,"Germany, East",2011,29,0.10324,42,44,13
DEUTE,"Germany, East",2012,29,0.10415,42,44,13
DEUTE,"Germany, East",2013,29,0.10527,42,44,13
DEUTE,"Germany, East",2014,29,0.10899,42,44,13
DEUTE,"Germany, East",2015,29,0.11117,42,45,13
DEUTE,"Germany, East",2016,29,0.11465,42,45,13
DEUTE,"Germany, East",2017,29,0.11487,42,45,13
DEUTW,"Germany, West",1950,26,0.13022,44,46,18
DEUTW,"Germany, West",1951,25,0.12765,44,46,19
DEUTW,"Germany, West",1952,25,0.13102,44,46,19
DEUTW,"Germany, West",1953,25,0.13316,44,46,19
DEUTW,"Germany, West",1954,25,0.13731,43,46,18
DEUTW,"Germany, West",1955,25,0.13898,43,46,18
DEUTW,"Germany, West",1956,24,0.14669,43,46,19
DEUTW,"Germany, West",1957,25,0.15741,43,46,18
DEUTW,"Germany, West",1958,25,0.15954,43,46,18
DEUTW,"Germany, West",1959,25,0.16686,43,46,18
DEUTW,"Germany, West",1960,25,0.16724,43,46,18
DEUTW,"Germany, West",1961,25,0.17032,43,45,18
DEUTW,"Germany, West",1962,25,0.17073,43,45,18
DEUTW,"Germany, West",1963,25,0.1761,43,45,18
DEUTW,"Germany, West",1964,25,0.17635,43,46,18
DEUTW,"Germany, West",1965,25,0.17175,43,46,18
DEUTW,"Germany, West",1966,25,0.17036,43,45,18
DEUTW,"Germany, West",1967,24,0.16432,43,45,19
DEUTW,"Germany, West",1968,22,0.15803,43,45,21
DEUTW,"Germany, West",1969,22,0.14458,43,45,21
DEUTW,"Germany, West",1970,23,0.12933,43,45,20
DEUTW,"Germany, West",1971,23,0.12714,43,45,20
DEUTW,"Germany, West",1972,23,0.11633,42,45,19
DEUTW,"Germany, West",1973,24,0.10764,42,45,18
DEUTW,"Germany, West",1974,24,0.11061,42,45,18
DEUTW,"Germany, West",1975,25,0.10947,42,44,17
DEUTW,"Germany, West",1976,25,0.11052,41,44,16
DEUTW,"Germany, West",1977,25,0.10732,41,44,16
DEUTW,"Germany, West",1978,25,0.1068,40,44,15
DEUTW,"Germany, West",1979,26,0.10633,40,44,14
DEUTW,"Germany, West",1980,25,0.1125,40,44,15
DEUTW,"Germany, West",1981,25,0.11211,40,43,15
DEUTW,"Germany, West",1982,26,0.11137,40,43,14
DEUTW,"Germany, West",1983,26,0.10692,40,43,14
DEUTW,"Germany, West",1984,26,0.10591,40,43,14
DEUTW,"Germany, West",1985,26,0.10521,40,43,14
DEUTW,"Germany, West",1986,27,0.11102,40,43,13
DEUTW,"Germany, West",1987,27,0.11212,40,43,13
DEUTW,"Germany, West",1988,27,0.11555,40,43,13
DEUTW,"Germany, West",1989,27,0.11158,40,43,13
DEUTW,"Germany, West",1990,27,0.11678,41,44,14
DEUTW,"Germany, West",1991,27,0.11241,41,43,14
DEUTW,"Germany, West",1992,28,0.10935,41,43,13
DEUTW,"Germany, West",1993,28,0.10837,41,43,13
DEUTW,"Germany, West",1994,29,0.10391,41,43,12
DEUTW,"Germany, West",1995,29,0.10258,41,43,12
DEUTW,"Germany, West",1996,29,0.10529,41,43,12
DEUTW,"Germany, West",1997,29,0.10691,41,44,12
DEUTW,"Germany, West",1998,29,0.10329,41,44,12
DEUTW,"Germany, West",1999,29,0.1015,41,44,12
DEUTW,"Germany, West",2000,29,0.10085,41,44,12
DEUTW,"Germany, West",2001,29,0.09738,41,44,12
DEUTW,"Germany, West",2002,29,0.09686,41,44,12
DEUTW,"Germany, West",2003,29,0.0968,41,44,12
DEUTW,"Germany, West",2004,30,0.09806,41,44,11
DEUTW,"Germany, West",2005,30,0.0971,42,44,12
DEUTW,"Germany, West",2006,30,0.09654,42,44,12
DEUTW,"Germany, West",2007,30,0.09937,42,44,12
DEUTW,"Germany, West",2008,30,0.10008,42,44,12
DEUTW,"Germany, West",2009,30,0.09846,42,44,12
DEUTW,"Germany, West",2010,31,0.10149,42,45,11
DEUTW,"Germany, West",2011,31,0.10108,42,45,11
DEUTW,"Germany, West",2012,31,0.10262,42,45,11
DEUTW,"Germany, West",2013,31,0.10488,42,45,11
DEUTW,"Germany, West",2014,31,0.1101,42,45,11
DEUTW,"Germany, West",2015,31,0.11234,43,45,12
DEUTW,"Germany, West",2016,31,0.11921,43,45,12
DEUTW,"Germany, West",2017,31,0.11889,43,45,12
DNK,Denmark,1901,28,0.22534,47,48,19
DNK,Denmark,1902,28,0.22181,47,48,19
DNK,Denmark,1903,28,0.21868,47,48,19
DNK,Denmark,1904,28,0.21965,47,48,19
DNK,Denmark,1905,28,0.2151,47,48,19
DNK,Denmark,1906,28,0.21165,47,48,19
DNK,Denmark,1907,28,0.20817,47,48,19
DNK,Denmark,1908,28,0.2086,47,48,19
DNK,Denmark,1909,28,0.20624,47,48,19
DNK,Denmark,1910,27,0.1982,47,48,20
DNK,Denmark,1911,27,0.19717,47,48,20
DNK,Denmark,1912,26,0.1964,47,48,21
DNK,Denmark,1913,27,0.18915,46,48,19
DNK,Denmark,1914,26,0.18536,46,48,20
DNK,Denmark,1915,27,0.17436,46,48,19
DNK,Denmark,1916,28,0.17875,46,48,18
DNK,Denmark,1917,26,0.17356,46,47,20
DNK,Denmark,1918,27,0.17793,46,47,19
DNK,Denmark,1919,25,0.16791,46,47,21
DNK,Denmark,1920,26,0.18813,46,48,20
DNK,Denmark,1921,28,0.17363,46,48,18
DNK,Denmark,1922,28,0.16479,45,47,17
DNK,Denmark,1923,26,0.16037,46,47,20
DNK,Denmark,1924,27,0.15883,45,47,18
DNK,Denmark,1925,28,0.1499,45,47,17
DNK,Denmark,1926,25,0.14587,45,48,20
DNK,Denmark,1927,26,0.13891,45,47,19
DNK,Denmark,1928,27,0.13884,45,47,18
DNK,Denmark,1929,25,0.13295,45,47,20
DNK,Denmark,1930,26,0.13294,45,46,19
DNK,Denmark,1931,26,0.12759,45,47,19
DNK,Denmark,1932,25,0.12848,45,48,20
DNK,Denmark,1933,25,0.1235,45,47,20
DNK,Denmark,1934,26,0.12963,45,46,19
DNK,Denmark,1935,26,0.12576,45,47,19
DNK,Denmark,1936,25,0.13386,44,47,19
DNK,Denmark,1937,25,0.13199,45,46,20
DNK,Denmark,1938,25,0.13765,44,47,19
DNK,Denmark,1939,25,0.13554,44,47,19
DNK,Denmark,1940,26,0.1409,44,46,18
DNK,Denmark,1941,26,0.14392,44,46,18
DNK,Denmark,1942,24,0.15751,44,47,20
DNK,Denmark,1943,26,0.16489,44,46,18
DNK,Denmark,1944,26,0.18026,44,46,18
DNK,Denmark,1945,25,0.18361,44,46,19
DNK,Denmark,1946,26,0.18437,44,47,18
DNK,Denmark,1947,25,0.17558000000000001,44,46,19
DNK,Denmark,1948,24,0.16879,44,47,20
DNK,Denmark,1949,25,0.1664,44,46,19
DNK,Denmark,1950,24,0.16861,44,46,20
DNK,Denmark,1951,24,0.16906,44,46,20
DNK,Denmark,1952,23,0.16828,44,46,21
DNK,Denmark,1953,24,0.17875,43,45,19
DNK,Denmark,1954,24,0.17847,43,46,19
DNK,Denmark,1955,24,0.18112,44,46,20
DNK,Denmark,1956,24,0.18782,43,46,19
DNK,Denmark,1957,24,0.18662,43,46,19
DNK,Denmark,1958,23,0.19043,43,45,20
DNK,Denmark,1959,24,0.18387,43,46,19
DNK,Denmark,1960,24,0.18903,43,45,19
DNK,Denmark,1961,24,0.19008,43,46,19
DNK,Denmark,1962,24,0.19251,43,45,19
DNK,Denmark,1963,24,0.19912,43,45,19
DNK,Denmark,1964,24,0.1969,43,45,19
DNK,Denmark,1965,24,0.19486,43,46,19
DNK,Denmark,1966,24,0.1969,42,45,18
DNK,Denmark,1967,24,0.17768,42,45,18
DNK,Denmark,1968,25,0.15759,42,44,17
DNK,Denmark,1969,25,0.15421,42,45,17
DNK,Denmark,1970,24,0.15599,42,44,18
DNK,Denmark,1971,24,0.17288,41,44,17
DNK,Denmark,1972,24,0.17203,41,44,17
DNK,Denmark,1973,24,0.16212,40,43,16
DNK,Denmark,1974,24,0.16037,41,43,17
DNK,Denmark,1975,24,0.16318,40,43,16
DNK,Denmark,1976,25,0.15199,40,43,15
DNK,Denmark,1977,25,0.14282,40,43,15
DNK,Denmark,1978,25,0.14677,39,43,14
DNK,Denmark,1979,25,0.13708,39,43,14
DNK,Denmark,1980,26,0.13396,40,43,14
DNK,Denmark,1981,25,0.12439,39,43,14
DNK,Denmark,1982,25,0.12519,39,43,14
DNK,Denmark,1983,26,0.12057,40,43,14
DNK,Denmark,1984,26,0.12257,40,43,14
DNK,Denmark,1985,26,0.12792,40,43,14
DNK,Denmark,1986,26,0.1286,40,43,14
DNK,Denmark,1987,26,0.12949,40,43,14
DNK,Denmark,1988,27,0.13729,40,43,13
DNK,Denmark,1989,27,0.13647,40,43,13
DNK,Denmark,1990,27,0.13944,41,44,14
DNK,Denmark,1991,27,0.14153,41,43,14
DNK,Denmark,1992,28,0.14861,41,43,13
DNK,Denmark,1993,28,0.14676,41,44,13
DNK,Denmark,1994,27,0.14853,41,43,14
DNK,Denmark,1995,28,0.14847,41,43,13
DNK,Denmark,1996,28,0.14713,41,44,13
DNK,Denmark,1997,28,0.14644,41,44,13
DNK,Denmark,1998,28,0.14414,41,44,13
DNK,Denmark,1999,29,0.14718,41,43,12
DNK,Denmark,2000,29,0.14884,42,44,13
DNK,Denmark,2001,29,0.14944,41,44,12
DNK,Denmark,2002,29,0.14368,42,44,13
DNK,Denmark,2003,29,0.14688,42,44,13
DNK,Denmark,2004,30,0.1508,42,44,12
DNK,Denmark,2005,29,0.15461,42,44,13
DNK,Denmark,2006,30,0.15887,42,44,12
DNK,Denmark,2007,29,0.15524,42,44,13
DNK,Denmark,2008,29,0.15502,42,45,13
DNK,Denmark,2009,29,0.15253,42,45,13
DNK,Denmark,2010,30,0.15224,42,44,12
DNK,Denmark,2011,30,0.14384,42,45,12
DNK,Denmark,2012,29,0.14276,42,45,13
DNK,Denmark,2013,30,0.13901,42,45,12
DNK,Denmark,2014,30,0.13963,43,45,13
DNK,Denmark,2015,30,0.14152,43,45,13
DNK,Denmark,2016,30,0.14593,43,45,13
DNK,Denmark,2017,29,0.14461,43,45,14
DNK,Denmark,2018,29,0.14319,43,46,14
DNK,Denmark,2019,31,0.14071,43,46,12
DNK,Denmark,2020,31,0.14253,43,46,12
DNK,Denmark,2021,31,0.146,43,46,12
DNK,Denmark,2022,30,0.13445,43,46,13
DNK,Denmark,2023,30,0.13346,43,46,13
DNK,Denmark,2024,30,0.12907,43,46,13
DNK,Denmark,2025,31,0.13404,43,46,12
ESP,Spain,1922,29,0.24495,50,51,21
ESP,Spain,1923,29,0.24776,50,51,21
ESP,Spain,1924,28,0.24419,50,51,22
ESP,Spain,1925,29,0.23607,50,51,21
ESP,Spain,1926,29,0.2386,50,51,21
ESP,Spain,1927,29,0.22695,49,51,20
ESP,Spain,1928,29,0.23055,50,51,21
ESP,Spain,1929,29,0.21975,50,51,21
ESP,Spain,1930,29,0.21759,50,51,21
ESP,Spain,1931,29,0.21056,48,51,19
ESP,Spain,1932,26,0.21406,48,51,22
ESP,Spain,1933,26,0.20812,50,51,24
ESP,Spain,1934,26,0.20537,50,51,24
ESP,Spain,1935,26,0.20146,50,51,24
ESP,Spain,1936,26,0.19126,50,51,24
ESP,Spain,1937,26,0.17044,47,51,21
ESP,Spain,1938,29,0.1489,47,51,18
ESP,Spain,1939,30,0.12234,47,51,17
ESP,Spain,1940,29,0.19732,47,51,18
ESP,Spain,1941,29,0.14682,46,51,17
ESP,Spain,1942,29,0.15445,47,51,18
ESP,Spain,1943,29,0.17487,47,51,18
ESP,Spain,1944,29,0.17175,47,51,18
ESP,Spain,1945,29,0.17813,47,51,18
ESP,Spain,1946,29,0.16667,47,51,18
ESP,Spain,1947,29,0.166,46,51,17
ESP,Spain,1948,27,0.17962,46,51,19
ESP,Spain,1949,27,0.16674,46,50,19
ESP,Spain,1950,29,0.15715,45,51,16
ESP,Spain,1951,28,0.15933,45,51,17
ESP,Spain,1952,28,0.1648,45,51,17
ESP,Spain,1953,27,0.1647,45,51,18
ESP,Spain,1954,27,0.16188,45,51,18
ESP,Spain,1955,27,0.1662,45,51,18
ESP,Spain,1956,27,0.16838,45,50,18
ESP,Spain,1957,27,0.17956,45,50,18
ESP,Spain,1958,26,0.18254,45,50,19
ESP,Spain,1959,26,0.18419,45,50,19
ESP,Spain,1960,26,0.18951,45,50,19
ESP,Spain,1961,26,0.18582,45,49,19
ESP,Spain,1962,26,0.18798,45,50,19
ESP,Spain,1963,26,0.19543,45,49,19
ESP,Spain,1964,26,0.20455,45,50,19
ESP,Spain,1965,27,0.1992,45,51,18
ESP,Spain,1966,27,0.20114,45,50,18
ESP,Spain,1967,27,0.20666,45,51,18
ESP,Spain,1968,26,0.20336,45,50,19
ESP,Spain,1969,26,0.20597,44,49,18
ESP,Spain,1970,26,0.20929,44,50,18
ESP,Spain,1971,26,0.21042,44,48,18
ESP,Spain,1972,25,0.20729,44,48,19
ESP,Spain,1973,25,0.20931,44,48,19
ESP,Spain,1974,25,0.20695,44,48,19
ESP,Spain,1975,25,0.19789,44,46,19
ESP,Spain,1976,25,0.19799,44,47,19
ESP,Spain,1977,25,0.19003,44,47,19
ESP,Spain,1978,25,0.18232,44,47,19
ESP,Spain,1979,25,0.16828,44,46,19
ESP,Spain,1980,25,0.15668,44,46,19
ESP,Spain,1981,25,0.14615,43,46,18
ESP,Spain,1982,25,0.14001,43,46,18
ESP,Spain,1983,26,0.12985,43,46,17
ESP,Spain,1984,26,0.12762,43,46,17
ESP,Spain,1985,27,0.12208,43,46,16
ESP,Spain,1986,27,0.11679,43,45,16
ESP,Spain,1987,27,0.11442,42,45,15
ESP,Spain,1988,27,0.11184,42,45,15
ESP,Spain,1989,28,0.1098,42,45,14
ESP,Spain,1990,28,0.109,41,45,13
ESP,Spain,1991,29,0.10702,42,44,13
ESP,Spain,1992,29,0.10839,41,44,12
ESP,Spain,1993,29,0.10737,41,44,12
ESP,Spain,1994,29,0.10186,41,44,12
ESP,Spain,1995,30,0.10021,41,44,11
ESP,Spain,1996,30,0.09872,41,44,11
ESP,Spain,1997,30,0.10141,41,44,11
ESP,Spain,1998,30,0.09684,41,44,11
ESP,Spain,1999,30,0.09916,41,44,11
ESP,Spain,2000,31,0.10147,42,44,11
ESP,Spain,2001,31,0.10123,42,44,11
ESP,Spain,2002,31,0.10147,42,45,11
ESP,Spain,2003,31,0.10406,42,45,11
ESP,Spain,2004,32,0.10371,42,45,10
ESP,Spain,2005,32,0.10453,42,45,10
ESP,Spain,2006,32,0.10383,42,45,10
ESP,Spain,2007,32,0.10093,42,45,10
ESP,Spain,2008,32,0.10314,43,45,11
ESP,Spain,2009,33,0.0974,43,46,10
ESP,Spain,2010,32,0.09842,43,46,11
ESP,Spain,2011,33,0.09687,43,46,10
ESP,Spain,2012,32,0.096,43,46,11
ESP,Spain,2013,32,0.09227,43,46,11
ESP,Spain,2014,33,0.09532,43,46,10
ESP,Spain,2015,33,0.09735,44,46,11
ESP,Spain,2016,33,0.09667,44,46,11
ESP,Spain,2017,33,0.0948,44,47,11
ESP,Spain,2018,33,0.09122,44,47,11
ESP,Spain,2019,33,0.08796,44,47,11
ESP,Spain,2020,33,0.08469,44,47,11
ESP,Spain,2021,34,0.08846,44,47,10
ESP,Spain,2022,34,0.08389,44,47,10
ESP,Spain,2023,33,0.08103,44,47,11
ESP,Spain,2024,34,0.08061,44,47,10
EST,Estonia,1959,23,0.13983,43,46,20
EST,Estonia,1960,24,0.14368,43,46,19
EST,Estonia,1961,24,0.14871,43,46,19
EST,Estonia,1962,24,0.14835,43,45,19
EST,Estonia,1963,23,0.14217,43,45,20
EST,Estonia,1964,23,0.14823,43,45,20
EST,Estonia,1965,23,0.15081,43,45,20
EST,Estonia,1966,24,0.14885,43,46,19
EST,Estonia,1967,23,0.14796,42,45,19
EST,Estonia,1968,23,0.15435,42,45,19
EST,Estonia,1969,22,0.16979,42,45,20
EST,Estonia,1970,23,0.17398,42,45,19
EST,Estonia,1971,22,0.18005,42,45,20
EST,Estonia,1972,22,0.18589,42,45,20
EST,Estonia,1973,22,0.17478,42,44,20
EST,Estonia,1974,22,0.17931,42,45,20
EST,Estonia,1975,21,0.17228,42,45,21
EST,Estonia,1976,22,0.17245,41,44,19
EST,Estonia,1977,21,0.17591,42,44,21
EST,Estonia,1978,21,0.17601,42,45,21
EST,Estonia,1979,22,0.18142,41,44,19
EST,Estonia,1980,22,0.1862,41,44,19
EST,Estonia,1981,21,0.19073,41,44,20
EST,Estonia,1982,22,0.1971,42,45,20
EST,Estonia,1983,22,0.19512,41,44,19
EST,Estonia,1984,21,0.19391,41,44,20
EST,Estonia,1985,22,0.18165,41,44,19
EST,Estonia,1986,23,0.18725,41,43,18
EST,Estonia,1987,22,0.19999,41,44,19
EST,Estonia,1988,22,0.19655,42,43,20
EST,Estonia,1989,21,0.18996,41,43,20
EST,Estonia,1990,21,0.17719,41,44,20
EST,Estonia,1991,21,0.16004,41,43,20
EST,Estonia,1992,21,0.14922,41,44,20
EST,Estonia,1993,20,0.12256,40,44,20
EST,Estonia,1994,21,0.11876,40,43,19
EST,Estonia,1995,21,0.11471,40,43,19
EST,Estonia,1996,22,0.10713,40,43,18
EST,Estonia,1997,21,0.09488,41,44,20
EST,Estonia,1998,23,0.09003,41,44,18
EST,Estonia,1999,23,0.09847,41,44,18
EST,Estonia,2000,24,0.09216,41,44,17
EST,Estonia,2001,26,0.08795,41,43,15
EST,Estonia,2002,26,0.09208,41,44,15
EST,Estonia,2003,27,0.0902,41,45,14
EST,Estonia,2004,25,0.10063,41,43,16
EST,Estonia,2005,27,0.10351,42,44,15
EST,Estonia,2006,28,0.10955,42,44,14
EST,Estonia,2007,27,0.11528,42,44,15
EST,Estonia,2008,25,0.11309,42,45,17
EST,Estonia,2009,28,0.12052,42,45,14
EST,Estonia,2010,28,0.12195,42,44,14
EST,Estonia,2011,29,0.1119,42,45,13
EST,Estonia,2012,27,0.10679,43,45,16
EST,Estonia,2013,27,0.1004,42,45,15
EST,Estonia,2014,28,0.10145,42,45,14
EST,Estonia,2015,28,0.10645,43,45,15
EST,Estonia,2016,29,0.11564,43,45,14
EST,Estonia,2017,28,0.11157,43,45,15
EST,Estonia,2018,29,0.11604,43,46,14
EST,Estonia,2019,29,0.11569,44,46,15
EST,Estonia,2020,30,0.11116,43,46,13
EST,Estonia,2021,30,0.12112,44,46,14
EST,Estonia,2022,30,0.10042,43,47,13
EST,Estonia,2023,29,0.08889,43,47,14
EST,Estonia,2024,31,0.08472,43,48,12
FIN,Finland,1866,30,0.22736,47,49,17
FIN,Finland,1867,30,0.23284,47,49,17
FIN,Finland,1868,30,0.17659,47,48,17
FIN,Finland,1869,30,0.24603,47,49,17
FIN,Finland,1870,29,0.25002,48,49,19
FIN,Finland,1871,30,0.2583,48,49,18
FIN,Finland,1872,30,0.2538,47,49,17
FIN,Finland,1873,30,0.25892,47,49,17
FIN,Finland,1874,31,0.26333,48,49,17
FIN,Finland,1875,30,0.25139,48,49,18
FIN,Finland,1876,30,0.25056,47,49,17
FIN,Finland,1877,30,0.25602,48,49,18
FIN,Finland,1878,30,0.23654,48,49,18
FIN,Finland,1879,30,0.25333,48,49,18
FIN,Finland,1880,29,0.24163,48,49,19
FIN,Finland,1881,30,0.23751,48,49,18
FIN,Finland,1882,30,0.24909,48,49,18
FIN,Finland,1883,30,0.24109,48,49,18
FIN,Finland,1884,30,0.24183,48,49,18
FIN,Finland,1885,30,0.23409,48,49,18
FIN,Finland,1886,30,0.2437,48,49,18
FIN,Finland,1887,30,0.25316,48,49,18
FIN,Finland,1888,30,0.24347,48,49,18
FIN,Finland,1889,30,0.24019,48,49,18
FIN,Finland,1890,30,0.23909,48,49,18
FIN,Finland,1891,31,0.25088,48,49,17
FIN,Finland,1892,31,0.23573,47,49,16
FIN,Finland,1893,32,0.22804,47,49,15
FIN,Finland,1894,32,0.23727,47,49,15
FIN,Finland,1895,32,0.25434,48,49,16
FIN,Finland,1896,32,0.24312,48,49,16
FIN,Finland,1897,31,0.23833,47,49,16
FIN,Finland,1898,29,0.24079,48,49,19
FIN,Finland,1899,26,0.24459,48,49,22
FIN,Finland,1900,29,0.24015,47,49,18
FIN,Finland,1901,30,0.24684,47,49,17
FIN,Finland,1902,29,0.23999,47,49,18
FIN,Finland,1903,30,0.23487,47,49,17
FIN,Finland,1904,30,0.2443,47,49,17
FIN,Finland,1905,29,0.23117,47,49,18
FIN,Finland,1906,30,0.23617,47,49,17
FIN,Finland,1907,30,0.23407,47,49,17
FIN,Finland,1908,29,0.23093,47,49,18
FIN,Finland,1909,29,0.23138,47,49,18
FIN,Finland,1910,29,0.22425,47,49,18
FIN,Finland,1911,30,0.21751,47,49,17
FIN,Finland,1912,30,0.21375,47,49,17
FIN,Finland,1913,30,0.20085,47,49,17
FIN,Finland,1914,31,0.19937,47,49,16
FIN,Finland,1915,30,0.18556,47,49,17
FIN,Finland,1916,29,0.17695,47,49,18
FIN,Finland,1917,29,0.17823,47,49,18
FIN,Finland,1918,29,0.17214,47,48,18
FIN,Finland,1919,29,0.14361,47,48,18
FIN,Finland,1920,29,0.18678,47,48,18
FIN,Finland,1921,28,0.17596,47,49,19
FIN,Finland,1922,26,0.17177,47,48,21
FIN,Finland,1923,28,0.17097,47,48,19
FIN,Finland,1924,26,0.16317,47,48,21
FIN,Finland,1925,27,0.16076,47,48,20
FIN,Finland,1926,27,0.15634,47,48,20
FIN,Finland,1927,27,0.15066,47,48,20
FIN,Finland,1928,27,0.15064,47,48,20
FIN,Finland,1929,26,0.1464,47,48,21
FIN,Finland,1930,26,0.14476,47,48,21
FIN,Finland,1931,26,0.13451,47,48,21
FIN,Finland,1932,28,0.12692,46,48,18
FIN,Finland,1933,27,0.11755,46,48,19
FIN,Finland,1934,26,0.12238,46,48,20
FIN,Finland,1935,25,0.12537,46,48,21
FIN,Finland,1936,25,0.12565,46,48,21
FIN,Finland,1937,25,0.13325,46,48,21
FIN,Finland,1938,25,0.13958,46,48,21
FIN,Finland,1939,25,0.14298,46,48,21
FIN,Finland,1940,25,0.11973,46,48,21
FIN,Finland,1941,25,0.16975,46,48,21
FIN,Finland,1942,26,0.11029,46,48,20
FIN,Finland,1943,28,0.13383,46,48,18
FIN,Finland,1944,27,0.1442,46,48,19
FIN,Finland,1945,25,0.192,46,48,21
FIN,Finland,1946,25,0.20572,46,48,21
FIN,Finland,1947,26,0.20851,46,48,20
FIN,Finland,1948,25,0.20532,46,48,21
FIN,Finland,1949,24,0.19546,46,48,22
FIN,Finland,1950,24,0.18464,46,48,22
FIN,Finland,1951,25,0.18,46,48,21
FIN,Finland,1952,24,0.1913,46,48,22
FIN,Finland,1953,24,0.1793,45,47,21
FIN,Finland,1954,24,0.1827,45,47,21
FIN,Finland,1955,24,0.18333,45,47,21
FIN,Finland,1956,24,0.18666,45,47,21
FIN,Finland,1957,24,0.18747,45,47,21
FIN,Finland,1958,23,0.17409,45,47,22
FIN,Finland,1959,24,0.18409,45,47,21
FIN,Finland,1960,24,0.1823,45,47,21
FIN,Finland,1961,25,0.18457,45,47,20
FIN,Finland,1962,23,0.18339,45,47,22
FIN,Finland,1963,23,0.18079,45,47,22
FIN,Finland,1964,24,0.18206,45,47,21
FIN,Finland,1965,23,0.1668,45,47,22
FIN,Finland,1966,24,0.16165,44,47,20
FIN,Finland,1967,24,0.16321,44,46,20
FIN,Finland,1968,23,0.14901,44,46,21
FIN,Finland,1969,24,0.13402,43,46,19
FIN,Finland,1970,24,0.12876,43,46,19
FIN,Finland,1971,24,0.12448,42,45,18
FIN,Finland,1972,25,0.11944,42,45,17
FIN,Finland,1973,24,0.11295,42,45,18
FIN,Finland,1974,24,0.12492,41,45,17
FIN,Finland,1975,25,0.12699,42,45,17
FIN,Finland,1976,25,0.12832,41,45,16
FIN,Finland,1977,25,0.12981,42,45,17
FIN,Finland,1978,26,0.12234,41,44,15
FIN,Finland,1979,25,0.12506,41,44,16
FIN,Finland,1980,26,0.12328,42,45,16
FIN,Finland,1981,26,0.12877,42,45,16
FIN,Finland,1982,26,0.13106,42,45,16
FIN,Finland,1983,26,0.13651,42,45,16
FIN,Finland,1984,27,0.12849,42,45,15
FIN,Finland,1985,27,0.12747,42,45,15
FIN,Finland,1986,27,0.12604,42,44,15
FIN,Finland,1987,27,0.12555,42,45,15
FIN,Finland,1988,27,0.13651,42,45,15
FIN,Finland,1989,28,0.1379,42,45,14
FIN,Finland,1990,28,0.14074,42,45,14
FIN,Finland,1991,27,0.13902,42,45,15
FIN,Finland,1992,28,0.14716,42,45,14
FIN,Finland,1993,28,0.14189,42,45,14
FIN,Finland,1994,29,0.14062,42,45,13
FIN,Finland,1995,27,0.13706,42,45,15
FIN,Finland,1996,28,0.13393,42,45,14
FIN,Finland,1997,28,0.13174,42,45,14
FIN,Finland,1998,28,0.12512,42,45,14
FIN,Finland,1999,29,0.12682,43,45,14
FIN,Finland,2000,28,0.12441,43,45,15
FIN,Finland,2001,29,0.12466000000000001,43,45,14
FIN,Finland,2002,30,0.12707,43,46,13
FIN,Finland,2003,29,0.12871,43,45,14
FIN,Finland,2004,29,0.13209,43,45,14
FIN,Finland,2005,29,0.13616,43,45,14
FIN,Finland,2006,29,0.13564,43,45,14
FIN,Finland,2007,29,0.13518,43,45,14
FIN,Finland,2008,30,0.13501,43,45,13
FIN,Finland,2009,29,0.13172,43,45,14
FIN,Finland,2010,30,0.13564,43,46,13
FIN,Finland,2011,29,0.13119,43,45,14
FIN,Finland,2012,31,0.12709,43,45,12
FIN,Finland,2013,30,0.12811,43,45,13
FIN,Finland,2014,29,0.12116,43,45,14
FIN,Finland,2015,30,0.12092,43,46,13
FIN,Finland,2016,31,0.11374,43,45,12
FIN,Finland,2017,31,0.11094,43,46,12
FIN,Finland,2018,31,0.10385,43,45,12
FIN,Finland,2019,31,0.10006,43,46,12
FIN,Finland,2020,31,0.10328,43,46,12
FIN,Finland,2021,31,0.11182,43,46,12
FIN,Finland,2022,31,0.09962,44,46,13
FIN,Finland,2023,31,0.09432,43,46,12
FIN,Finland,2024,31,0.09351,43,46,12
FRA,France,1892,25,0.1709,46,48,21
FRA,France,1893,25,0.17451,46,48,21
FRA,France,1894,25,0.16858,46,48,21
FRA,France,1895,25,0.16309,46,48,21
FRA,France,1896,25,0.17054,46,48,21
FRA,France,1897,25,0.16943,46,48,21
FRA,France,1898,25,0.16674,46,48,21
FRA,France,1899,25,0.17084,46,48,21
FRA,France,1900,25,0.16655,46,48,21
FRA,France,1901,25,0.17301,46,48,21
FRA,France,1902,25,0.16989,46,48,21
FRA,France,1903,25,0.16544,46,48,21
FRA,France,1904,25,0.16265,46,48,21
FRA,France,1905,25,0.16095,46,48,21
FRA,France,1906,25,0.16275,46,48,21
FRA,France,1907,25,0.15764,45,47,20
FRA,France,1908,25,0.16205,45,47,20
FRA,France,1909,25,0.15683,45,47,20
FRA,France,1910,25,0.15838,45,47,20
FRA,France,1911,24,0.15273,45,47,21
FRA,France,1912,24,0.15468,45,47,21
FRA,France,1913,24,0.15458,45,47,21
FRA,France,1914,25,0.14615,45,47,20
FRA,France,1915,25,0.08646,45,47,20
FRA,France,1916,25,0.06657,45,47,20
FRA,France,1917,26,0.07247,45,47,19
FRA,France,1918,26,0.08206,45,47,19
FRA,France,1919,27,0.08788,45,47,18
FRA,France,1920,25,0.1691,45,47,20
FRA,France,1921,25,0.16718,45,47,20
FRA,France,1922,25,0.15472,45,47,20
FRA,France,1923,25,0.15148,45,47,20
FRA,France,1924,25,0.14673,45,47,20
FRA,France,1925,24,0.14854,45,47,21
FRA,France,1926,24,0.14812,45,47,21
FRA,France,1927,24,0.14431,45,47,21
FRA,France,1928,24,0.14492,45,47,21
FRA,France,1929,24,0.14371,45,47,21
FRA,France,1930,24,0.14884,45,47,21
FRA,France,1931,24,0.14562,45,47,21
FRA,France,1932,24,0.14297,45,47,21
FRA,France,1933,24,0.13646,44,47,20
FRA,France,1934,24,0.13883,44,47,20
FRA,France,1935,24,0.13706,44,47,20
FRA,France,1936,24,0.1402,44,47,20
FRA,France,1937,24,0.14269,44,47,20
FRA,France,1938,24,0.14589,44,46,20
FRA,France,1939,24,0.14758,44,46,20
FRA,France,1940,24,0.12693,44,47,20
FRA,France,1941,25,0.1136,44,47,19
FRA,France,1942,24,0.12353,45,47,21
FRA,France,1943,24,0.13918,45,47,21
FRA,France,1944,24,0.1399,45,47,21
FRA,France,1945,24,0.14296,45,47,21
FRA,France,1946,26,0.19543,44,46,18
FRA,France,1947,24,0.20137,44,46,20
FRA,France,1948,24,0.2017,44,47,20
FRA,France,1949,24,0.20445,44,46,20
FRA,France,1950,24,0.20105,44,46,20
FRA,France,1951,24,0.19586,44,46,20
FRA,France,1952,24,0.19461,44,46,20
FRA,France,1953,24,0.19279,44,46,20
FRA,France,1954,24,0.19387,44,46,20
FRA,France,1955,24,0.19591,44,46,20
FRA,France,1956,24,0.19609,44,46,20
FRA,France,1957,24,0.20137,44,46,20
FRA,France,1958,24,0.1986,44,46,20
FRA,France,1959,24,0.20702,44,46,20
FRA,France,1960,24,0.20667,44,46,20
FRA,France,1961,24,0.21293,44,46,20
FRA,France,1962,24,0.2108,44,46,20
FRA,France,1963,24,0.21647,44,46,20
FRA,France,1964,24,0.21462,44,46,20
FRA,France,1965,23,0.20863,43,46,20
FRA,France,1966,23,0.20456,43,46,20
FRA,France,1967,23,0.19907,43,46,20
FRA,France,1968,23,0.19284,43,46,20
FRA,France,1969,23,0.18694,43,46,20
FRA,France,1970,23,0.18513,43,46,20
FRA,France,1971,23,0.18745,43,46,20
FRA,France,1972,24,0.1824,43,45,19
FRA,France,1973,24,0.1734,43,45,19
FRA,France,1974,24,0.16144,43,45,19
FRA,France,1975,24,0.1507,42,45,18
FRA,France,1976,24,0.14515,42,45,18
FRA,France,1977,24,0.15089,41,44,17
FRA,France,1978,24,0.14968,41,44,17
FRA,France,1979,24,0.15318,41,44,17
FRA,France,1980,25,0.16124,41,44,16
FRA,France,1981,25,0.16121,41,44,16
FRA,France,1982,25,0.1582,41,44,16
FRA,France,1983,25,0.14993,41,44,16
FRA,France,1984,25,0.15141,41,44,16
FRA,France,1985,25,0.15371,41,44,16
FRA,France,1986,26,0.15329,41,44,15
FRA,France,1987,25,0.14886,41,44,16
FRA,France,1988,26,0.14956,41,44,15
FRA,France,1989,26,0.14677,41,44,15
FRA,France,1990,26,0.14431,41,44,15
FRA,France,1991,26,0.14471,41,44,15
FRA,France,1992,27,0.14125,41,44,14
FRA,France,1993,27,0.13604,42,44,15
FRA,France,1994,27,0.13778,42,44,15
FRA,France,1995,27,0.14286,42,44,15
FRA,France,1996,28,0.1434,42,44,14
FRA,France,1997,28,0.14099,42,44,14
FRA,France,1998,28,0.14478,42,44,14
FRA,France,1999,28,0.14381,42,44,14
FRA,France,2000,28,0.14937,42,44,14
FRA,France,2001,28,0.14681,42,45,14
FRA,France,2002,28,0.14723,42,45,14
FRA,France,2003,28,0.14721,42,45,14
FRA,France,2004,29,0.14817,42,45,13
FRA,France,2005,29,0.1486,43,45,14
FRA,France,2006,29,0.15201,43,45,14
FRA,France,2007,29,0.15011,43,45,14
FRA,France,2008,29,0.15127,43,45,14
FRA,France,2009,29,0.1506,43,45,14
FRA,France,2010,29,0.1511,43,45,14
FRA,France,2011,29,0.14825,43,45,14
FRA,France,2012,29,0.14809,43,45,14
FRA,France,2013,29,0.14679,43,45,14
FRA,France,2014,29,0.14745,43,46,14
FRA,France,2015,30,0.14332,43,45,13
FRA,France,2016,30,0.14071,43,46,13
FRA,France,2017,30,0.13859,43,46,13
FRA,France,2018,30,0.13801,43,46,13
FRA,France,2019,30,0.13707,43,46,13
FRA,France,2020,30,0.13295,43,46,13
FRA,France,2021,31,0.13552,43,46,12
FRA,France,2022,31,0.13014,43,46,12
FRA,France,2023,30,0.1188,43,46,13
GBRTENW,"UK, England and Wales",1891,29,0.21779,44,44,15
GBRTENW,"UK, England and Wales",1901,28,0.19419,44,44,16
GBRTENW,"UK, England and Wales",1911,28,0.16887,46,48,18
GBRTENW,"UK, England and Wales",1912,28,0.16713,46,48,18
GBRTENW,"UK, England and Wales",1913,28,0.16843,46,48,18
GBRTENW,"UK, England and Wales",1914,28,0.16646,46,48,18
GBRTENW,"UK, England and Wales",1915,27,0.15186,46,48,19
GBRTENW,"UK, England and Wales",1916,26,0.1477,45,48,19
GBRTENW,"UK, England and Wales",1917,27,0.12762,45,47,18
GBRTENW,"UK, England and Wales",1918,27,0.12153,45,47,18
GBRTENW,"UK, England and Wales",1919,27,0.13741,45,47,18
GBRTENW,"UK, England and Wales",1920,27,0.1751,46,48,19
GBRTENW,"UK, England and Wales",1921,27,0.15672,46,48,19
GBRTENW,"UK, England and Wales",1922,26,0.14476,45,47,19
GBRTENW,"UK, England and Wales",1923,27,0.14247,45,47,18
GBRTENW,"UK, England and Wales",1924,27,0.13834,45,47,18
GBRTENW,"UK, England and Wales",1925,27,0.13384,45,47,18
GBRTENW,"UK, England and Wales",1926,27,0.13185,45,47,18
GBRTENW,"UK, England and Wales",1927,27,0.12324,45,47,18
GBRTENW,"UK, England and Wales",1928,27,0.12312,45,47,18
GBRTENW,"UK, England and Wales",1929,27,0.11988,45,47,18
GBRTENW,"UK, England and Wales",1930,27,0.11997,45,47,18
GBRTENW,"UK, England and Wales",1931,27,0.11643,45,47,18
GBRTENW,"UK, England and Wales",1932,27,0.11207,44,47,17
GBRTENW,"UK, England and Wales",1933,26,0.10575,44,47,18
GBRTENW,"UK, England and Wales",1934,26,0.10755,44,47,18
GBRTENW,"UK, England and Wales",1935,26,0.10848,44,47,18
GBRTENW,"UK, England and Wales",1936,26,0.11096,44,47,18
GBRTENW,"UK, England and Wales",1937,25,0.11344,44,47,19
GBRTENW,"UK, England and Wales",1938,25,0.11728,44,46,19
GBRTENW,"UK, England and Wales",1939,25,0.12042,44,46,19
GBRTENW,"UK, England and Wales",1940,25,0.11974,44,46,19
GBRTENW,"UK, England and Wales",1941,25,0.11445,44,46,19
GBRTENW,"UK, England and Wales",1942,26,0.12727,44,46,18
GBRTENW,"UK, England and Wales",1943,23,0.13088,44,46,21
GBRTENW,"UK, England and Wales",1944,24,0.14781,44,46,20
GBRTENW,"UK, England and Wales",1945,25,0.1353,44,46,19
GBRTENW,"UK, England and Wales",1946,26,0.1788,44,46,18
GBRTENW,"UK, England and Wales",1947,26,0.18889,44,46,18
GBRTENW,"UK, England and Wales",1948,24,0.16443,44,46,20
GBRTENW,"UK, England and Wales",1949,24,0.15536,44,46,20
GBRTENW,"UK, England and Wales",1950,24,0.15118,44,46,20
GBRTENW,"UK, England and Wales",1951,25,0.14866,43,46,18
GBRTENW,"UK, England and Wales",1952,24,0.1517,43,46,19
GBRTENW,"UK, England and Wales",1953,24,0.15746,43,46,19
GBRTENW,"UK, England and Wales",1954,24,0.16066,43,46,19
GBRTENW,"UK, England and Wales",1955,24,0.1622,43,46,19
GBRTENW,"UK, England and Wales",1956,24,0.17118,43,46,19
GBRTENW,"UK, England and Wales",1957,24,0.17757,43,46,19
GBRTENW,"UK, England and Wales",1958,24,0.1852,43,46,19
GBRTENW,"UK, England and Wales",1959,25,0.18683,43,46,18
GBRTENW,"UK, England and Wales",1960,25,0.19497,43,46,18
GBRTENW,"UK, England and Wales",1961,25,0.20034,43,46,18
GBRTENW,"UK, England and Wales",1962,25,0.20578,43,46,18
GBRTENW,"UK, England and Wales",1963,25,0.20885,43,46,18
GBRTENW,"UK, England and Wales",1964,24,0.21515,43,46,19
GBRTENW,"UK, England and Wales",1965,25,0.20873,43,46,18
GBRTENW,"UK, England and Wales",1966,24,0.20072,43,46,19
GBRTENW,"UK, England and Wales",1967,24,0.19166,43,46,19
GBRTENW,"UK, England and Wales",1968,24,0.19174,43,45,19
GBRTENW,"UK, England and Wales",1969,25,0.18302,43,45,18
GBRTENW,"UK, England and Wales",1970,25,0.17594,42,45,17
GBRTENW,"UK, England and Wales",1971,24,0.17372,42,45,18
GBRTENW,"UK, England and Wales",1972,25,0.16383,42,45,17
GBRTENW,"UK, England and Wales",1973,25,0.15481,42,44,17
GBRTENW,"UK, England and Wales",1974,26,0.14288,42,44,16
GBRTENW,"UK, England and Wales",1975,25,0.13669,41,44,16
GBRTENW,"UK, England and Wales",1976,26,0.13114,41,44,15
GBRTENW,"UK, England and Wales",1977,25,0.12853,41,44,16
GBRTENW,"UK, England and Wales",1978,25,0.13282,41,44,16
GBRTENW,"UK, England and Wales",1979,26,0.14146,41,44,15
GBRTENW,"UK, England and Wales",1980,26,0.14298,41,44,15
GBRTENW,"UK, England and Wales",1981,25,0.13788,41,45,16
GBRTENW,"UK, England and Wales",1982,25,0.13298,41,44,16
GBRTENW,"UK, England and Wales",1983,26,0.1336,41,44,15
GBRTENW,"UK, England and Wales",1984,26,0.13266,41,44,15
GBRTENW,"UK, England and Wales",1985,26,0.13155,41,44,15
GBRTENW,"UK, England and Wales",1986,26,0.12807,41,44,15
GBRTENW,"UK, England and Wales",1987,27,0.13021,41,44,14
GBRTENW,"UK, England and Wales",1988,27,0.1277,41,44,14
GBRTENW,"UK, England and Wales",1989,27,0.12372,41,44,14
GBRTENW,"UK, England and Wales",1990,27,0.12639,41,44,14
GBRTENW,"UK, England and Wales",1991,27,0.12384,41,44,14
GBRTENW,"UK, England and Wales",1992,28,0.12125,41,44,13
GBRTENW,"UK, England and Wales",1993,28,0.11893,41,44,13
GBRTENW,"UK, England and Wales",1994,28,0.11643,41,44,13
GBRTENW,"UK, England and Wales",1995,29,0.11304,42,44,13
GBRTENW,"UK, England and Wales",1996,28,0.1118,42,44,14
GBRTENW,"UK, England and Wales",1997,29,0.11083,42,44,13
GBRTENW,"UK, England and Wales",1998,29,0.10837,42,44,13
GBRTENW,"UK, England and Wales",1999,29,0.10599,42,44,13
GBRTENW,"UK, England and Wales",2000,29,0.10317,42,45,13
GBRTENW,"UK, England and Wales",2001,30,0.101,42,45,12
GBRTENW,"UK, England and Wales",2002,30,0.1017,42,45,12
GBRTENW,"UK, England and Wales",2003,30,0.10503,42,45,12
GBRTENW,"UK, England and Wales",2004,30,0.10895,42,45,12
GBRTENW,"UK, England and Wales",2005,31,0.11035,42,45,11
GBRTENW,"UK, England and Wales",2006,31,0.11291,43,45,12
GBRTENW,"UK, England and Wales",2007,31,0.11618,43,45,12
GBRTENW,"UK, England and Wales",2008,31,0.11813,43,45,12
GBRTENW,"UK, England and Wales",2009,31,0.11544,43,45,12
GBRTENW,"UK, England and Wales",2010,30,0.11867,43,46,13
GBRTENW,"UK, England and Wales",2011,31,0.11943,43,46,12
GBRTENW,"UK, England and Wales",2012,31,0.12073,43,46,12
GBRTENW,"UK, England and Wales",2013,31,0.11461,43,46,12
GBRTENW,"UK, England and Wales",2014,31,0.11567,43,46,12
GBRTENW,"UK, England and Wales",2015,31,0.11605,43,46,12
GBRTENW,"UK, England and Wales",2016,31,0.11529,43,46,12
GBRTENW,"UK, England and Wales",2017,31,0.11181,43,46,12
GBRTENW,"UK, England and Wales",2018,31,0.10944,43,46,12
GBRTENW,"UK, England and Wales",2019,31,0.10649,43,46,12
GBRTENW,"UK, England and Wales",2020,31,0.10301,43,46,12
GBRTENW,"UK, England and Wales",2021,31,0.10789,43,46,12
GBRTENW,"UK, England and Wales",2022,32,0.10019,43,46,11
GBRTENW,"UK, England and Wales",2023,31,0.09707,45,47,14
GBRTENW,"UK, England and Wales",2024,31,0.09738,45,47,14
GBR_NIR,"UK, Northern Ireland",1974,25,0.18387,44,46,19
GBR_NIR,"UK, Northern Ireland",1975,26,0.17302,44,46,18
GBR_NIR,"UK, Northern Ireland",1976,26,0.18451,43,46,17
GBR_NIR,"UK, Northern Ireland",1977,26,0.17207,43,46,17
GBR_NIR,"UK, Northern Ireland",1978,27,0.17153,43,46,16
GBR_NIR,"UK, Northern Ireland",1979,25,0.18052,44,46,19
GBR_NIR,"UK, Northern Ireland",1980,27,0.19446,43,46,16
GBR_NIR,"UK, Northern Ireland",1981,25,0.17947,43,46,18
GBR_NIR,"UK, Northern Ireland",1982,25,0.17344,43,46,18
GBR_NIR,"UK, Northern Ireland",1983,27,0.17648,43,45,16
GBR_NIR,"UK, Northern Ireland",1984,26,0.17126,43,45,17
GBR_NIR,"UK, Northern Ireland",1985,27,0.17246,42,45,15
GBR_NIR,"UK, Northern Ireland",1986,26,0.16911,43,45,17
GBR_NIR,"UK, Northern Ireland",1987,26,0.16431,43,45,17
GBR_NIR,"UK, Northern Ireland",1988,28,0.16299,43,44,15
GBR_NIR,"UK, Northern Ireland",1989,27,0.15738,43,45,16
GBR_NIR,"UK, Northern Ireland",1990,27,0.15309,43,45,16
GBR_NIR,"UK, Northern Ireland",1991,27,0.15472,42,45,15
GBR_NIR,"UK, Northern Ireland",1992,26,0.14601,43,45,17
GBR_NIR,"UK, Northern Ireland",1993,29,0.14328,42,44,13
GBR_NIR,"UK, Northern Ireland",1994,28,0.1412,43,45,15
GBR_NIR,"UK, Northern Ireland",1995,27,0.1369,42,44,15
GBR_NIR,"UK, Northern Ireland",1996,28,0.14011,42,45,14
GBR_NIR,"UK, Northern Ireland",1997,28,0.13462,42,44,14
GBR_NIR,"UK, Northern Ireland",1998,28,0.13149,42,45,14
GBR_NIR,"UK, Northern Ireland",1999,30,0.12874,42,46,12
GBR_NIR,"UK, Northern Ireland",2000,29,0.12162,42,44,13
GBR_NIR,"UK, Northern Ireland",2001,30,0.12664,42,45,12
GBR_NIR,"UK, Northern Ireland",2002,29,0.11744,42,45,13
GBR_NIR,"UK, Northern Ireland",2003,29,0.11746,43,45,14
GBR_NIR,"UK, Northern Ireland",2004,29,0.12499,42,44,13
GBR_NIR,"UK, Northern Ireland",2005,30,0.12522,43,45,13
GBR_NIR,"UK, Northern Ireland",2006,30,0.12869,42,45,12
GBR_NIR,"UK, Northern Ireland",2007,31,0.13571,42,45,11
GBR_NIR,"UK, Northern Ireland",2008,31,0.13519,42,45,11
GBR_NIR,"UK, Northern Ireland",2009,29,0.1347,43,45,14
GBR_NIR,"UK, Northern Ireland",2010,31,0.1363,43,45,12
GBR_NIR,"UK, Northern Ireland",2011,31,0.13967,43,45,12
GBR_NIR,"UK, Northern Ireland",2012,31,0.13867,43,45,12
GBR_NIR,"UK, Northern Ireland",2013,31,0.13537,43,45,12
GBR_NIR,"UK, Northern Ireland",2014,31,0.1394,43,45,12
GBR_NIR,"UK, Northern Ireland",2015,31,0.13604,43,45,12
GBR_NIR,"UK, Northern Ireland",2016,32,0.13395,43,45,11
GBR_NIR,"UK, Northern Ireland",2017,31,0.1315,43,45,12
GBR_NIR,"UK, Northern Ireland",2018,30,0.13051,43,46,13
GBR_NIR,"UK, Northern Ireland",2019,32,0.12601,43,46,11
GBR_NIR,"UK, Northern Ireland",2020,31,0.12663,43,45,12
GBR_NIR,"UK, Northern Ireland",2021,31,0.13382,43,44,12
GBR_NIR,"UK, Northern Ireland",2022,31,0.12834,43,45,12
GBR_NIR,"UK, Northern Ireland",2023,32,0.12555,43,45,11
GBR_NIR,"UK, Northern Ireland",2024,32,0.12261,43,45,11
GBR_SCO,"UK, Scotland",1939,23,0.146,44,46,21
GBR_SCO,"UK, Scotland",1940,23,0.15,44,46,21
GBR_SCO,"UK, Scotland",1941,23,0.151,44,46,21
GBR_SCO,"UK, Scotland",1942,23,0.156,44,46,21
GBR_SCO,"UK, Scotland",1943,24,0.186,44,46,20
GBR_SCO,"UK, Scotland",1944,24,0.186,44,46,20
GBR_SCO,"UK, Scotland",1945,24,0.16612,44,46,20
GBR_SCO,"UK, Scotland",1946,27,0.18833,44,46,17
GBR_SCO,"UK, Scotland",1947,26,0.19262,45,46,19
GBR_SCO,"UK, Scotland",1948,24,0.16772,44,46,20
GBR_SCO,"UK, Scotland",1949,24,0.16016,44,46,20
GBR_SCO,"UK, Scotland",1950,24,0.15809,44,46,20
GBR_SCO,"UK, Scotland",1951,25,0.15882,44,46,19
GBR_SCO,"UK, Scotland",1952,26,0.1651,44,46,18
GBR_SCO,"UK, Scotland",1953,25,0.16237,44,46,19
GBR_SCO,"UK, Scotland",1954,24,0.17452,44,46,20
GBR_SCO,"UK, Scotland",1955,24,0.18105,44,46,20
GBR_SCO,"UK, Scotland",1956,24,0.18528,44,46,20
GBR_SCO,"UK, Scotland",1957,24,0.20113,44,46,20
GBR_SCO,"UK, Scotland",1958,24,0.20733,43,46,19
GBR_SCO,"UK, Scotland",1959,24,0.20407,43,45,19
GBR_SCO,"UK, Scotland",1960,24,0.21352,43,46,19
GBR_SCO,"UK, Scotland",1961,24,0.21358,43,46,19
GBR_SCO,"UK, Scotland",1962,24,0.2191,44,46,20
GBR_SCO,"UK, Scotland",1963,25,0.22384,43,46,18
GBR_SCO,"UK, Scotland",1964,25,0.22477,44,46,19
GBR_SCO,"UK, Scotland",1965,24,0.21506,43,46,19
GBR_SCO,"UK, Scotland",1966,25,0.20802,43,46,18
GBR_SCO,"UK, Scotland",1967,24,0.20883,43,46,19
GBR_SCO,"UK, Scotland",1968,24,0.20729,43,45,19
GBR_SCO,"UK, Scotland",1969,25,0.20003,43,45,18
GBR_SCO,"UK, Scotland",1970,23,0.18978,43,45,20
GBR_SCO,"UK, Scotland",1971,24,0.19325,43,45,19
GBR_SCO,"UK, Scotland",1972,25,0.18062,42,45,17
GBR_SCO,"UK, Scotland",1973,26,0.16491,42,44,16
GBR_SCO,"UK, Scotland",1974,24,0.14884,41,45,17
GBR_SCO,"UK, Scotland",1975,25,0.14914,42,45,17
GBR_SCO,"UK, Scotland",1976,25,0.14436,41,44,16
GBR_SCO,"UK, Scotland",1977,25,0.13489,41,44,16
GBR_SCO,"UK, Scotland",1978,25,0.1379,40,44,15
GBR_SCO,"UK, Scotland",1979,25,0.14574,41,43,16
GBR_SCO,"UK, Scotland",1980,25,0.14147,40,43,15
GBR_SCO,"UK, Scotland",1981,25,0.14189,41,44,16
GBR_SCO,"UK, Scotland",1982,25,0.13198,41,43,16
GBR_SCO,"UK, Scotland",1983,26,0.13117,40,44,14
GBR_SCO,"UK, Scotland",1984,26,0.12999,40,44,14
GBR_SCO,"UK, Scotland",1985,26,0.1311,40,43,14
GBR_SCO,"UK, Scotland",1986,26,0.12501,40,44,14
GBR_SCO,"UK, Scotland",1987,26,0.12251,40,43,14
GBR_SCO,"UK, Scotland",1988,27,0.12441,40,43,13
GBR_SCO,"UK, Scotland",1989,27,0.11719,40,43,13
GBR_SCO,"UK, Scotland",1990,27,0.12328,41,43,14
GBR_SCO,"UK, Scotland",1991,27,0.12084,41,43,14
GBR_SCO,"UK, Scotland",1992,28,0.11802,41,44,13
GBR_SCO,"UK, Scotland",1993,28,0.11353,41,44,13
GBR_SCO,"UK, Scotland",1994,28,0.11168,41,43,13
GBR_SCO,"UK, Scotland",1995,27,0.10549,41,43,14
GBR_SCO,"UK, Scotland",1996,28,0.10539,41,43,13
GBR_SCO,"UK, Scotland",1997,29,0.10671,41,44,12
GBR_SCO,"UK, Scotland",1998,29,0.10283,41,44,12
GBR_SCO,"UK, Scotland",1999,28,0.09901,41,44,13
GBR_SCO,"UK, Scotland",2000,30,0.09843,41,44,11
GBR_SCO,"UK, Scotland",2001,30,0.09657,42,44,12
GBR_SCO,"UK, Scotland",2002,30,0.09575,42,44,12
GBR_SCO,"UK, Scotland",2003,31,0.09618,42,44,11
GBR_SCO,"UK, Scotland",2004,30,0.09898,42,44,12
GBR_SCO,"UK, Scotland",2005,31,0.10198,42,44,11
GBR_SCO,"UK, Scotland",2006,31,0.10522,42,44,11
GBR_SCO,"UK, Scotland",2007,31,0.10617,42,45,11
GBR_SCO,"UK, Scotland",2008,31,0.10999,42,45,11
GBR_SCO,"UK, Scotland",2009,31,0.1088,42,45,11
GBR_SCO,"UK, Scotland",2010,31,0.10981,42,45,11
GBR_SCO,"UK, Scotland",2011,30,0.10914,43,45,13
GBR_SCO,"UK, Scotland",2012,30,0.10887,42,45,12
GBR_SCO,"UK, Scotland",2013,31,0.10652,43,45,12
GBR_SCO,"UK, Scotland",2014,31,0.10886,43,45,12
GBR_SCO,"UK, Scotland",2015,31,0.10881,43,45,12
GBR_SCO,"UK, Scotland",2016,31,0.10557,43,45,12
GBR_SCO,"UK, Scotland",2017,32,0.09952,43,46,11
GBR_SCO,"UK, Scotland",2018,31,0.09912,43,45,12
GBR_SCO,"UK, Scotland",2019,31,0.09687,43,46,12
GBR_SCO,"UK, Scotland",2020,32,0.09262,43,46,11
GBR_SCO,"UK, Scotland",2021,31,0.09887,42,45,11
GBR_SCO,"UK, Scotland",2022,31,0.09408,43,46,12
GBR_SCO,"UK, Scotland",2023,31,0.095,43,46,12
GBR_SCO,"UK, Scotland",2024,31,0.091,43,45,12
GRC,Greece,1950,27,0.16554,46,48,19
GRC,Greece,1951,27,0.164126,46,48,19
GRC,Greece,1952,27,0.162712,46,48,19
GRC,Greece,1953,27,0.161298,45,48,18
GRC,Greece,1954,27,0.159884,45,48,18
GRC,Greece,1955,27,0.15847,45,47,18
GRC,Greece,1956,26,0.16155,45,47,19
GRC,Greece,1957,27,0.15713,45,47,18
GRC,Greece,1958,27,0.15485,44,47,17
GRC,Greece,1959,27,0.15904,44,47,17
GRC,Greece,1960,27,0.15456,44,47,17
GRC,Greece,1961,26,0.14782,44,47,18
GRC,Greece,1962,26,0.1482,44,46,18
GRC,Greece,1963,26,0.14573,43,46,17
GRC,Greece,1964,25,0.15326,43,46,18
GRC,Greece,1965,25,0.15357,43,46,18
GRC,Greece,1966,25,0.15911,43,46,18
GRC,Greece,1967,25,0.17087,43,46,18
GRC,Greece,1968,25,0.16875,43,46,18
GRC,Greece,1969,25,0.16135,43,46,18
GRC,Greece,1970,25,0.16726,43,46,18
GRC,Greece,1971,25,0.1648,43,46,18
GRC,Greece,1972,25,0.16249,43,46,18
GRC,Greece,1973,24,0.15876,43,46,19
GRC,Greece,1974,24,0.16832,43,45,19
GRC,Greece,1975,24,0.16527,43,45,19
GRC,Greece,1976,24,0.17078,42,45,18
GRC,Greece,1977,24,0.16637,42,45,18
GRC,Greece,1978,23,0.1693,42,44,19
GRC,Greece,1979,24,0.17025,42,45,18
GRC,Greece,1980,24,0.1668,42,44,18
GRC,Greece,1981,23,0.1555,42,44,19
GRC,Greece,1982,23,0.15247,41,44,18
GRC,Greece,1983,23,0.14726,41,44,18
GRC,Greece,1984,23,0.13805,41,43,18
GRC,Greece,1985,24,0.12496,41,43,17
GRC,Greece,1986,24,0.11945,41,43,17
GRC,Greece,1987,24,0.11453,41,44,17
GRC,Greece,1988,24,0.11342000000000001,41,43,17
GRC,Greece,1989,25,0.10686,41,43,16
GRC,Greece,1990,25,0.10662,41,43,16
GRC,Greece,1991,25,0.10273,41,44,16
GRC,Greece,1992,25,0.10269,41,44,16
GRC,Greece,1993,26,0.09997,41,44,15
GRC,Greece,1994,26,0.10212,41,44,15
GRC,Greece,1995,27,0.09929,41,45,14
GRC,Greece,1996,27,0.09652,41,45,14
GRC,Greece,1997,28,0.09565,41,45,13
GRC,Greece,1998,28,0.09388,41,45,13
GRC,Greece,1999,28,0.09086,41,45,13
GRC,Greece,2000,29,0.09207,42,46,13
GRC,Greece,2001,29,0.09058,42,46,13
GRC,Greece,2002,29,0.0916,42,46,13
GRC,Greece,2003,29,0.09166,42,46,13
GRC,Greece,2004,29,0.09374,43,46,14
GRC,Greece,2005,30,0.09796,42,45,12
GRC,Greece,2006,30,0.10164,42,46,12
GRC,Greece,2007,30,0.10071,42,46,12
GRC,Greece,2008,30,0.10766,42,47,12
GRC,Greece,2009,31,0.10647,43,47,12
HRV,Croatia,1950,24,0.18699,45,50,21
HRV,Croatia,1951,24,0.17168,45,48,21
HRV,Croatia,1952,24,0.17897,45,50,21
HRV,Croatia,1953,23,0.18063,46,50,23
HRV,Croatia,1954,23,0.1854,45,50,22
HRV,Croatia,1955,23,0.18292,45,50,22
HRV,Croatia,1956,23,0.1799,44,47,21
HRV,Croatia,1957,23,0.16978,44,46,21
HRV,Croatia,1958,23,0.16177,43,46,20
HRV,Croatia,1959,22,0.16243,44,47,22
HRV,Croatia,1960,22,0.16409,44,48,22
HRV,Croatia,1961,22,0.16682,44,47,22
HRV,Croatia,1962,22,0.17101,43,47,21
HRV,Croatia,1963,23,0.16493,43,47,20
HRV,Croatia,1964,22,0.16693,43,50,21
HRV,Croatia,1965,22,0.17667,43,46,21
HRV,Croatia,1966,22,0.17348,43,45,21
HRV,Croatia,1967,23,0.1533,42,46,19
HRV,Croatia,1968,21,0.15516,42,45,21
HRV,Croatia,1969,21,0.15245,42,45,21
HRV,Croatia,1970,22,0.14431,42,46,20
HRV,Croatia,1971,21,0.15666,42,46,21
HRV,Croatia,1972,22,0.15689,42,45,20
HRV,Croatia,1973,22,0.15564,42,45,20
HRV,Croatia,1974,21,0.15256,42,45,21
HRV,Croatia,1975,21,0.15625,41,44,20
HRV,Croatia,1976,21,0.15366,41,44,20
HRV,Croatia,1977,21,0.16007,41,44,20
HRV,Croatia,1978,22,0.16355,41,45,19
HRV,Croatia,1979,22,0.16742,40,50,18
HRV,Croatia,1980,22,0.16797,40,50,18
HRV,Croatia,1981,22,0.16831,40,50,18
HRV,Croatia,1982,22,0.16759,40,44,18
HRV,Croatia,1983,22,0.16776,40,44,18
HRV,Croatia,1984,22,0.165,40,44,18
HRV,Croatia,1985,23,0.16,40,43,17
HRV,Croatia,1986,23,0.15292,40,44,17
HRV,Croatia,1987,22,0.15093,40,43,18
HRV,Croatia,1988,22,0.15036,40,43,18
HRV,Croatia,1989,23,0.14425,40,42,17
HRV,Croatia,1990,24,0.14216,40,42,16
HRV,Croatia,1991,24,0.12768,40,42,16
HRV,Croatia,1992,24,0.11847,40,43,16
HRV,Croatia,1993,25,0.11898,40,43,15
HRV,Croatia,1994,25,0.11753,41,43,16
HRV,Croatia,1995,25,0.12088,41,43,16
HRV,Croatia,1996,25,0.12169,42,44,17
HRV,Croatia,1997,25,0.12004,42,44,17
HRV,Croatia,1998,25,0.10462,41,44,16
HRV,Croatia,1999,25,0.0997,41,44,16
HRV,Croatia,2000,25,0.1003,41,44,16
HRV,Croatia,2001,25,0.10805,41,44,16
HRV,Croatia,2002,26,0.10628,41,44,15
HRV,Croatia,2003,26,0.10187,41,43,15
HRV,Croatia,2004,27,0.10352,41,44,14
HRV,Croatia,2005,27,0.10927,41,44,14
HRV,Croatia,2006,28,0.10563,41,44,13
HRV,Croatia,2007,28,0.10752,41,44,13
HRV,Croatia,2008,29,0.11084,42,44,13
HRV,Croatia,2009,29,0.11378,41,44,12
HRV,Croatia,2010,29,0.11574,41,44,12
HRV,Croatia,2011,29,0.10769,42,44,13
HRV,Croatia,2012,29,0.10862,42,45,13
HRV,Croatia,2013,29,0.1083,42,45,13
HRV,Croatia,2014,29,0.10924,42,45,13
HRV,Croatia,2015,29,0.10495,42,45,13
HRV,Croatia,2016,29,0.10673,42,45,13
HRV,Croatia,2017,30,0.10893,42,45,12
HRV,Croatia,2018,30,0.11354,42,45,12
HRV,Croatia,2019,30,0.1122,42,45,12
HRV,Croatia,2020,30,0.11511,43,45,13
HRV,Croatia,2021,31,0.1218,42,45,11
HRV,Croatia,2022,30,0.11956,43,45,13
HRV,Croatia,2023,30,0.11163,43,45,13
HRV,Croatia,2024,30,0.11158,43,45,13
HUN,Hungary,1938,24,0.15716,45,47,21
HUN,Hungary,1947,23,0.16475,44,47,21
HUN,Hungary,1948,23,0.17094,44,47,21
HUN,Hungary,1949,23,0.17392,45,47,22
HUN,Hungary,1950,22,0.17795,44,46,22
HUN,Hungary,1951,23,0.17602,44,46,21
HUN,Hungary,1952,22,0.17301,44,46,22
HUN,Hungary,1953,23,0.18977,44,46,21
HUN,Hungary,1954,22,0.20702,44,46,22
HUN,Hungary,1955,22,0.20503,44,46,22
HUN,Hungary,1956,22,0.19807,43,46,21
HUN,Hungary,1957,21,0.1869,43,45,22
HUN,Hungary,1958,21,0.18141,43,46,22
HUN,Hungary,1959,22,0.1737,42,45,20
HUN,Hungary,1960,21,0.16969,42,45,21
HUN,Hungary,1961,21,0.16528,42,45,21
HUN,Hungary,1962,22,0.15433,42,45,20
HUN,Hungary,1963,22,0.1506,42,44,20
HUN,Hungary,1964,22,0.15382,41,44,19
HUN,Hungary,1965,21,0.15692,41,44,20
HUN,Hungary,1966,22,0.16368,41,45,19
HUN,Hungary,1967,22,0.16856,41,44,19
HUN,Hungary,1968,22,0.17293,41,44,19
HUN,Hungary,1969,21,0.17214,41,44,20
HUN,Hungary,1970,21,0.16873,41,44,20
HUN,Hungary,1971,21,0.16839,41,44,20
HUN,Hungary,1972,21,0.16838,41,44,20
HUN,Hungary,1973,21,0.16737,41,44,20
HUN,Hungary,1974,22,0.19571,41,44,19
HUN,Hungary,1975,23,0.19274,41,44,18
HUN,Hungary,1976,21,0.18591,40,44,19
HUN,Hungary,1977,22,0.18026,41,44,19
HUN,Hungary,1978,21,0.17976,40,43,19
HUN,Hungary,1979,21,0.17577,40,44,19
HUN,Hungary,1980,21,0.1683,40,43,19
HUN,Hungary,1981,21,0.16341,40,43,19
HUN,Hungary,1982,22,0.1569,39,43,17
HUN,Hungary,1983,21,0.15317,39,43,18
HUN,Hungary,1984,22,0.15682,39,43,17
HUN,Hungary,1985,22,0.16466,39,43,17
HUN,Hungary,1986,23,0.15896,40,43,17
HUN,Hungary,1987,23,0.16048,40,43,17
HUN,Hungary,1988,23,0.15979,40,43,17
HUN,Hungary,1989,23,0.15942,40,43,17
HUN,Hungary,1990,23,0.15943,40,43,17
HUN,Hungary,1991,23,0.16122,40,43,17
HUN,Hungary,1992,24,0.14855,40,43,16
HUN,Hungary,1993,24,0.13695,40,43,16
HUN,Hungary,1994,25,0.13246,40,43,15
HUN,Hungary,1995,24,0.12502,40,43,16
HUN,Hungary,1996,24,0.11338,40,43,16
HUN,Hungary,1997,25,0.10587,40,43,15
HUN,Hungary,1998,26,0.1033,40,43,14
HUN,Hungary,1999,25,0.09645,40,43,15
HUN,Hungary,2000,26,0.10076,40,43,14
HUN,Hungary,2001,27,0.09735,41,44,14
HUN,Hungary,2002,28,0.09595,41,44,13
HUN,Hungary,2003,28,0.09308,41,43,13
HUN,Hungary,2004,28,0.09625,41,43,13
HUN,Hungary,2005,28,0.09796,41,43,13
HUN,Hungary,2006,29,0.09882,41,44,12
HUN,Hungary,2007,29,0.09742,41,44,12
HUN,Hungary,2008,29,0.09798,42,44,13
HUN,Hungary,2009,29,0.09499,42,44,13
HUN,Hungary,2010,30,0.08955,42,44,12
HUN,Hungary,2011,29,0.08889,42,44,13
HUN,Hungary,2012,30,0.09417,42,44,12
HUN,Hungary,2013,30,0.09186,42,44,12
HUN,Hungary,2014,30,0.0979,42,44,12
HUN,Hungary,2015,30,0.09802,42,45,12
HUN,Hungary,2016,31,0.101,42,44,11
HUN,Hungary,2017,31,0.09939,43,45,12
HUN,Hungary,2018,31,0.09773,42,45,11
HUN,Hungary,2019,30,0.09534,43,45,13
HUN,Hungary,2020,31,0.10013,43,45,12
HUN,Hungary,2021,30,0.10592,44,47,14
HUN,Hungary,2022,30,0.10345,44,47,14
HUN,Hungary,2023,30,0.10118,44,47,14
HUN,Hungary,2024,30,0.09333,44,47,14
IRL,Ireland,1955,30,0.20683000000000001,45,48,15
IRL,Ireland,1956,30,0.20451,45,47,15
IRL,Ireland,1957,30,0.21367,46,47,16
IRL,Ireland,1958,30,0.22008,46,47,16
IRL,Ireland,1959,29,0.22148,46,47,17
IRL,Ireland,1960,30,0.22894,46,47,16
IRL,Ireland,1961,28,0.23091,46,48,18
IRL,Ireland,1962,30,0.23719,46,47,16
IRL,Ireland,1963,30,0.25285,46,47,16
IRL,Ireland,1964,29,0.25032,46,47,17
IRL,Ireland,1965,28,0.24503,45,47,17
IRL,Ireland,1966,29,0.24047,46,48,17
IRL,Ireland,1967,27,0.23677,46,47,19
IRL,Ireland,1968,29,0.23099,46,47,17
IRL,Ireland,1969,26,0.23809,46,47,20
IRL,Ireland,1970,27,0.2391,46,47,19
IRL,Ireland,1971,27,0.246,45,48,18
IRL,Ireland,1972,26,0.2392,45,47,19
IRL,Ireland,1973,27,0.2293,45,48,18
IRL,Ireland,1974,26,0.22576,45,49,19
IRL,Ireland,1975,28,0.21003,45,47,17
IRL,Ireland,1976,27,0.21012,45,47,18
IRL,Ireland,1977,29,0.20252,45,47,16
IRL,Ireland,1978,27,0.2021,45,47,18
IRL,Ireland,1979,26,0.20869,45,47,19
IRL,Ireland,1980,27,0.21161,45,46,18
IRL,Ireland,1981,28,0.20061,45,47,17
IRL,Ireland,1982,29,0.19266,45,47,16
IRL,Ireland,1983,28,0.1834,44,47,16
IRL,Ireland,1984,29,0.17419,44,47,15
IRL,Ireland,1985,28,0.1673,44,46,16
IRL,Ireland,1986,28,0.16549,44,46,16
IRL,Ireland,1987,29,0.16197,44,46,15
IRL,Ireland,1988,28,0.15375,44,46,16
IRL,Ireland,1989,29,0.15054,44,46,15
IRL,Ireland,1990,29,0.157,43,46,14
IRL,Ireland,1991,28,0.14731,44,45,16
IRL,Ireland,1992,30,0.14241,43,46,13
IRL,Ireland,1993,30,0.14259,43,46,13
IRL,Ireland,1994,30,0.13851,43,45,13
IRL,Ireland,1995,30,0.14183,43,46,13
IRL,Ireland,1996,31,0.13866,43,45,12
IRL,Ireland,1997,30,0.14349,43,45,13
IRL,Ireland,1998,31,0.14363,43,45,12
IRL,Ireland,1999,31,0.13929,43,45,12
IRL,Ireland,2000,31,0.13559,43,45,12
IRL,Ireland,2001,31,0.13879,43,45,12
IRL,Ireland,2002,32,0.14077,43,45,11
IRL,Ireland,2003,32,0.13687,43,45,11
IRL,Ireland,2004,33,0.13474,43,45,10
IRL,Ireland,2005,33,0.13432,43,45,10
IRL,Ireland,2006,32,0.13478,43,46,11
IRL,Ireland,2007,32,0.14305,43,46,11
IRL,Ireland,2008,32,0.14411,43,46,11
IRL,Ireland,2009,32,0.14217,44,46,12
IRL,Ireland,2010,33,0.14409,44,46,11
IRL,Ireland,2011,32,0.14305,43,46,11
IRL,Ireland,2012,33,0.13668,44,46,11
IRL,Ireland,2013,33,0.13339,44,46,11
IRL,Ireland,2014,32,0.13177,44,47,12
IRL,Ireland,2015,33,0.13197,44,46,11
IRL,Ireland,2016,33,0.13226,44,47,11
IRL,Ireland,2017,33,0.12908,44,47,11
IRL,Ireland,2018,33,0.12499,44,47,11
IRL,Ireland,2019,33,0.13063,44,47,11
IRL,Ireland,2020,33,0.12544,44,47,11
IRL,Ireland,2021,34,0.13801,44,47,10
IRL,Ireland,2022,34,0.11887,44,47,10
IRL,Ireland,2023,32,0.1112,45,47,13
ISL,Iceland,1853,32,0.31308,48,49,16
ISL,Iceland,1854,32,0.29974,48,49,16
ISL,Iceland,1855,33,0.28661,48,49,15
ISL,Iceland,1856,31,0.28471,47,49,16
ISL,Iceland,1857,33,0.28609,48,49,15
ISL,Iceland,1858,32,0.30484,48,49,16
ISL,Iceland,1859,32,0.27434,48,49,16
ISL,Iceland,1860,31,0.26978,47,49,16
ISL,Iceland,1861,31,0.25456,48,49,17
ISL,Iceland,1862,31,0.2658,48,49,17
ISL,Iceland,1863,32,0.26421,48,49,16
ISL,Iceland,1864,32,0.26986,48,49,16
ISL,Iceland,1865,31,0.26628,48,49,17
ISL,Iceland,1866,31,0.26012,48,49,17
ISL,Iceland,1867,30,0.26224,48,49,18
ISL,Iceland,1868,33,0.22849,47,49,14
ISL,Iceland,1869,31,0.24013,47,49,16
ISL,Iceland,1870,31,0.24453,47,49,16
ISL,Iceland,1871,32,0.23767,47,49,15
ISL,Iceland,1872,31,0.24894,47,49,16
ISL,Iceland,1873,31,0.25208,48,49,17
ISL,Iceland,1874,34,0.21792,48,49,14
ISL,Iceland,1875,32,0.23813,48,49,16
ISL,Iceland,1876,34,0.25043,48,49,14
ISL,Iceland,1877,32,0.24082,47,49,15
ISL,Iceland,1878,32,0.27534,47,49,15
ISL,Iceland,1879,31,0.24513,47,48,16
ISL,Iceland,1880,31,0.25533,47,49,16
ISL,Iceland,1881,32,0.24702,47,49,15
ISL,Iceland,1882,31,0.23958,47,48,16
ISL,Iceland,1883,34,0.21587,47,49,13
ISL,Iceland,1884,32,0.23377,47,48,15
ISL,Iceland,1885,32,0.21949,47,49,15
ISL,Iceland,1886,34,0.19355,47,49,13
ISL,Iceland,1887,34,0.18947,47,49,13
ISL,Iceland,1888,30,0.19522,47,48,17
ISL,Iceland,1889,31,0.23091,47,48,16
ISL,Iceland,1890,31,0.21689,47,48,16
ISL,Iceland,1891,31,0.24481,47,48,16
ISL,Iceland,1892,31,0.21311,47,48,16
ISL,Iceland,1893,31,0.23286,47,49,16
ISL,Iceland,1894,31,0.22549,47,49,16
ISL,Iceland,1895,31,0.2446,47,49,16
ISL,Iceland,1896,34,0.21689,47,49,13
ISL,Iceland,1897,30,0.23361,47,49,17
ISL,Iceland,1898,30,0.21527,47,48,17
ISL,Iceland,1899,30,0.21977,47,48,17
ISL,Iceland,1900,35,0.19684,47,48,12
ISL,Iceland,1901,31,0.20475,47,48,16
ISL,Iceland,1902,30,0.22441,47,48,17
ISL,Iceland,1903,31,0.21759,47,48,16
ISL,Iceland,1904,30,0.23256,47,48,17
ISL,Iceland,1905,28,0.21924,47,48,19
ISL,Iceland,1906,30,0.22552,47,48,17
ISL,Iceland,1907,30,0.2204,47,48,17
ISL,Iceland,1908,29,0.20974,47,48,18
ISL,Iceland,1909,30,0.22094,47,48,17
ISL,Iceland,1910,31,0.19797,47,48,16
ISL,Iceland,1911,31,0.20843,47,48,16
ISL,Iceland,1912,31,0.19796,47,48,16
ISL,Iceland,1913,33,0.19099,47,48,14
ISL,Iceland,1914,30,0.2084,47,48,17
ISL,Iceland,1915,30,0.21117,47,48,17
ISL,Iceland,1916,30,0.19796,47,48,17
ISL,Iceland,1917,30,0.19623,47,48,17
ISL,Iceland,1918,30,0.20823,47,48,17
ISL,Iceland,1919,29,0.19985,47,49,18
ISL,Iceland,1920,28,0.21368,47,48,19
ISL,Iceland,1921,28,0.21706,47,48,19
ISL,Iceland,1922,29,0.20411,47,48,18
ISL,Iceland,1923,30,0.21281,47,48,17
ISL,Iceland,1924,29,0.18875,47,48,18
ISL,Iceland,1925,30,0.19601,47,48,17
ISL,Iceland,1926,30,0.20766,47,48,17
ISL,Iceland,1927,29,0.19068,47,48,18
ISL,Iceland,1928,30,0.17911,47,48,17
ISL,Iceland,1929,29,0.17063999999999999,47,48,18
ISL,Iceland,1930,29,0.18701,47,48,18
ISL,Iceland,1931,25,0.17904,47,48,22
ISL,Iceland,1932,30,0.16546,47,48,17
ISL,Iceland,1933,25,0.15177,47,48,22
ISL,Iceland,1934,30,0.15278,47,48,17
ISL,Iceland,1935,25,0.15462,46,48,21
ISL,Iceland,1936,25,0.16903,47,48,22
ISL,Iceland,1937,24,0.148,46,48,22
ISL,Iceland,1938,25,0.15437,46,48,21
ISL,Iceland,1939,25,0.14712,46,48,21
ISL,Iceland,1940,24,0.15355,46,48,22
ISL,Iceland,1941,25,0.16442,46,48,21
ISL,Iceland,1942,24,0.18082,46,48,22
ISL,Iceland,1943,25,0.18466,46,48,21
ISL,Iceland,1944,24,0.18104,46,48,22
ISL,Iceland,1945,25,0.1963,46,48,21
ISL,Iceland,1946,24,0.19287,46,48,22
ISL,Iceland,1947,24,0.20048,46,48,22
ISL,Iceland,1948,25,0.21597,46,48,21
ISL,Iceland,1949,25,0.19939,46,48,21
ISL,Iceland,1950,24,0.20827,46,48,22
ISL,Iceland,1951,23,0.20821,46,48,23
ISL,Iceland,1952,23,0.22039,46,48,23
ISL,Iceland,1953,23,0.23389,46,48,23
ISL,Iceland,1954,22,0.23355,46,48,24
ISL,Iceland,1955,24,0.24005,46,48,22
ISL,Iceland,1956,23,0.24598,46,48,23
ISL,Iceland,1957,24,0.2475,46,48,22
ISL,Iceland,1958,22,0.2488,46,48,24
ISL,Iceland,1959,23,0.25433,46,48,23
ISL,Iceland,1960,19,0.26108,45,46,26
ISL,Iceland,1961,21,0.23953,45,46,24
ISL,Iceland,1962,25,0.23476,45,46,20
ISL,Iceland,1963,22,0.27068,44,46,22
ISL,Iceland,1964,24,0.23245,45,48,21
ISL,Iceland,1965,24,0.2277,45,48,21
ISL,Iceland,1966,22,0.23612,46,49,24
ISL,Iceland,1967,23,0.21784,45,48,22
ISL,Iceland,1968,21,0.21464,45,48,24
ISL,Iceland,1969,21,0.18768,44,45,23
ISL,Iceland,1970,22,0.17526,44,46,22
ISL,Iceland,1971,23,0.19143,44,47,21
ISL,Iceland,1972,24,0.20394,44,46,20
ISL,Iceland,1973,22,0.20619,44,48,22
ISL,Iceland,1974,23,0.1763,44,45,21
ISL,Iceland,1975,24,0.1827,44,45,20
ISL,Iceland,1976,21,0.1632,44,45,23
ISL,Iceland,1977,23,0.15819,42,46,19
ISL,Iceland,1978,25,0.15619,42,45,17
ISL,Iceland,1979,24,0.17,42,47,18
ISL,Iceland,1980,23,0.15968,42,45,19
ISL,Iceland,1981,21,0.1489,43,44,22
ISL,Iceland,1982,23,0.15139,43,44,20
ISL,Iceland,1983,23,0.15089,41,44,18
ISL,Iceland,1984,24,0.14211,41,43,17
ISL,Iceland,1985,24,0.1327,41,45,17
ISL,Iceland,1986,24,0.13744,42,44,18
ISL,Iceland,1987,23,0.13966,42,45,19
ISL,Iceland,1988,27,0.15558,42,44,15
ISL,Iceland,1989,26,0.14894,42,45,16
ISL,Iceland,1990,25,0.14934,41,44,16
ISL,Iceland,1991,27,0.15194,43,44,16
ISL,Iceland,1992,28,0.1488,43,44,15
ISL,Iceland,1993,28,0.16135,42,44,14
ISL,Iceland,1994,27,0.14886,42,44,15
ISL,Iceland,1995,27,0.14264,42,45,15
ISL,Iceland,1996,27,0.15442,42,46,15
ISL,Iceland,1997,30,0.13674,43,44,13
ISL,Iceland,1998,28,0.15107,43,44,15
ISL,Iceland,1999,31,0.12718,42,44,11
ISL,Iceland,2000,28,0.14317,42,46,14
ISL,Iceland,2001,28,0.14038,43,44,15
ISL,Iceland,2002,28,0.13744,42,46,14
ISL,Iceland,2003,28,0.14424,43,43,15
ISL,Iceland,2004,28,0.1556,43,45,15
ISL,Iceland,2005,27,0.13715,42,45,15
ISL,Iceland,2006,27,0.14205,43,44,16
ISL,Iceland,2007,28,0.14321,43,45,15
ISL,Iceland,2008,28,0.15012,43,46,15
ISL,Iceland,2009,30,0.154,43,45,13
ISL,Iceland,2010,29,0.15287,43,44,14
ISL,Iceland,2011,29,0.15139,43,48,14
ISL,Iceland,2012,27,0.15494,43,46,16
ISL,Iceland,2013,27,0.13741,44,46,17
ISL,Iceland,2014,30,0.14257,42,46,12
ISL,Iceland,2015,29,0.13274,43,47,14
ISL,Iceland,2016,30,0.14111,42,48,12
ISL,Iceland,2017,29,0.13277,43,46,14
ISL,Iceland,2018,29,0.1346,44,46,15
ISL,Iceland,2019,31,0.12777,42,49,11
ISL,Iceland,2020,30,0.14302,43,46,13
ISL,Iceland,2021,28,0.14456,44,45,16
ISL,Iceland,2022,30,0.12609,43,49,13
ISL,Iceland,2023,30,0.1222,43,46,13
ISL,Iceland,2024,30,0.11156,45,48,15
ITA,Italy,1930,28,0.18574,47,48,19
ITA,Italy,1931,28,0.1731,47,48,19
ITA,Italy,1932,28,0.16675,46,48,18
ITA,Italy,1933,28,0.16564,46,48,18
ITA,Italy,1934,28,0.16348,46,48,18
ITA,Italy,1935,27,0.16368,46,48,19
ITA,Italy,1936,28,0.15906,46,48,18
ITA,Italy,1937,27,0.1628,46,48,19
ITA,Italy,1938,26,0.16741,46,48,20
ITA,Italy,1939,26,0.1691,46,48,20
ITA,Italy,1940,26,0.17144,46,48,20
ITA,Italy,1941,28,0.15117,46,48,18
ITA,Italy,1942,28,0.14579,46,48,18
ITA,Italy,1943,29,0.14025,46,48,17
ITA,Italy,1944,29,0.12756,46,48,17
ITA,Italy,1945,28,0.12722,46,48,18
ITA,Italy,1946,28,0.17939,46,48,18
ITA,Italy,1947,27,0.17048,46,48,19
ITA,Italy,1948,26,0.16801,46,48,20
ITA,Italy,1949,27,0.15545,46,48,19
ITA,Italy,1950,26,0.14963,46,48,20
ITA,Italy,1951,26,0.14197,46,48,20
ITA,Italy,1952,26,0.14372,45,47,19
ITA,Italy,1953,26,0.14459,45,47,19
ITA,Italy,1954,26,0.14977,45,47,19
ITA,Italy,1955,27,0.14707,45,47,18
ITA,Italy,1956,26,0.15134,45,47,19
ITA,Italy,1957,26,0.15241,45,47,19
ITA,Italy,1958,26,0.15254,44,47,18
ITA,Italy,1959,26,0.16053,44,47,18
ITA,Italy,1960,26,0.16574,44,47,18
ITA,Italy,1961,26,0.16675,44,47,18
ITA,Italy,1962,26,0.1695,44,46,18
ITA,Italy,1963,25,0.17598,44,46,19
ITA,Italy,1964,25,0.18498,44,46,19
ITA,Italy,1965,26,0.18223,44,47,18
ITA,Italy,1966,26,0.17878,44,47,18
ITA,Italy,1967,26,0.17358,44,46,18
ITA,Italy,1968,25,0.17162,44,46,19
ITA,Italy,1969,25,0.17447,44,46,19
ITA,Italy,1970,24,0.17069,44,46,20
ITA,Italy,1971,25,0.17364,44,46,19
ITA,Italy,1972,25,0.1695,44,46,19
ITA,Italy,1973,25,0.16615,43,46,18
ITA,Italy,1974,24,0.16267,44,46,20
ITA,Italy,1975,25,0.1562,43,46,18
ITA,Italy,1976,25,0.14853,43,46,18
ITA,Italy,1977,25,0.14276,43,46,18
ITA,Italy,1978,24,0.13635,43,45,19
ITA,Italy,1979,25,0.13003,42,45,17
ITA,Italy,1980,25,0.12569,42,45,17
ITA,Italy,1981,25,0.11781,42,45,17
ITA,Italy,1982,25,0.1189,42,44,17
ITA,Italy,1983,26,0.11373,41,44,15
ITA,Italy,1984,26,0.11051,41,44,15
ITA,Italy,1985,26,0.10876,41,44,15
ITA,Italy,1986,26,0.10404,41,44,15
ITA,Italy,1987,27,0.10243,41,44,14
ITA,Italy,1988,27,0.10487,41,44,14
ITA,Italy,1989,27,0.10201,41,44,14
ITA,Italy,1990,27,0.10294,41,44,14
ITA,Italy,1991,28,0.10032,41,44,13
ITA,Italy,1992,28,0.09989,42,44,14
ITA,Italy,1993,29,0.09568,41,44,12
ITA,Italy,1994,29,0.09276,42,44,13
ITA,Italy,1995,29,0.09035,42,44,13
ITA,Italy,1996,29,0.09399,42,44,13
ITA,Italy,1997,29,0.09787,42,45,13
ITA,Italy,1998,30,0.0942,42,44,12
ITA,Italy,1999,30,0.09316,42,44,12
ITA,Italy,2000,30,0.09438,42,44,12
ITA,Italy,2001,30,0.09293,42,44,12
ITA,Italy,2002,30,0.09465,42,44,12
ITA,Italy,2003,31,0.09482,42,44,11
ITA,Italy,2004,31,0.09719,42,45,11
ITA,Italy,2005,31,0.09443,42,45,11
ITA,Italy,2006,31,0.09629,43,45,12
ITA,Italy,2007,31,0.09717,43,45,12
ITA,Italy,2008,32,0.09948,43,45,11
ITA,Italy,2009,32,0.09896,43,45,11
ITA,Italy,2010,32,0.09921,43,46,11
ITA,Italy,2011,31,0.09837,43,46,12
ITA,Italy,2012,31,0.09818,43,46,12
ITA,Italy,2013,31,0.09704,43,46,12
ITA,Italy,2014,32,0.09756,43,46,11
ITA,Italy,2015,31,0.09598,43,46,12
ITA,Italy,2016,31,0.09581,43,46,12
ITA,Italy,2017,32,0.09439,44,47,12
ITA,Italy,2018,32,0.0929,44,47,12
ITA,Italy,2019,32,0.09079,44,47,12
ITA,Italy,2020,32,0.09064,44,47,12
ITA,Italy,2021,32,0.09109,44,47,12
ITA,Italy,2022,32,0.09174,44,47,12
ITA,Italy,2023,32,0.08897,44,47,12
ITA,Italy,2024,33,0.08705,44,50,11
JPN,Japan,1925,25,0.25803,47,48,22
JPN,Japan,1926,25,0.255138,47,48,22
JPN,Japan,1927,25,0.25224599999999997,47,48,22
JPN,Japan,1928,25,0.249354,47,48,22
JPN,Japan,1929,25,0.246462,47,48,22
JPN,Japan,1930,25,0.24357,47,48,22
JPN,Japan,1937,26,0.2379,47,48,21
JPN,Japan,1938,26,0.20674,47,48,21
JPN,Japan,1939,27,0.20693,47,48,20
JPN,Japan,1940,28,0.23693,47,48,19
JPN,Japan,1947,26,0.28205,46,55,20
JPN,Japan,1948,25,0.26999,46,49,21
JPN,Japan,1949,26,0.27991,45,48,19
JPN,Japan,1950,26,0.24996,45,47,19
JPN,Japan,1951,26,0.22876,44,46,18
JPN,Japan,1952,26,0.21868,44,46,18
JPN,Japan,1953,25,0.20594,44,46,19
JPN,Japan,1954,26,0.19845,43,46,17
JPN,Japan,1955,26,0.19896,43,45,17
JPN,Japan,1956,26,0.19581,43,45,17
JPN,Japan,1957,25,0.18872,42,45,17
JPN,Japan,1958,26,0.20546,42,45,16
JPN,Japan,1959,26,0.20382,42,45,16
JPN,Japan,1960,25,0.20369,41,44,16
JPN,Japan,1961,26,0.20627,41,44,15
JPN,Japan,1962,25,0.20864,41,44,16
JPN,Japan,1963,26,0.21446,40,44,14
JPN,Japan,1964,26,0.21823,40,43,14
JPN,Japan,1965,26,0.2259,40,43,14
JPN,Japan,1966,25,0.17049,40,43,15
JPN,Japan,1967,26,0.24592,40,43,14
JPN,Japan,1968,26,0.22907,40,43,14
JPN,Japan,1969,26,0.23118,40,43,14
JPN,Japan,1970,26,0.23328,40,43,14
JPN,Japan,1971,26,0.23556,40,43,14
JPN,Japan,1972,25,0.22771,40,43,15
JPN,Japan,1973,26,0.23198,40,43,14
JPN,Japan,1974,26,0.22602,39,43,13
JPN,Japan,1975,26,0.21686,39,43,13
JPN,Japan,1976,26,0.21196,39,42,13
JPN,Japan,1977,26,0.20302,39,42,13
JPN,Japan,1978,26,0.20512,39,42,13
JPN,Japan,1979,26,0.20278,39,42,13
JPN,Japan,1980,26,0.20164,39,42,13
JPN,Japan,1981,26,0.19906,39,42,13
JPN,Japan,1982,26,0.20075,39,42,13
JPN,Japan,1983,27,0.20098,39,42,12
JPN,Japan,1984,27,0.19814,39,42,12
JPN,Japan,1985,27,0.19468,39,42,12
JPN,Japan,1986,27,0.18624,39,42,12
JPN,Japan,1987,28,0.17998,39,42,11
JPN,Japan,1988,28,0.17335,39,42,11
JPN,Japan,1989,28,0.16251,39,42,11
JPN,Japan,1990,28,0.15696,40,42,12
JPN,Japan,1991,28,0.15474,40,42,12
JPN,Japan,1992,28,0.14928,40,42,12
JPN,Japan,1993,28,0.14704,40,43,12
JPN,Japan,1994,29,0.14926,40,43,11
JPN,Japan,1995,29,0.13094,40,43,11
JPN,Japan,1996,28,0.13474,40,43,12
JPN,Japan,1997,29,0.13149,40,43,11
JPN,Japan,1998,29,0.12528,40,43,11
JPN,Japan,1999,29,0.11918,40,43,11
JPN,Japan,2000,29,0.11753,41,43,12
JPN,Japan,2001,29,0.11272,41,43,12
JPN,Japan,2002,29,0.11034,41,43,12
JPN,Japan,2003,29,0.10721,41,43,12
JPN,Japan,2004,29,0.10494,41,43,12
JPN,Japan,2005,29,0.10044,41,43,12
JPN,Japan,2006,29,0.1039,41,43,12
JPN,Japan,2007,30,0.10443,41,44,11
JPN,Japan,2008,30,0.10493,41,44,11
JPN,Japan,2009,30,0.10506,42,44,12
JPN,Japan,2010,30,0.10513,42,44,12
JPN,Japan,2011,29,0.10541,42,44,13
JPN,Japan,2012,30,0.10707,42,44,12
JPN,Japan,2013,30,0.10814,42,44,12
JPN,Japan,2014,30,0.10771,42,44,12
JPN,Japan,2015,30,0.11097,42,44,12
JPN,Japan,2016,30,0.10928,43,44,13
JPN,Japan,2017,30,0.10957,43,44,13
JPN,Japan,2018,30,0.10877,43,44,13
JPN,Japan,2019,30,0.10495,43,45,13
JPN,Japan,2020,30,0.10372,43,45,13
JPN,Japan,2021,30,0.10212,43,45,13
JPN,Japan,2022,30,0.10068,43,45,13
JPN,Japan,2023,31,0.09665,43,45,12
JPN,Japan,2024,30,0.09249,43,45,13
KOR,Republic of Korea,1960,26,0.36424,47,49,21
KOR,Republic of Korea,1961,25,0.33572,48,49,23
KOR,Republic of Korea,1962,28,0.31425,47,49,19
KOR,Republic of Korea,1963,26,0.33498,47,49,21
KOR,Republic of Korea,1964,27,0.30999,47,48,20
KOR,Republic of Korea,1965,27,0.29684,47,48,20
KOR,Republic of Korea,1966,26,0.33915,47,48,21
KOR,Republic of Korea,1967,27,0.283,46,48,19
KOR,Republic of Korea,1968,26,0.34464,46,48,20
KOR,Republic of Korea,1969,27,0.32332,46,48,19
KOR,Republic of Korea,1970,26,0.31749,46,48,20
KOR,Republic of Korea,1971,26,0.36113,46,48,20
KOR,Republic of Korea,1972,26,0.32385,45,47,19
KOR,Republic of Korea,1973,26,0.31301,46,48,20
KOR,Republic of Korea,1974,26,0.28703,45,47,19
KOR,Republic of Korea,1975,26,0.28325,45,47,19
KOR,Republic of Korea,1976,26,0.2654,44,46,18
KOR,Republic of Korea,1977,26,0.27129,43,46,17
KOR,Republic of Korea,1978,26,0.25796,42,45,16
KOR,Republic of Korea,1979,26,0.2778,41,44,15
KOR,Republic of Korea,1980,26,0.26356,41,43,15
KOR,Republic of Korea,1981,25,0.27246,41,43,16
KOR,Republic of Korea,1982,25,0.25191,40,42,15
KOR,Republic of Korea,1983,25,0.22773,41,43,16
KOR,Republic of Korea,1984,25,0.18878,38,42,13
KOR,Republic of Korea,1985,25,0.18791,37,42,12
KOR,Republic of Korea,1986,25,0.18903,36,42,11
KOR,Republic of Korea,1987,25,0.18344,36,40,11
KOR,Republic of Korea,1988,26,0.19139,36,40,10
KOR,Republic of Korea,1989,26,0.19701,36,39,10
KOR,Republic of Korea,1990,26,0.20175,36,39,10
KOR,Republic of Korea,1991,26,0.21057,38,42,12
KOR,Republic of Korea,1992,26,0.21513,38,42,12
KOR,Republic of Korea,1993,26,0.20928,39,42,13
KOR,Republic of Korea,1994,26,0.21193,39,42,13
KOR,Republic of Korea,1995,27,0.2122,39,42,12
KOR,Republic of Korea,1996,27,0.20385,39,43,12
KOR,Republic of Korea,1997,27,0.19245,39,43,12
KOR,Republic of Korea,1998,27,0.17673,39,43,12
KOR,Republic of Korea,1999,27,0.17147,39,43,12
KOR,Republic of Korea,2000,28,0.16999,40,43,12
KOR,Republic of Korea,2001,28,0.15125,40,43,12
KOR,Republic of Korea,2002,28,0.13277,39,43,11
KOR,Republic of Korea,2003,28,0.13782,40,43,12
KOR,Republic of Korea,2004,29,0.13335,40,43,11
KOR,Republic of Korea,2005,29,0.12277,40,43,11
KOR,Republic of Korea,2006,30,0.12625,40,43,10
KOR,Republic of Korea,2007,29,0.14029,40,43,11
KOR,Republic of Korea,2008,30,0.1332,40,43,10
KOR,Republic of Korea,2009,30,0.12638,40,43,10
KOR,Republic of Korea,2010,30,0.134,41,43,11
KOR,Republic of Korea,2011,31,0.13283,41,43,10
KOR,Republic of Korea,2012,31,0.13377,41,43,10
KOR,Republic of Korea,2013,31,0.12341,41,43,10
KOR,Republic of Korea,2014,31,0.12542,41,44,10
KOR,Republic of Korea,2015,31,0.12779,41,44,10
KOR,Republic of Korea,2016,31,0.11986,41,44,10
KOR,Republic of Korea,2017,32,0.10615,41,44,9
KOR,Republic of Korea,2018,32,0.09958,42,44,10
KOR,Republic of Korea,2019,32,0.09475,42,44,10
KOR,Republic of Korea,2020,32,0.08594,42,44,10
KOR,Republic of Korea,2021,33,0.08385,42,44,9
KOR,Republic of Korea,2022,32,0.08146,42,44,10
KOR,Republic of Korea,2023,33,0.07563,42,44,9
KOR,Republic of Korea,2024,33,0.0812,42,44,9
LTU,Lithuania,1959,24,0.16905,45,49,21
LTU,Lithuania,1960,25,0.16487,45,48,20
LTU,Lithuania,1961,25,0.16813,45,49,20
LTU,Lithuania,1962,24,0.15618,45,49,21
LTU,Lithuania,1963,25,0.15629,45,47,20
LTU,Lithuania,1964,23,0.13943,45,48,22
LTU,Lithuania,1965,25,0.15166,44,47,19
LTU,Lithuania,1966,25,0.16221,45,47,20
LTU,Lithuania,1967,26,0.15645,44,47,18
LTU,Lithuania,1968,24,0.16171,44,47,20
LTU,Lithuania,1969,24,0.17204,44,47,20
LTU,Lithuania,1970,23,0.17891,43,46,20
LTU,Lithuania,1971,22,0.18511,44,47,22
LTU,Lithuania,1972,23,0.18691,44,46,21
LTU,Lithuania,1973,23,0.17093,44,45,21
LTU,Lithuania,1974,23,0.1756,43,46,20
LTU,Lithuania,1975,23,0.17193,43,45,20
LTU,Lithuania,1976,23,0.17256,43,46,20
LTU,Lithuania,1977,22,0.16985,43,46,21
LTU,Lithuania,1978,23,0.16588,43,45,20
LTU,Lithuania,1979,22,0.17306,43,45,21
LTU,Lithuania,1980,22,0.17392,42,45,20
LTU,Lithuania,1981,24,0.1715,43,46,19
LTU,Lithuania,1982,24,0.16878,43,46,19
LTU,Lithuania,1983,23,0.18394,43,46,20
LTU,Lithuania,1984,24,0.17729,43,45,19
LTU,Lithuania,1985,24,0.17858,42,45,18
LTU,Lithuania,1986,22,0.17516,42,45,20
LTU,Lithuania,1987,22,0.17366,42,45,20
LTU,Lithuania,1988,22,0.17608,42,45,20
LTU,Lithuania,1989,22,0.17812,41,44,19
LTU,Lithuania,1990,22,0.18091,41,44,19
LTU,Lithuania,1991,22,0.17593,41,44,19
LTU,Lithuania,1992,22,0.17439,41,43,19
LTU,Lithuania,1993,22,0.14571,41,44,19
LTU,Lithuania,1994,22,0.13061,40,43,18
LTU,Lithuania,1995,22,0.12584,40,43,18
LTU,Lithuania,1996,22,0.12026,41,44,19
LTU,Lithuania,1997,22,0.11531,40,44,18
LTU,Lithuania,1998,22,0.11335,40,43,18
LTU,Lithuania,1999,22,0.11131,41,44,19
LTU,Lithuania,2000,23,0.10547,40,43,17
LTU,Lithuania,2001,25,0.10065,41,44,16
LTU,Lithuania,2002,24,0.09326,41,44,17
LTU,Lithuania,2003,25,0.09709,41,44,16
LTU,Lithuania,2004,25,0.09508,41,44,16
LTU,Lithuania,2005,26,0.09802,41,44,15
LTU,Lithuania,2006,26,0.09882,41,44,15
LTU,Lithuania,2007,28,0.10125,41,44,13
LTU,Lithuania,2008,27,0.11033,41,44,14
LTU,Lithuania,2009,27,0.11906,41,44,14
LTU,Lithuania,2010,27,0.12349,41,44,14
LTU,Lithuania,2011,28,0.124,41,44,13
LTU,Lithuania,2012,28,0.12837,42,44,14
LTU,Lithuania,2013,28,0.12659,42,44,14
LTU,Lithuania,2014,28,0.12442,42,44,14
LTU,Lithuania,2015,29,0.12845,42,44,13
LTU,Lithuania,2016,29,0.13311,42,45,13
LTU,Lithuania,2017,28,0.12712,42,44,14
LTU,Lithuania,2018,29,0.12658,42,45,13
LTU,Lithuania,2019,29,0.12294,42,44,13
LTU,Lithuania,2020,31,0.11269,43,45,12
LTU,Lithuania,2021,30,0.10096,43,46,13
LTU,Lithuania,2022,29,0.09456,43,46,14
LTU,Lithuania,2023,30,0.0873,43,46,13
LTU,Lithuania,2024,30,0.08211,43,46,13
LVA,Latvia,1965,24,0.12498,43,45,19
LVA,Latvia,1966,24,0.130544,42,45,18
LVA,Latvia,1967,24,0.136108,42,45,18
LVA,Latvia,1968,23,0.142418,42,45,19
LVA,Latvia,1969,23,0.149314,42,44,19
LVA,Latvia,1970,23,0.15621,42,44,19
LVA,Latvia,1971,23,0.159,42,44,19
LVA,Latvia,1972,23,0.15851,42,44,19
LVA,Latvia,1973,23,0.15573,42,44,19
LVA,Latvia,1974,23,0.15756,42,44,19
LVA,Latvia,1975,23,0.15857,42,44,19
LVA,Latvia,1976,23,0.15719,42,44,19
LVA,Latvia,1977,22,0.15536,42,44,20
LVA,Latvia,1978,22,0.15522,41,43,19
LVA,Latvia,1979,22,0.15958,41,43,19
LVA,Latvia,1980,22,0.16272,41,43,19
LVA,Latvia,1981,22,0.16134,41,43,19
LVA,Latvia,1982,22,0.17029,41,43,19
LVA,Latvia,1983,22,0.17968,41,43,19
LVA,Latvia,1984,22,0.18002,41,43,19
LVA,Latvia,1985,22,0.17646,41,43,19
LVA,Latvia,1986,22,0.18495,41,43,19
LVA,Latvia,1987,22,0.18236,41,43,19
LVA,Latvia,1988,22,0.18358,42,43,20
LVA,Latvia,1989,22,0.17574,41,43,19
LVA,Latvia,1990,21,0.1736,41,43,20
LVA,Latvia,1991,21,0.16055,41,43,20
LVA,Latvia,1992,21,0.15126,41,43,20
LVA,Latvia,1993,21,0.13051,40,43,19
LVA,Latvia,1994,22,0.11589,41,43,19
LVA,Latvia,1995,22,0.10351,41,43,19
LVA,Latvia,1996,23,0.09429,40,43,17
LVA,Latvia,1997,23,0.08858,41,44,18
LVA,Latvia,1998,23,0.08537,41,44,18
LVA,Latvia,1999,24,0.08951,41,44,17
LVA,Latvia,2000,24,0.08989,41,44,17
LVA,Latvia,2001,24,0.085319999999999993,41,44,17
LVA,Latvia,2002,25,0.08666,41,44,16
LVA,Latvia,2003,25,0.08683,41,44,16
LVA,Latvia,2004,25,0.08238,41,44,16
LVA,Latvia,2005,26,0.08766,41,44,15
LVA,Latvia,2006,26,0.08902,41,44,15
LVA,Latvia,2007,26,0.09176,42,44,16
LVA,Latvia,2008,27,0.09262,42,44,15
LVA,Latvia,2009,26,0.0878,42,44,16
MDA,Moldova,1961,24,0.18369,46,48,22
MDA,Moldova,1979,22,0.20555,42,44,20
MDA,Moldova,1980,22,0.20113,42,44,20
MDA,Moldova,1981,22,0.20406,42,44,20
MDA,Moldova,1982,22,0.20713,42,43,20
MDA,Moldova,1983,22,0.22054,42,43,20
MDA,Moldova,1984,22,0.22498,42,43,20
MDA,Moldova,1985,23,0.22085,42,43,19
MDA,Moldova,1986,23,0.21849,42,43,19
MDA,Moldova,1987,23,0.21751,42,44,19
MDA,Moldova,1988,23,0.20528,42,44,19
MDA,Moldova,1989,22,0.2177,42,43,20
MDA,Moldova,1990,21,0.21673,41,43,20
MDA,Moldova,1991,21,0.21801,41,43,20
MDA,Moldova,1992,21,0.21243,41,42,20
MDA,Moldova,1993,21,0.19891,40,42,19
MDA,Moldova,1994,21,0.17514,40,42,19
MDA,Moldova,1995,21,0.15103,40,42,19
MDA,Moldova,1996,21,0.13441,40,43,19
MDA,Moldova,1997,22,0.13645,40,43,18
MDA,Moldova,1998,22,0.12077,40,43,18
MDA,Moldova,1999,22,0.11114,40,42,18
MDA,Moldova,2000,21,0.10891,39,42,18
MDA,Moldova,2001,22,0.10234,39,42,17
MDA,Moldova,2002,22,0.09521,39,42,17
MDA,Moldova,2003,22,0.09324,40,42,18
MDA,Moldova,2004,22,0.09473,40,42,18
MDA,Moldova,2005,23,0.09073,40,43,17
MDA,Moldova,2006,23,0.09014,40,43,17
MDA,Moldova,2007,23,0.09239,40,43,17
MDA,Moldova,2008,24,0.09196,40,43,16
MDA,Moldova,2009,24,0.09338,41,43,17
MDA,Moldova,2010,24,0.09178,41,44,17
MDA,Moldova,2011,24,0.08931,41,44,17
MDA,Moldova,2012,24,0.08848,41,44,17
MDA,Moldova,2013,24,0.08466,41,44,17
MDA,Moldova,2014,25,0.12356,41,44,16
MDA,Moldova,2015,25,0.12558,42,45,17
MDA,Moldova,2016,25,0.12418,42,45,17
MDA,Moldova,2017,25,0.11638,42,46,17
MDA,Moldova,2018,23,0.10525,42,45,19
MDA,Moldova,2019,25,0.11057,43,46,18
MDA,Moldova,2020,25,0.10877,43,46,18
MDA,Moldova,2021,25,0.10924,43,46,18
MDA,Moldova,2022,24,0.10742,43,46,19
MDA,Moldova,2023,25,0.10506,43,46,18
MDA,Moldova,2024,25,0.10764,43,46,18
MKD,Macedonia,1950,27,0.33105,50,50,23
MKD,Macedonia,1951,25,0.28476,50,50,25
MKD,Macedonia,1952,25,0.329,50,50,25
MKD,Macedonia,1953,26,0.30629,50,50,24
MKD,Macedonia,1954,25,0.31182,50,50,25
MKD,Macedonia,1955,24,0.30018,50,50,26
MKD,Macedonia,1956,25,0.3006,49,50,24
MKD,Macedonia,1957,25,0.27589,48,50,23
MKD,Macedonia,1958,24,0.27642,47,49,23
MKD,Macedonia,1959,25,0.27922,46,48,21
MKD,Macedonia,1960,25,0.27281,49,50,24
MKD,Macedonia,1961,25,0.26435,50,50,25
MKD,Macedonia,1962,25,0.25528,50,50,25
MKD,Macedonia,1963,24,0.25848,50,50,26
MKD,Macedonia,1964,24,0.26842,50,50,26
MKD,Macedonia,1965,24,0.27054,50,50,26
MKD,Macedonia,1966,25,0.26216,49,50,24
MKD,Macedonia,1967,23,0.2492,45,48,22
MKD,Macedonia,1968,24,0.25103,44,46,20
MKD,Macedonia,1969,24,0.24236,44,47,20
MKD,Macedonia,1970,24,0.22164,45,50,21
MKD,Macedonia,1971,23,0.22282,45,50,22
MKD,Macedonia,1972,24,0.21995,45,48,21
MKD,Macedonia,1973,24,0.20475,44,47,20
MKD,Macedonia,1974,24,0.20269,45,50,21
MKD,Macedonia,1975,23,0.19644,44,46,21
MKD,Macedonia,1976,23,0.19766,43,46,20
MKD,Macedonia,1977,23,0.19949,43,46,20
MKD,Macedonia,1978,24,0.19581,43,46,19
MKD,Macedonia,1979,23,0.19525,43,47,20
MKD,Macedonia,1980,23,0.19783,42,46,19
MKD,Macedonia,1981,23,0.20295,42,45,19
MKD,Macedonia,1982,23,0.20148,42,45,19
MKD,Macedonia,1983,23,0.20139,42,45,19
MKD,Macedonia,1984,23,0.20044,42,44,19
MKD,Macedonia,1985,23,0.19416,42,45,19
MKD,Macedonia,1986,23,0.18902,41,43,18
MKD,Macedonia,1987,24,0.18699,41,43,17
MKD,Macedonia,1988,23,0.18519,41,43,18
MKD,Macedonia,1989,23,0.17522,40,42,17
MKD,Macedonia,1990,23,0.17228,41,43,18
MKD,Macedonia,1991,23,0.19264,40,42,17
MKD,Macedonia,1992,24,0.18508,40,42,16
MKD,Macedonia,1993,24,0.18253,40,43,16
MKD,Macedonia,1994,24,0.18081,41,43,17
MKD,Macedonia,1995,24,0.17194,41,44,17
MKD,Macedonia,1996,24,0.16972,40,42,16
MKD,Macedonia,1997,24,0.15569,40,42,16
MKD,Macedonia,1998,24,0.15401,40,42,16
MKD,Macedonia,1999,24,0.14303,40,42,16
MKD,Macedonia,2000,25,0.15243,40,42,15
MKD,Macedonia,2001,25,0.13793,40,42,15
MKD,Macedonia,2002,25,0.12512,40,43,15
MKD,Macedonia,2003,25,0.12266,40,42,15
MKD,Macedonia,2004,25,0.11788,40,43,15
MKD,Macedonia,2005,26,0.11068,40,43,14
MKD,Macedonia,2006,26,0.11073,40,43,14
MKD,Macedonia,2007,26,0.11134,40,43,14
MKD,Macedonia,2008,26,0.10922,40,43,14
MKD,Macedonia,2009,27,0.10974,41,44,14
MKD,Macedonia,2010,27,0.11153,41,44,14
MKD,Macedonia,2011,27,0.10232,41,44,14
MKD,Macedonia,2012,27,0.10563,41,44,14
MKD,Macedonia,2013,27,0.10484,41,45,14
MKD,Macedonia,2014,28,0.10819,41,45,13
MKD,Macedonia,2015,28,0.1051,41,45,13
MKD,Macedonia,2016,28,0.10509,42,45,14
MKD,Macedonia,2017,28,0.10021,42,45,14
MKD,Macedonia,2018,28,0.09862,42,46,14
MKD,Macedonia,2019,28,0.09234,42,46,14
MKD,Macedonia,2020,28,0.08934,42,45,14
MKD,Macedonia,2021,28,0.11684,42,46,14
MKD,Macedonia,2022,28,0.11294,42,46,14
MKD,Macedonia,2023,28,0.10671,43,46,15
MKD,Macedonia,2024,29,0.10313,42,46,13
NLD,Netherlands,1906,29,0.23648,47,48,18
NLD,Netherlands,1907,29,0.23385,47,48,18
NLD,Netherlands,1908,30,0.23052,47,48,17
NLD,Netherlands,1909,29,0.2313,47,48,18
NLD,Netherlands,1930,29,0.17476,47,48,18
NLD,Netherlands,1931,29,0.16789,47,48,18
NLD,Netherlands,1932,29,0.1637325,46,48,17
NLD,Netherlands,1933,29,0.15957500000000002,46,48,17
NLD,Netherlands,1934,29,0.1554175,46,48,17
NLD,Netherlands,1935,29,0.15126,46,48,17
NLD,Netherlands,1936,29,0.15116,46,48,17
NLD,Netherlands,1937,29,0.1507,46,48,17
NLD,Netherlands,1938,29,0.15813,46,48,17
NLD,Netherlands,1939,29,0.16009,46,48,17
NLD,Netherlands,1940,28,0.16166,46,48,18
NLD,Netherlands,1941,28,0.15957,46,48,18
NLD,Netherlands,1942,28,0.16372,46,48,18
NLD,Netherlands,1943,28,0.18199,46,48,18
NLD,Netherlands,1944,29,0.19384,46,48,17
NLD,Netherlands,1945,29,0.18035,46,48,17
NLD,Netherlands,1946,30,0.24707,47,48,17
NLD,Netherlands,1947,29,0.21976,47,48,18
NLD,Netherlands,1948,29,0.20679,47,48,18
NLD,Netherlands,1949,29,0.19634,46,48,17
NLD,Netherlands,1950,28,0.19163,46,47,18
NLD,Netherlands,1951,27,0.18787,46,47,19
NLD,Netherlands,1952,27,0.19421,46,47,19
NLD,Netherlands,1953,28,0.19111,45,47,17
NLD,Netherlands,1954,27,0.19416,45,47,18
NLD,Netherlands,1955,27,0.19607,45,47,18
NLD,Netherlands,1956,28,0.20034,45,47,17
NLD,Netherlands,1957,27,0.2087,45,47,18
NLD,Netherlands,1958,27,0.21315,45,47,18
NLD,Netherlands,1959,27,0.21642,45,47,18
NLD,Netherlands,1960,26,0.21596,45,47,19
NLD,Netherlands,1961,26,0.22229,45,47,19
NLD,Netherlands,1962,26,0.22615,45,47,19
NLD,Netherlands,1963,26,0.22327,45,47,19
NLD,Netherlands,1964,26,0.22357,45,47,19
NLD,Netherlands,1965,26,0.22013,45,47,19
NLD,Netherlands,1966,26,0.21338,44,47,18
NLD,Netherlands,1967,25,0.20879,44,46,19
NLD,Netherlands,1968,25,0.20834,44,46,19
NLD,Netherlands,1969,26,0.21244,44,46,18
NLD,Netherlands,1970,25,0.19926,44,46,19
NLD,Netherlands,1971,25,0.18997,43,46,18
NLD,Netherlands,1972,25,0.18236,43,45,18
NLD,Netherlands,1973,25,0.16805,42,45,17
NLD,Netherlands,1974,25,0.16179,42,44,17
NLD,Netherlands,1975,25,0.15634,41,45,16
NLD,Netherlands,1976,26,0.15657,41,44,15
NLD,Netherlands,1977,26,0.15185,41,44,15
NLD,Netherlands,1978,26,0.15371,40,44,14
NLD,Netherlands,1979,26,0.15065,40,44,14
NLD,Netherlands,1980,26,0.15339,40,43,14
NLD,Netherlands,1981,26,0.15007,40,44,14
NLD,Netherlands,1982,27,0.1421,40,44,13
NLD,Netherlands,1983,27,0.13687,40,44,13
NLD,Netherlands,1984,27,0.13955,40,44,13
NLD,Netherlands,1985,28,0.1387,40,44,12
NLD,Netherlands,1986,28,0.14406,40,44,12
NLD,Netherlands,1987,29,0.14213,40,44,11
NLD,Netherlands,1988,28,0.14204,40,43,12
NLD,Netherlands,1989,29,0.14062,40,44,11
NLD,Netherlands,1990,29,0.14457,40,44,11
NLD,Netherlands,1991,29,0.14235,41,43,12
NLD,Netherlands,1992,29,0.14015,41,44,12
NLD,Netherlands,1993,29,0.13977,41,44,12
NLD,Netherlands,1994,30,0.13998,41,44,11
NLD,Netherlands,1995,30,0.13659,41,43,11
NLD,Netherlands,1996,30,0.1366,41,44,11
NLD,Netherlands,1997,30,0.13877,41,43,11
NLD,Netherlands,1998,30,0.14499,41,44,11
NLD,Netherlands,1999,30,0.14474,41,44,11
NLD,Netherlands,2000,31,0.1472,42,44,11
NLD,Netherlands,2001,30,0.14472,42,44,12
NLD,Netherlands,2002,30,0.14661,42,44,12
NLD,Netherlands,2003,30,0.1458,42,44,12
NLD,Netherlands,2004,31,0.14328,42,44,11
NLD,Netherlands,2005,31,0.14267,42,44,11
NLD,Netherlands,2006,31,0.14435,42,44,11
NLD,Netherlands,2007,30,0.14307,42,44,12
NLD,Netherlands,2008,30,0.14685,42,44,12
NLD,Netherlands,2009,31,0.14792,42,44,11
NLD,Netherlands,2010,30,0.1492,42,44,12
NLD,Netherlands,2011,31,0.14745,42,45,11
NLD,Netherlands,2012,30,0.1457,42,45,12
NLD,Netherlands,2013,31,0.14145,42,45,11
NLD,Netherlands,2014,31,0.14622,42,45,11
NLD,Netherlands,2015,30,0.14142,42,44,12
NLD,Netherlands,2016,31,0.14229,42,45,11
NLD,Netherlands,2017,31,0.1381,43,45,12
NLD,Netherlands,2018,31,0.13878,43,45,12
NLD,Netherlands,2019,31,0.13625,43,45,12
NLD,Netherlands,2020,31,0.1343,43,45,12
NLD,Netherlands,2021,31,0.14321,43,45,12
NLD,Netherlands,2022,31,0.12967,43,45,12
NLD,Netherlands,2023,31,0.12318,43,45,12
NOR,Norway,1946,29,0.16241,45,47,16
NOR,Norway,1947,28,0.15271,45,47,17
NOR,Norway,1948,28,0.14887,45,47,17
NOR,Norway,1949,26,0.14623,45,47,19
NOR,Norway,1950,26,0.14595,45,47,19
NOR,Norway,1951,26,0.14701,45,47,19
NOR,Norway,1952,25,0.15679,45,47,20
NOR,Norway,1953,25,0.16432,45,47,20
NOR,Norway,1954,25,0.16673,45,46,20
NOR,Norway,1955,24,0.17338,45,47,21
NOR,Norway,1956,25,0.17931,44,46,19
NOR,Norway,1957,24,0.18519,44,46,20
NOR,Norway,1958,24,0.19137,44,46,20
NOR,Norway,1959,24,0.19144,44,47,20
NOR,Norway,1960,24,0.18984,44,46,20
NOR,Norway,1961,24,0.1975,44,46,20
NOR,Norway,1962,24,0.19988,44,44,20
NOR,Norway,1963,24,0.1999,44,44,20
NOR,Norway,1964,24,0.20541,44,44,20
NOR,Norway,1965,24,0.20216,44,44,20
NOR,Norway,1966,24,0.20199,44,44,20
NOR,Norway,1967,24,0.19599,44,47,20
NOR,Norway,1968,23,0.19457,44,46,21
NOR,Norway,1969,24,0.19374,43,46,19
NOR,Norway,1970,24,0.1806,43,46,19
NOR,Norway,1971,23,0.18456,43,45,20
NOR,Norway,1972,23,0.17803,43,45,20
NOR,Norway,1973,24,0.16524,42,45,18
NOR,Norway,1974,24,0.16273,42,44,18
NOR,Norway,1975,25,0.15466,42,44,17
NOR,Norway,1976,24,0.14161,41,44,17
NOR,Norway,1977,24,0.13504,41,43,17
NOR,Norway,1978,25,0.13828,41,44,16
NOR,Norway,1979,25,0.13735,41,43,16
NOR,Norway,1980,25,0.13794,40,44,15
NOR,Norway,1981,25,0.13443,40,43,15
NOR,Norway,1982,25,0.13247,40,43,15
NOR,Norway,1983,26,0.12955,41,43,15
NOR,Norway,1984,25,0.13034,41,44,16
NOR,Norway,1985,26,0.13537,41,43,15
NOR,Norway,1986,26,0.13829,41,43,15
NOR,Norway,1987,26,0.13742,40,43,14
NOR,Norway,1988,27,0.14478,41,44,14
NOR,Norway,1989,26,0.1454,41,44,15
NOR,Norway,1990,27,0.15176,41,44,14
NOR,Norway,1991,27,0.14361,41,44,14
NOR,Norway,1992,28,0.14118,41,44,13
NOR,Norway,1993,27,0.14226,41,44,14
NOR,Norway,1994,28,0.14226,41,44,13
NOR,Norway,1995,28,0.14046,41,44,13
NOR,Norway,1996,28,0.14392,42,44,14
NOR,Norway,1997,28,0.14192,42,44,14
NOR,Norway,1998,28,0.13836,42,44,14
NOR,Norway,1999,28,0.14091,42,44,14
NOR,Norway,2000,29,0.14148,42,44,13
NOR,Norway,2001,29,0.13429,42,44,13
NOR,Norway,2002,29,0.13351,42,44,13
NOR,Norway,2003,29,0.14092,42,44,13
NOR,Norway,2004,30,0.14068,42,44,12
NOR,Norway,2005,29,0.14156,42,45,13
NOR,Norway,2006,29,0.1452,42,44,13
NOR,Norway,2007,30,0.14327,42,45,12
NOR,Norway,2008,30,0.14581,42,45,12
NOR,Norway,2009,29,0.14704,42,45,13
NOR,Norway,2010,30,0.14381,42,45,12
NOR,Norway,2011,29,0.13987,43,45,14
NOR,Norway,2012,30,0.13919,43,45,13
NOR,Norway,2013,30,0.13554,43,45,13
NOR,Norway,2014,30,0.13421,42,45,12
NOR,Norway,2015,29,0.13413,43,46,14
NOR,Norway,2016,31,0.13407,43,45,12
NOR,Norway,2017,30,0.13052,43,46,13
NOR,Norway,2018,31,0.1266,43,46,12
NOR,Norway,2019,31,0.12389,43,46,12
NOR,Norway,2020,30,0.11955,43,45,13
NOR,Norway,2021,31,0.13127,43,46,12
NOR,Norway,2022,30,0.11686,43,46,13
NOR,Norway,2023,31,0.11674,43,46,12
NOR,Norway,2024,31,0.12305,43,46,12
NZL,New Zealand,1937,27,0.14952,45,47,18
NZL,New Zealand,1938,25,0.15148,45,47,20
NZL,New Zealand,1939,25,0.16292,45,47,20
NZL,New Zealand,1940,26,0.18336,45,47,19
NZL,New Zealand,1941,25,0.1948,45,47,20
NZL,New Zealand,1942,26,0.18255,45,47,19
NZL,New Zealand,1943,26,0.16366,44,47,18
NZL,New Zealand,1944,27,0.16896,45,47,18
NZL,New Zealand,1945,27,0.19003,45,47,18
NZL,New Zealand,1946,26,0.21887,45,47,19
NZL,New Zealand,1947,25,0.23677,45,47,20
NZL,New Zealand,1948,24,0.23458,45,47,21
NZL,New Zealand,1949,24,0.23486,44,47,20
NZL,New Zealand,1950,24,0.24813,45,47,21
NZL,New Zealand,1951,25,0.25045,45,47,20
NZL,New Zealand,1952,24,0.25425,45,47,21
NZL,New Zealand,1953,24,0.25617,44,46,20
NZL,New Zealand,1954,24,0.27059,45,47,21
NZL,New Zealand,1955,24,0.28304,45,47,21
NZL,New Zealand,1956,24,0.28892,45,47,21
NZL,New Zealand,1957,24,0.29289,44,47,20
NZL,New Zealand,1958,24,0.30011,44,46,20
NZL,New Zealand,1959,23,0.30724,44,46,21
NZL,New Zealand,1960,23,0.30913,44,47,21
NZL,New Zealand,1961,24,0.32091,44,47,20
NZL,New Zealand,1962,24,0.31342,45,47,21
NZL,New Zealand,1963,24,0.29597,44,46,20
NZL,New Zealand,1964,23,0.27638,44,46,21
NZL,New Zealand,1965,23,0.26585,44,46,21
NZL,New Zealand,1966,24,0.26392,44,46,20
NZL,New Zealand,1967,23,0.25367,44,46,21
NZL,New Zealand,1968,24,0.25426,44,46,20
NZL,New Zealand,1969,24,0.24788,43,46,19
NZL,New Zealand,1970,23,0.24169,44,46,21
NZL,New Zealand,1971,24,0.24255,44,46,20
NZL,New Zealand,1972,24,0.22997,43,45,19
NZL,New Zealand,1973,24,0.21039,43,45,19
NZL,New Zealand,1974,24,0.20511,42,45,18
NZL,New Zealand,1975,25,0.18869,42,45,17
NZL,New Zealand,1976,24,0.18189,42,45,18
NZL,New Zealand,1977,24,0.17316,42,44,18
NZL,New Zealand,1978,25,0.16804,41,44,16
NZL,New Zealand,1979,26,0.17278,41,44,15
NZL,New Zealand,1980,26,0.16482,41,45,15
NZL,New Zealand,1981,26,0.15956,40,44,14
NZL,New Zealand,1982,26,0.16038,40,45,14
NZL,New Zealand,1983,26,0.15053,41,44,15
NZL,New Zealand,1984,25,0.15722,41,44,16
NZL,New Zealand,1985,26,0.15594,41,43,15
NZL,New Zealand,1986,26,0.15032,40,44,14
NZL,New Zealand,1987,26,0.14957,41,44,15
NZL,New Zealand,1988,27,0.15298,41,44,14
NZL,New Zealand,1989,27,0.1565,41,44,14
NZL,New Zealand,1990,27,0.15542,41,44,14
NZL,New Zealand,1991,28,0.14463,42,44,14
NZL,New Zealand,1992,28,0.14152,42,44,14
NZL,New Zealand,1993,28,0.14209,41,44,13
NZL,New Zealand,1994,29,0.1349,42,45,13
NZL,New Zealand,1995,27,0.13056,42,45,15
NZL,New Zealand,1996,29,0.1304,42,45,13
NZL,New Zealand,1997,29,0.128,42,45,13
NZL,New Zealand,1998,30,0.12249,42,45,12
NZL,New Zealand,1999,30,0.13027,43,45,13
NZL,New Zealand,2000,29,0.12551,42,44,13
NZL,New Zealand,2001,30,0.12548,43,45,13
NZL,New Zealand,2002,29,0.11876,42,45,13
NZL,New Zealand,2003,29,0.1211,43,46,14
NZL,New Zealand,2004,31,0.12715,43,45,12
NZL,New Zealand,2005,31,0.12545,43,45,12
NZL,New Zealand,2006,31,0.12851,43,45,12
NZL,New Zealand,2007,31,0.13657,43,45,12
NZL,New Zealand,2008,32,0.13089,43,45,11
NZL,New Zealand,2009,31,0.13004,43,45,12
NZL,New Zealand,2010,32,0.13489,43,45,11
NZL,New Zealand,2011,31,0.12811,43,46,12
NZL,New Zealand,2012,31,0.12682,43,45,12
NZL,New Zealand,2013,31,0.11998,43,45,12
NZL,New Zealand,2014,32,0.12618,43,45,11
NZL,New Zealand,2015,31,0.13336,43,46,12
NZL,New Zealand,2016,32,0.12522,43,46,11
NZL,New Zealand,2017,31,0.12265,43,45,12
NZL,New Zealand,2018,31,0.11673,43,46,12
NZL,New Zealand,2019,31,0.11969,43,46,12
NZL,New Zealand,2020,31,0.10824,43,46,12
NZL,New Zealand,2021,31,0.11311,43,45,12
NZL,New Zealand,2022,31,0.11385,43,45,12
NZL,New Zealand,2023,31,0.10298,43,46,12
NZL,New Zealand,2024,31,0.10793,43,45,12
NZL,New Zealand,2025,31,0.10845,43,46,12
POL,Poland,1948,25,0.20255,46,48,21
POL,Poland,1949,25,0.21368,46,48,21
POL,Poland,1950,25,0.22481,46,48,21
POL,Poland,1951,24,0.22398,46,48,22
POL,Poland,1952,23,0.22471,46,48,23
POL,Poland,1953,23,0.22885,46,48,23
POL,Poland,1954,24,0.22682,46,48,22
POL,Poland,1955,24,0.23169,46,48,22
POL,Poland,1956,24,0.22947,45,48,21
POL,Poland,1957,24,0.23368,45,47,21
POL,Poland,1958,23,0.2279,45,47,22
POL,Poland,1959,23,0.2222,45,47,22
POL,Poland,1960,23,0.21243,45,47,22
POL,Poland,1961,23,0.20763,44,47,21
POL,Poland,1962,23,0.20574,44,47,21
POL,Poland,1963,23,0.20703,44,46,21
POL,Poland,1964,23,0.1987,44,46,21
POL,Poland,1965,23,0.19649,44,46,21
POL,Poland,1966,23,0.18895,43,46,20
POL,Poland,1967,23,0.18141,43,45,20
POL,Poland,1968,23,0.17472,43,45,20
POL,Poland,1969,23,0.17422,43,45,20
POL,Poland,1970,23,0.17531,43,45,20
POL,Poland,1971,22,0.18568,43,46,21
POL,Poland,1972,23,0.18711,43,46,20
POL,Poland,1973,22,0.18637,43,46,21
POL,Poland,1974,22,0.18908,43,46,21
POL,Poland,1975,23,0.19022,43,45,20
POL,Poland,1976,22,0.1933,43,45,21
POL,Poland,1977,23,0.18935,43,46,20
POL,Poland,1978,22,0.18699,42,45,20
POL,Poland,1979,23,0.19298,42,45,19
POL,Poland,1980,23,0.1949,42,45,19
POL,Poland,1981,23,0.19493,42,45,19
POL,Poland,1982,22,0.20329,42,45,20
POL,Poland,1983,23,0.20909,42,45,19
POL,Poland,1984,23,0.20341,42,45,19
POL,Poland,1985,23,0.20229,42,45,19
POL,Poland,1986,23,0.18958,42,45,19
POL,Poland,1987,22,0.1851,42,44,20
POL,Poland,1988,23,0.18624,42,45,19
POL,Poland,1989,22,0.18643,42,45,20
POL,Poland,1990,23,0.1815,42,44,19
POL,Poland,1991,22,0.18131,42,44,20
POL,Poland,1992,23,0.16771,42,44,19
POL,Poland,1993,23,0.15492,42,44,19
POL,Poland,1994,24,0.14327,42,44,18
POL,Poland,1995,23,0.13141,42,44,19
POL,Poland,1996,24,0.12487,41,44,17
POL,Poland,1997,24,0.11803,41,44,17
POL,Poland,1998,24,0.11061,41,44,17
POL,Poland,1999,25,0.10674,41,44,16
POL,Poland,2000,25,0.10519,41,44,16
POL,Poland,2001,26,0.09914,41,44,15
POL,Poland,2002,26,0.09371,41,44,15
POL,Poland,2003,26,0.09095,41,44,15
POL,Poland,2004,27,0.09126,41,44,14
POL,Poland,2005,27,0.09267,41,44,14
POL,Poland,2006,27,0.09419,41,44,14
POL,Poland,2007,27,0.09574,41,44,14
POL,Poland,2008,28,0.1004,41,44,13
POL,Poland,2009,28,0.10039,41,44,13
POL,Poland,2010,28,0.10008,42,44,14
POL,Poland,2011,28,0.09584,42,44,14
POL,Poland,2012,28,0.09621,42,44,14
POL,Poland,2013,29,0.09095,42,44,13
POL,Poland,2014,28,0.09499,42,44,14
POL,Poland,2015,28,0.0952,42,44,14
POL,Poland,2016,29,0.10076,42,44,13
POL,Poland,2017,29,0.10906,42,44,13
POL,Poland,2018,29,0.10754,42,45,13
POL,Poland,2019,28,0.10653,42,44,14
POL,Poland,2020,29,0.10633,42,44,13
POL,Poland,2021,29,0.10266,42,45,13
POL,Poland,2022,29,0.09865,42,45,13
POL,Poland,2023,29,0.09046,42,45,13
POL,Poland,2024,29,0.08554,42,46,13
PRT,Portugal,1940,25,0.17561,47,50,22
PRT,Portugal,1941,25,0.16998,47,49,22
PRT,Portugal,1942,25,0.17112,47,50,22
PRT,Portugal,1943,24,0.17991,47,50,23
PRT,Portugal,1944,25,0.18024,47,49,22
PRT,Portugal,1945,25,0.19097,47,49,22
PRT,Portugal,1946,25,0.187,47,49,22
PRT,Portugal,1947,25,0.18257,47,49,22
PRT,Portugal,1948,25,0.199,47,50,22
PRT,Portugal,1949,25,0.18859,47,49,22
PRT,Portugal,1950,25,0.1804,47,49,22
PRT,Portugal,1951,25,0.17925,47,49,22
PRT,Portugal,1952,25,0.18109,47,50,22
PRT,Portugal,1953,24,0.17387,47,50,23
PRT,Portugal,1954,25,0.16974,47,49,22
PRT,Portugal,1955,25,0.17803,46,48,21
PRT,Portugal,1956,24,0.17645,46,48,22
PRT,Portugal,1957,25,0.18292,46,48,21
PRT,Portugal,1958,26,0.18192,46,48,20
PRT,Portugal,1959,25,0.1857,46,48,21
PRT,Portugal,1960,25,0.19226,46,48,21
PRT,Portugal,1961,25,0.19273,45,48,20
PRT,Portugal,1962,25,0.19857,46,47,21
PRT,Portugal,1963,25,0.19367,45,48,20
PRT,Portugal,1964,25,0.20459,46,48,21
PRT,Portugal,1965,26,0.20407,45,48,19
PRT,Portugal,1966,25,0.19848,46,48,21
PRT,Portugal,1967,25,0.20143,46,48,21
PRT,Portugal,1968,24,0.19988,45,47,21
PRT,Portugal,1969,25,0.20662,45,47,20
PRT,Portugal,1970,25,0.19802,45,48,20
PRT,Portugal,1971,25,0.19996,45,48,20
PRT,Portugal,1972,25,0.1934,45,47,20
PRT,Portugal,1973,25,0.17915,45,48,20
PRT,Portugal,1974,25,0.17524,45,47,20
PRT,Portugal,1975,24,0.18421,45,47,21
PRT,Portugal,1976,24,0.19171,45,47,21
PRT,Portugal,1977,23,0.18597,45,47,22
PRT,Portugal,1978,22,0.17201,45,47,23
PRT,Portugal,1979,24,0.16147,44,47,20
PRT,Portugal,1980,24,0.15957,44,47,20
PRT,Portugal,1981,23,0.1505,44,47,21
PRT,Portugal,1982,23,0.14496,44,47,21
PRT,Portugal,1983,24,0.13742,44,46,20
PRT,Portugal,1984,23,0.13621,43,46,20
PRT,Portugal,1985,24,0.12275,43,46,19
PRT,Portugal,1986,24,0.11924,43,46,19
PRT,Portugal,1987,24,0.11639,42,45,18
PRT,Portugal,1988,25,0.11545,42,45,17
PRT,Portugal,1989,26,0.11178,42,45,16
PRT,Portugal,1990,25,0.11251,42,45,17
PRT,Portugal,1991,26,0.11701,42,44,16
PRT,Portugal,1992,26,0.11458,41,44,15
PRT,Portugal,1993,26,0.11094,41,44,15
PRT,Portugal,1994,27,0.10571,41,44,14
PRT,Portugal,1995,28,0.10203,41,45,13
PRT,Portugal,1996,27,0.10498,41,44,14
PRT,Portugal,1997,28,0.10529,41,44,13
PRT,Portugal,1998,29,0.10483,42,44,13
PRT,Portugal,1999,28,0.10607,42,44,14
PRT,Portugal,2000,28,0.10839,42,44,14
PRT,Portugal,2001,29,0.10165,42,44,13
PRT,Portugal,2002,29,0.10392,42,44,13
PRT,Portugal,2003,30,0.10296,42,45,12
PRT,Portugal,2004,29,0.09679,42,45,13
PRT,Portugal,2005,30,0.10164,42,45,12
PRT,Portugal,2006,30,0.09587,42,45,12
PRT,Portugal,2007,30,0.09415,42,44,12
PRT,Portugal,2008,30,0.09647,42,45,12
PRT,Portugal,2009,30,0.09238,42,45,12
PRT,Portugal,2010,30,0.09606,42,45,12
PRT,Portugal,2011,30,0.09377,42,45,12
PRT,Portugal,2012,30,0.09105,42,45,12
PRT,Portugal,2013,30,0.08605,42,45,12
PRT,Portugal,2014,31,0.08811,42,45,11
PRT,Portugal,2015,30,0.09426,42,45,12
PRT,Portugal,2016,32,0.09712,43,45,11
PRT,Portugal,2017,31,0.09762,43,45,12
PRT,Portugal,2018,31,0.10252,43,46,12
PRT,Portugal,2019,31,0.10167,43,46,12
PRT,Portugal,2020,32,0.09898,43,46,11
PRT,Portugal,2021,31,0.09784,43,46,12
PRT,Portugal,2022,31,0.10137,44,46,13
PRT,Portugal,2023,30,0.0996,44,47,14
PRT,Portugal,2024,32,0.09628,44,46,12
ROU,Romania,1955,23,0.20359,47,50,24
ROU,Romania,1956,23,0.1929,46,50,23
ROU,Romania,1957,22,0.18601,46,50,24
ROU,Romania,1958,22,0.18187,45,50,23
ROU,Romania,1959,22,0.17652,45,50,23
ROU,Romania,1960,22,0.1723,46,50,24
ROU,Romania,1961,22,0.16246,45,50,23
ROU,Romania,1962,22,0.15463,45,50,23
ROU,Romania,1963,22,0.1506,45,50,23
ROU,Romania,1964,22,0.18009,43,47,21
ROU,Romania,1965,22,0.15299,43,47,21
ROU,Romania,1966,21,0.15022,43,47,22
ROU,Romania,1967,22,0.2656,44,47,22
ROU,Romania,1968,22,0.2523,44,46,22
ROU,Romania,1969,22,0.2246,44,46,22
ROU,Romania,1970,21,0.2148,43,46,22
ROU,Romania,1971,22,0.2058,43,46,21
ROU,Romania,1972,22,0.1977,43,45,21
ROU,Romania,1973,22,0.1935,43,45,21
ROU,Romania,1974,22,0.2125,43,45,21
ROU,Romania,1975,22,0.2116,43,45,21
ROU,Romania,1976,21,0.2091,43,45,22
ROU,Romania,1977,22,0.216,43,46,21
ROU,Romania,1978,21,0.2106,43,46,22
ROU,Romania,1979,22,0.2132,42,45,20
ROU,Romania,1980,21,0.2157,42,45,21
ROU,Romania,1981,21,0.2103,42,45,21
ROU,Romania,1982,21,0.2028,42,44,21
ROU,Romania,1983,21,0.1963,41,45,20
ROU,Romania,1984,21,0.2065,41,45,20
ROU,Romania,1985,21,0.2055,41,45,20
ROU,Romania,1986,21,0.2018,42,45,21
ROU,Romania,1987,21,0.198,42,45,21
ROU,Romania,1988,21,0.205,42,45,21
ROU,Romania,1989,22,0.1967,42,45,20
ROU,Romania,1990,23,0.1572,41,44,18
ROU,Romania,1991,21,0.1394,41,44,20
ROU,Romania,1992,21,0.1445,40,44,19
ROU,Romania,1993,21,0.1323,40,44,19
ROU,Romania,1994,22,0.1241,40,44,18
ROU,Romania,1995,22,0.1156,40,44,18
ROU,Romania,1996,22,0.1077,39,44,17
ROU,Romania,1997,22,0.1049,40,44,18
ROU,Romania,1998,22,0.1034,40,44,18
ROU,Romania,1999,23,0.0978,40,43,17
ROU,Romania,2000,22,0.0952,40,44,18
ROU,Romania,2001,23,0.0856,40,44,17
ROU,Romania,2002,24,0.0806,40,43,16
ROU,Romania,2003,25,0.0797,40,44,15
ROU,Romania,2004,25,0.0792,40,44,15
ROU,Romania,2005,27,0.0807,40,44,13
ROU,Romania,2006,26,0.0797,40,44,14
ROU,Romania,2007,26,0.078,40,44,14
ROU,Romania,2008,27,0.0801,41,44,14
ROU,Romania,2009,26,0.081,40,44,14
ROU,Romania,2010,27,0.0793,41,44,14
ROU,Romania,2011,28,0.0745,41,44,13
ROU,Romania,2012,27,0.0864,41,44,14
ROU,Romania,2013,28,0.0897,41,44,13
RUS,Russia,1959,24,0.19067,45,49,21
RUS,Russia,1960,24,0.18355,45,48,21
RUS,Russia,1961,24,0.17364,44,47,20
RUS,Russia,1962,23,0.165,44,47,21
RUS,Russia,1963,23,0.16388,44,47,21
RUS,Russia,1964,23,0.15703,44,47,21
RUS,Russia,1965,24,0.14699,44,47,20
RUS,Russia,1966,22,0.15444,44,46,22
RUS,Russia,1967,22,0.1529,43,47,21
RUS,Russia,1968,22,0.15338,43,46,21
RUS,Russia,1969,22,0.16263,43,46,21
RUS,Russia,1970,21,0.16689,42,46,21
RUS,Russia,1971,22,0.17409,42,45,20
RUS,Russia,1972,22,0.16713,42,45,20
RUS,Russia,1973,21,0.164,42,45,21
RUS,Russia,1974,22,0.17043,42,45,20
RUS,Russia,1975,21,0.16813,42,45,21
RUS,Russia,1976,21,0.17059,42,45,21
RUS,Russia,1977,22,0.16744,42,45,20
RUS,Russia,1978,21,0.17063,42,45,21
RUS,Russia,1979,21,0.16954,41,45,20
RUS,Russia,1980,21,0.17379,41,45,20
RUS,Russia,1981,21,0.17259,41,44,20
RUS,Russia,1982,21,0.17674,41,44,20
RUS,Russia,1983,22,0.17937,41,44,19
RUS,Russia,1984,21,0.17707,41,44,20
RUS,Russia,1985,21,0.17644,41,44,20
RUS,Russia,1986,21,0.18115,41,44,20
RUS,Russia,1987,21,0.18551,41,44,20
RUS,Russia,1988,21,0.18567,41,44,20
RUS,Russia,1989,21,0.18093,41,44,20
RUS,Russia,1990,21,0.17549,41,44,20
RUS,Russia,1991,21,0.16401,40,44,19
RUS,Russia,1992,21,0.15018,40,43,19
RUS,Russia,1993,20,0.13467,39,43,19
RUS,Russia,1994,20,0.13641,39,43,19
RUS,Russia,1995,20,0.12607,39,43,19
RUS,Russia,1996,21,0.11651,39,43,18
RUS,Russia,1997,21,0.10613,39,43,18
RUS,Russia,1998,21,0.10435,39,43,18
RUS,Russia,1999,21,0.09674,39,43,18
RUS,Russia,2000,21,0.09833,39,43,18
RUS,Russia,2001,22,0.09822,39,43,17
RUS,Russia,2002,23,0.10068,40,43,17
RUS,Russia,2003,23,0.10048,40,43,17
RUS,Russia,2004,22,0.09915,40,43,18
RUS,Russia,2005,23,0.09448,40,43,17
RUS,Russia,2006,24,0.09434,40,43,16
RUS,Russia,2007,24,0.09905,41,44,17
RUS,Russia,2008,25,0.10266,41,44,16
RUS,Russia,2009,25,0.10561,41,44,16
RUS,Russia,2010,26,0.10565,42,44,16
RUS,Russia,2011,25,0.1048,42,44,17
RUS,Russia,2012,25,0.11347,42,44,17
RUS,Russia,2013,26,0.11354,42,44,16
RUS,Russia,2014,26,0.11618,42,45,16
RUS,Russia,2015,27,0.11719,42,45,15
RUS,Russia,2016,27,0.11392,42,45,15
RUS,Russia,2017,25,0.1022,42,45,17
RUS,Russia,2018,26,0.10011,42,45,16
RUS,Russia,2019,25,0.09642,42,45,17
RUS,Russia,2020,25,0.09892,42,45,17
RUS,Russia,2021,26,0.10105,42,45,16
RUS,Russia,2022,25,0.09646,42,45,17
SVK,Slovakia,1946,26,0.20408,47,49,21
SVK,Slovakia,1947,24,0.20336,45,48,21
SVK,Slovakia,1948,27,0.214,45,49,18
SVK,Slovakia,1949,24,0.21125,45,48,21
SVK,Slovakia,1950,23,0.23434,45,49,22
SVK,Slovakia,1951,23,0.23159,45,48,22
SVK,Slovakia,1952,23,0.23096,45,48,22
SVK,Slovakia,1953,23,0.22833,45,48,22
SVK,Slovakia,1954,24,0.23157,45,47,21
SVK,Slovakia,1955,23,0.23273,45,48,22
SVK,Slovakia,1956,23,0.24322,45,47,22
SVK,Slovakia,1957,22,0.2385,45,47,23
SVK,Slovakia,1958,23,0.23526,44,47,21
SVK,Slovakia,1959,22,0.23656,44,47,22
SVK,Slovakia,1960,22,0.24041,44,46,22
SVK,Slovakia,1961,22,0.23621,43,46,21
SVK,Slovakia,1962,22,0.23504,43,46,21
SVK,Slovakia,1963,21,0.23133,43,46,22
SVK,Slovakia,1964,22,0.23339,43,46,21
SVK,Slovakia,1965,21,0.2268,43,46,22
SVK,Slovakia,1966,22,0.23152,43,46,21
SVK,Slovakia,1967,23,0.20978,43,46,20
SVK,Slovakia,1968,22,0.20879,43,45,21
SVK,Slovakia,1969,21,0.21378,43,45,22
SVK,Slovakia,1970,22,0.21764,42,45,20
SVK,Slovakia,1971,22,0.21215,42,45,20
SVK,Slovakia,1972,22,0.21812,42,45,20
SVK,Slovakia,1973,22,0.22447,42,45,20
SVK,Slovakia,1974,22,0.22984,42,45,20
SVK,Slovakia,1975,22,0.22587,42,44,20
SVK,Slovakia,1976,22,0.22304,42,44,20
SVK,Slovakia,1977,22,0.22511,41,44,19
SVK,Slovakia,1978,22,0.22638,41,44,19
SVK,Slovakia,1979,22,0.22809,41,44,19
SVK,Slovakia,1980,22,0.2207,41,44,19
SVK,Slovakia,1981,22,0.21901,40,44,18
SVK,Slovakia,1982,22,0.22069,40,44,18
SVK,Slovakia,1983,22,0.21885,40,43,18
SVK,Slovakia,1984,22,0.21699,40,43,18
SVK,Slovakia,1985,21,0.21714,40,43,19
SVK,Slovakia,1986,22,0.21403,40,43,18
SVK,Slovakia,1987,22,0.20518,40,43,18
SVK,Slovakia,1988,22,0.20704,40,43,18
SVK,Slovakia,1989,22,0.19972,40,43,18
SVK,Slovakia,1990,21,0.20224,40,43,19
SVK,Slovakia,1991,22,0.19046,40,43,18
SVK,Slovakia,1992,21,0.17642,40,43,19
SVK,Slovakia,1993,22,0.16881,40,43,18
SVK,Slovakia,1994,21,0.14576,40,43,19
SVK,Slovakia,1995,22,0.13012,40,43,18
SVK,Slovakia,1996,22,0.12202,40,43,18
SVK,Slovakia,1997,24,0.11836,40,43,16
SVK,Slovakia,1998,24,0.11284,40,43,16
SVK,Slovakia,1999,25,0.10613,40,43,15
SVK,Slovakia,2000,25,0.10224,40,43,15
SVK,Slovakia,2001,25,0.09317,40,43,15
SVK,Slovakia,2002,25,0.09038,40,43,15
SVK,Slovakia,2003,26,0.09092,40,43,14
SVK,Slovakia,2004,27,0.09081,40,43,13
SVK,Slovakia,2005,28,0.09328,40,44,12
SVK,Slovakia,2006,28,0.09161,41,43,13
SVK,Slovakia,2007,28,0.09206,41,44,13
SVK,Slovakia,2008,29,0.09466,41,44,12
SVK,Slovakia,2009,29,0.10324,41,44,12
SVK,Slovakia,2010,29,0.09966,41,44,12
SVK,Slovakia,2011,30,0.10154,42,44,12
SVK,Slovakia,2012,29,0.10129,41,44,12
SVK,Slovakia,2013,29,0.10234,42,44,13
SVK,Slovakia,2014,30,0.10549,42,44,12
SVK,Slovakia,2015,30,0.09748,41,44,11
SVK,Slovakia,2016,30,0.10071,42,44,12
SVK,Slovakia,2017,30,0.10267,42,44,12
SVK,Slovakia,2018,30,0.10268,42,44,12
SVK,Slovakia,2019,30,0.10265,42,45,12
SVK,Slovakia,2020,29,0.10453,43,46,14
SVK,Slovakia,2021,29,0.1076,43,46,14
SVK,Slovakia,2022,29,0.10424,43,46,14
SVK,Slovakia,2023,29,0.09792,43,46,14
SVK,Slovakia,2024,29,0.09491,43,46,14
SVN,Slovenia,1950,27,0.17368,46,48,19
SVN,Slovenia,1951,26,0.16549,46,48,20
SVN,Slovenia,1952,25,0.15563,46,47,21
SVN,Slovenia,1953,25,0.16467,46,48,21
SVN,Slovenia,1954,25,0.15279,46,48,21
SVN,Slovenia,1955,24,0.1575,45,47,21
SVN,Slovenia,1956,24,0.1586,45,47,21
SVN,Slovenia,1957,24,0.15503,45,47,21
SVN,Slovenia,1958,24,0.14941,45,47,21
SVN,Slovenia,1959,24,0.15209,44,47,20
SVN,Slovenia,1960,24,0.15225,44,47,20
SVN,Slovenia,1961,24,0.1563,44,47,20
SVN,Slovenia,1962,23,0.16008,44,46,21
SVN,Slovenia,1963,23,0.16316,44,47,21
SVN,Slovenia,1964,23,0.17007,44,46,21
SVN,Slovenia,1965,23,0.18378,43,46,20
SVN,Slovenia,1966,23,0.17778,44,46,21
SVN,Slovenia,1967,23,0.17292,43,46,20
SVN,Slovenia,1968,23,0.16513,43,46,20
SVN,Slovenia,1969,22,0.15868,43,46,21
SVN,Slovenia,1970,22,0.15916,43,45,21
SVN,Slovenia,1971,22,0.16785,43,45,21
SVN,Slovenia,1972,22,0.16532,43,45,21
SVN,Slovenia,1973,22,0.1672,43,45,21
SVN,Slovenia,1974,22,0.16149,42,45,20
SVN,Slovenia,1975,22,0.17297,42,45,20
SVN,Slovenia,1976,22,0.17736,42,44,20
SVN,Slovenia,1977,22,0.18113,42,44,20
SVN,Slovenia,1978,22,0.18837,41,43,19
SVN,Slovenia,1979,22,0.19381,41,43,19
SVN,Slovenia,1980,22,0.18556,41,43,19
SVN,Slovenia,1981,21,0.1688,42,45,21
SVN,Slovenia,1982,22,0.1656,42,45,20
SVN,Slovenia,1983,21,0.15936,40,44,19
SVN,Slovenia,1984,22,0.15562,40,44,18
SVN,Slovenia,1985,22,0.15091,40,44,18
SVN,Slovenia,1986,22,0.15078,40,44,18
SVN,Slovenia,1987,22,0.14755,40,44,18
SVN,Slovenia,1988,23,0.14129,40,44,17
SVN,Slovenia,1989,22,0.13883,40,43,18
SVN,Slovenia,1990,23,0.12842,40,43,17
SVN,Slovenia,1991,24,0.12587,40,43,16
SVN,Slovenia,1992,24,0.11817,40,43,16
SVN,Slovenia,1993,25,0.11691,39,43,14
SVN,Slovenia,1994,25,0.11462,39,43,14
SVN,Slovenia,1995,26,0.11053,40,43,14
SVN,Slovenia,1996,26,0.10893,40,43,14
SVN,Slovenia,1997,25,0.11308,40,43,15
SVN,Slovenia,1998,26,0.10791,41,43,15
SVN,Slovenia,1999,26,0.10427,40,43,14
SVN,Slovenia,2000,26,0.10958,40,43,14
SVN,Slovenia,2001,28,0.10235,40,43,12
SVN,Slovenia,2002,27,0.10283,40,43,13
SVN,Slovenia,2003,28,0.10687,40,43,12
SVN,Slovenia,2004,29,0.11098,41,43,12
SVN,Slovenia,2005,29,0.10843,41,43,12
SVN,Slovenia,2006,29,0.11696,41,44,12
SVN,Slovenia,2007,28,0.12063,41,44,13
SVN,Slovenia,2008,29,0.13234,41,44,12
SVN,Slovenia,2009,30,0.12796,41,44,11
SVN,Slovenia,2010,30,0.13144,41,45,11
SVN,Slovenia,2011,29,0.13174,41,44,12
SVN,Slovenia,2012,30,0.12889,42,44,12
SVN,Slovenia,2013,29,0.12439,42,44,13
SVN,Slovenia,2014,29,0.13077,42,44,13
SVN,Slovenia,2015,31,0.12675,42,45,11
SVN,Slovenia,2016,30,0.13097,42,45,12
SVN,Slovenia,2017,30,0.1309,42,45,12
SVN,Slovenia,2018,30,0.13229,42,46,12
SVN,Slovenia,2019,29,0.13196,42,44,13
SVN,Slovenia,2020,30,0.1282,42,45,12
SVN,Slovenia,2021,29,0.1379,42,44,13
SVN,Slovenia,2022,30,0.1268,42,45,12
SVN,Slovenia,2023,29,0.124,43,45,14
SVN,Slovenia,2024,29,0.1233,42,45,13
SWE,Sweden,1850,32,0.2435,48,49,16
SWE,Sweden,1851,31,0.24414,47,49,16
SWE,Sweden,1852,31,0.23413,47,49,16
SWE,Sweden,1853,31,0.23861,47,49,16
SWE,Sweden,1854,31,0.24973,47,49,16
SWE,Sweden,1855,31,0.23309,48,49,17
SWE,Sweden,1856,32,0.22993,48,49,16
SWE,Sweden,1857,32,0.23698,48,49,16
SWE,Sweden,1858,32,0.25116,48,49,16
SWE,Sweden,1859,32,0.25254,48,49,16
SWE,Sweden,1860,32,0.24996,48,49,16
SWE,Sweden,1861,32,0.23568,48,49,16
SWE,Sweden,1862,32,0.24352,48,49,16
SWE,Sweden,1863,32,0.24558,48,49,16
SWE,Sweden,1864,32,0.2441,48,49,16
SWE,Sweden,1865,32,0.24351,48,49,16
SWE,Sweden,1866,32,0.24699,48,49,16
SWE,Sweden,1867,31,0.23138,48,49,17
SWE,Sweden,1868,31,0.20913,47,49,16
SWE,Sweden,1869,31,0.21491,47,49,16
SWE,Sweden,1870,32,0.22081,47,49,15
SWE,Sweden,1871,32,0.23194,48,49,16
SWE,Sweden,1872,32,0.2313,48,49,16
SWE,Sweden,1873,32,0.23667,48,49,16
SWE,Sweden,1874,31,0.24182,48,49,17
SWE,Sweden,1875,31,0.2435,48,49,17
SWE,Sweden,1876,31,0.23762,48,49,17
SWE,Sweden,1877,31,0.24175,48,49,17
SWE,Sweden,1878,31,0.23324,48,49,17
SWE,Sweden,1879,31,0.23902,48,49,17
SWE,Sweden,1880,32,0.23033,48,49,16
SWE,Sweden,1881,31,0.22986,47,49,16
SWE,Sweden,1882,31,0.22883,48,49,17
SWE,Sweden,1883,31,0.22332,47,49,16
SWE,Sweden,1884,32,0.22963,47,49,15
SWE,Sweden,1885,31,0.22831,47,49,16
SWE,Sweden,1886,31,0.23248,47,49,16
SWE,Sweden,1887,31,0.22656,47,49,16
SWE,Sweden,1888,31,0.22341,47,49,16
SWE,Sweden,1889,31,0.21508,47,49,16
SWE,Sweden,1890,31,0.21594,47,49,16
SWE,Sweden,1891,30,0.22118,48,49,18
SWE,Sweden,1892,30,0.21077,47,49,17
SWE,Sweden,1893,32,0.21323,47,49,15
SWE,Sweden,1894,30,0.2104,47,49,17
SWE,Sweden,1895,31,0.21421,47,49,16
SWE,Sweden,1896,31,0.20946,47,48,16
SWE,Sweden,1897,30,0.20547,47,49,17
SWE,Sweden,1898,32,0.20819,47,49,15
SWE,Sweden,1899,29,0.20402,47,49,18
SWE,Sweden,1900,28,0.20742,47,49,19
SWE,Sweden,1901,29,0.2106,47,49,18
SWE,Sweden,1902,29,0.20264,47,48,18
SWE,Sweden,1903,29,0.19938,47,49,18
SWE,Sweden,1904,31,0.19696,47,48,16
SWE,Sweden,1905,30,0.19698,47,48,17
SWE,Sweden,1906,30,0.19862,47,48,17
SWE,Sweden,1907,28,0.19489,47,48,19
SWE,Sweden,1908,29,0.19452,47,48,18
SWE,Sweden,1909,28,0.19381,47,48,19
SWE,Sweden,1910,28,0.18346,47,48,19
SWE,Sweden,1911,28,0.17744,47,48,19
SWE,Sweden,1912,28,0.17171,47,48,19
SWE,Sweden,1913,28,0.16957,46,48,18
SWE,Sweden,1914,28,0.16546,47,48,19
SWE,Sweden,1915,27,0.15315,46,48,19
SWE,Sweden,1916,28,0.15202,46,48,18
SWE,Sweden,1917,29,0.14905,46,48,17
SWE,Sweden,1918,29,0.14395,46,48,17
SWE,Sweden,1919,27,0.14275,46,48,19
SWE,Sweden,1920,28,0.1659,46,48,18
SWE,Sweden,1921,29,0.15182,46,48,17
SWE,Sweden,1922,27,0.13673,46,48,19
SWE,Sweden,1923,29,0.13219,46,48,17
SWE,Sweden,1924,28,0.12502,46,48,18
SWE,Sweden,1925,27,0.12456,46,48,19
SWE,Sweden,1926,28,0.11578,46,48,18
SWE,Sweden,1927,27,0.11016,46,48,19
SWE,Sweden,1928,26,0.10821,46,47,20
SWE,Sweden,1929,28,0.10212,45,47,17
SWE,Sweden,1930,26,0.10283,45,47,19
SWE,Sweden,1931,27,0.09941,45,47,18
SWE,Sweden,1932,27,0.09718,45,47,18
SWE,Sweden,1933,27,0.09319,45,47,18
SWE,Sweden,1934,26,0.09034,45,47,19
SWE,Sweden,1935,27,0.09132,45,47,18
SWE,Sweden,1936,26,0.09543,45,47,19
SWE,Sweden,1937,26,0.09651,45,47,19
SWE,Sweden,1938,26,0.10312,45,47,19
SWE,Sweden,1939,27,0.10505,45,47,18
SWE,Sweden,1940,26,0.10778,45,47,19
SWE,Sweden,1941,26,0.11188,44,46,18
SWE,Sweden,1942,28,0.128,45,46,17
SWE,Sweden,1943,27,0.14035,45,47,18
SWE,Sweden,1944,25,0.15105,45,47,20
SWE,Sweden,1945,26,0.15258,45,46,19
SWE,Sweden,1946,26,0.14916,45,47,19
SWE,Sweden,1947,25,0.14557,45,47,20
SWE,Sweden,1948,25,0.14572,44,47,19
SWE,Sweden,1949,26,0.14275,44,47,18
SWE,Sweden,1950,25,0.13581,44,47,19
SWE,Sweden,1951,25,0.13406,44,46,19
SWE,Sweden,1952,25,0.13894,44,46,19
SWE,Sweden,1953,25,0.14,44,46,19
SWE,Sweden,1954,24,0.13681,44,46,20
SWE,Sweden,1955,23,0.14562,44,46,21
SWE,Sweden,1956,25,0.14881,44,46,19
SWE,Sweden,1957,24,0.151,44,46,20
SWE,Sweden,1958,25,0.15243,43,46,18
SWE,Sweden,1959,25,0.15418,43,46,18
SWE,Sweden,1960,25,0.15125,43,46,18
SWE,Sweden,1961,24,0.15545,43,46,19
SWE,Sweden,1962,24,0.15756,43,45,19
SWE,Sweden,1963,25,0.16618,43,45,18
SWE,Sweden,1964,25,0.17609,43,45,18
SWE,Sweden,1965,25,0.17142,43,45,18
SWE,Sweden,1966,25,0.16716,42,45,17
SWE,Sweden,1967,25,0.16312,43,45,18
SWE,Sweden,1968,25,0.14846,42,44,17
SWE,Sweden,1969,25,0.14315,42,45,17
SWE,Sweden,1970,25,0.14234,42,45,17
SWE,Sweden,1971,25,0.15155,42,44,17
SWE,Sweden,1972,24,0.147,42,44,18
SWE,Sweden,1973,25,0.14571,41,44,16
SWE,Sweden,1974,25,0.14505,41,44,16
SWE,Sweden,1975,25,0.14274,41,44,16
SWE,Sweden,1976,25,0.13508,40,44,15
SWE,Sweden,1977,25,0.13188,40,43,15
SWE,Sweden,1978,25,0.12753,40,43,15
SWE,Sweden,1979,26,0.13068,41,43,15
SWE,Sweden,1980,26,0.13166,41,44,15
SWE,Sweden,1981,26,0.12616,41,44,15
SWE,Sweden,1982,26,0.1262,41,44,15
SWE,Sweden,1983,26,0.12541,41,44,15
SWE,Sweden,1984,26,0.13187,41,44,15
SWE,Sweden,1985,27,0.13728,41,44,14
SWE,Sweden,1986,26,0.14121,41,44,15
SWE,Sweden,1987,28,0.14469,41,44,13
SWE,Sweden,1988,27,0.15256,41,44,14
SWE,Sweden,1989,28,0.15533,42,44,14
SWE,Sweden,1990,27,0.16223,42,44,15
SWE,Sweden,1991,27,0.16107,42,44,15
SWE,Sweden,1992,27,0.15493,42,44,15
SWE,Sweden,1993,28,0.14971,42,44,14
SWE,Sweden,1994,28,0.14671,42,44,14
SWE,Sweden,1995,28,0.13361,42,44,14
SWE,Sweden,1996,28,0.12086,42,44,14
SWE,Sweden,1997,28,0.1203,42,44,14
SWE,Sweden,1998,29,0.11828,42,44,13
SWE,Sweden,1999,29,0.11726,42,44,13
SWE,Sweden,2000,29,0.12161,42,44,13
SWE,Sweden,2001,30,0.12158,42,44,12
SWE,Sweden,2002,30,0.13288,42,45,12
SWE,Sweden,2003,30,0.13812,42,45,12
SWE,Sweden,2004,30,0.13886,43,44,13
SWE,Sweden,2005,30,0.14282,43,45,13
SWE,Sweden,2006,31,0.14631,43,44,12
SWE,Sweden,2007,31,0.14538,43,45,12
SWE,Sweden,2008,30,0.14703,43,45,13
SWE,Sweden,2009,30,0.14798,43,45,13
SWE,Sweden,2010,31,0.15244,43,45,12
SWE,Sweden,2011,31,0.14209,43,45,12
SWE,Sweden,2012,31,0.1456,43,46,12
SWE,Sweden,2013,30,0.14173,43,45,13
SWE,Sweden,2014,30,0.14012,43,45,13
SWE,Sweden,2015,30,0.13893,43,46,13
SWE,Sweden,2016,30,0.13961,43,46,13
SWE,Sweden,2017,31,0.1334,43,46,12
SWE,Sweden,2018,31,0.1311,43,46,12
SWE,Sweden,2019,31,0.12867,43,46,12
SWE,Sweden,2020,31,0.12712,43,46,12
SWE,Sweden,2021,31,0.13269,43,46,12
SWE,Sweden,2022,31,0.11749,43,46,12
SWE,Sweden,2023,31,0.11746,43,46,12
SWE,Sweden,2024,31,0.11711,43,46,12
TWN,Taiwan,1947,26,0.28156,47,49,21
TWN,Taiwan,1948,25,0.29035,47,49,22
TWN,Taiwan,1949,25,0.2971,48,49,23
TWN,Taiwan,1950,25,0.30503,48,49,23
TWN,Taiwan,1951,27,0.35696,48,49,21
TWN,Taiwan,1952,25,0.35273,48,49,23
TWN,Taiwan,1953,25,0.34464,48,49,23
TWN,Taiwan,1954,25,0.34124,48,49,23
TWN,Taiwan,1955,25,0.35018,48,49,23
TWN,Taiwan,1956,25,0.34524,48,49,23
TWN,Taiwan,1957,26,0.33059,47,49,21
TWN,Taiwan,1958,26,0.34007,47,49,21
TWN,Taiwan,1959,25,0.34175,47,49,22
TWN,Taiwan,1960,26,0.34259,47,48,21
TWN,Taiwan,1961,26,0.35323,47,48,21
TWN,Taiwan,1962,25,0.35213,47,48,22
TWN,Taiwan,1963,25,0.35131,47,48,22
TWN,Taiwan,1964,25,0.35466,46,48,21
TWN,Taiwan,1965,25,0.35276,46,48,21
TWN,Taiwan,1966,25,0.3588,46,48,21
TWN,Taiwan,1967,25,0.32775,45,47,20
TWN,Taiwan,1968,25,0.34211,45,47,20
TWN,Taiwan,1969,25,0.33041,45,47,20
TWN,Taiwan,1970,25,0.32353,44,47,19
TWN,Taiwan,1971,25,0.30711,44,46,19
TWN,Taiwan,1972,25,0.28673,43,46,18
TWN,Taiwan,1973,25,0.28236,43,46,18
TWN,Taiwan,1974,25,0.26141,43,45,18
TWN,Taiwan,1975,25,0.24841,42,44,17
TWN,Taiwan,1976,24,0.28937,42,50,18
TWN,Taiwan,1977,25,0.25425,42,45,17
TWN,Taiwan,1978,25,0.25854,41,45,16
TWN,Taiwan,1979,24,0.26079,41,44,17
TWN,Taiwan,1980,25,0.24437999999999999,40,45,15
TWN,Taiwan,1981,25,0.2388,40,44,15
TWN,Taiwan,1982,25,0.22053,40,44,15
TWN,Taiwan,1983,24,0.20809,39,44,15
TWN,Taiwan,1984,25,0.20322,39,43,14
TWN,Taiwan,1985,25,0.18611,38,43,13
TWN,Taiwan,1986,25,0.16233,38,43,13
TWN,Taiwan,1987,25,0.16862,38,42,13
TWN,Taiwan,1988,26,0.18311,38,42,12
TWN,Taiwan,1989,26,0.1595,39,42,13
TWN,Taiwan,1990,26,0.17413,39,42,13
TWN,Taiwan,1991,26,0.16025,39,42,13
TWN,Taiwan,1992,27,0.15965,39,42,12
TWN,Taiwan,1993,27,0.15773,39,42,12
TWN,Taiwan,1994,27,0.15867,39,43,12
TWN,Taiwan,1995,27,0.16163,40,42,13
TWN,Taiwan,1996,27,0.15703,40,43,13
TWN,Taiwan,1997,27,0.15603,40,43,13
TWN,Taiwan,1998,27,0.12302,40,43,13
TWN,Taiwan,1999,28,0.13654,40,43,12
TWN,Taiwan,2000,28,0.1419,40,43,12
TWN,Taiwan,2001,28,0.11601,40,43,12
TWN,Taiwan,2002,28,0.11316,40,43,12
TWN,Taiwan,2003,28,0.1028,40,43,12
TWN,Taiwan,2004,28,0.09616,40,43,12
TWN,Taiwan,2005,28,0.09219,40,43,12
TWN,Taiwan,2006,29,0.08835,40,43,11
TWN,Taiwan,2007,30,0.09063,40,43,10
TWN,Taiwan,2008,30,0.08583,40,43,10
TWN,Taiwan,2009,30,0.0865,40,43,10
TWN,Taiwan,2010,31,0.07204,41,43,10
TWN,Taiwan,2011,31,0.09015,41,43,10
TWN,Taiwan,2012,31,0.10719,41,43,10
TWN,Taiwan,2013,32,0.08542,41,44,9
TWN,Taiwan,2014,31,0.09738,42,44,11
TWN,Taiwan,2015,32,0.09604,42,44,10
TWN,Taiwan,2016,31,0.0948,42,44,11
TWN,Taiwan,2017,31,0.09033,42,44,11
TWN,Taiwan,2018,31,0.08559,42,45,11
TWN,Taiwan,2019,32,0.08395,42,44,10
TWN,Taiwan,2020,31,0.07761,42,45,11
TWN,Taiwan,2021,32,0.07867,42,45,10
TWN,Taiwan,2022,32,0.06831,42,45,10
TWN,Taiwan,2023,32,0.06604,42,45,10
TWN,Taiwan,2024,32,0.06738,42,46,10
UKR,Ukraine,1959,24,0.17546,43,47,19
UKR,Ukraine,1960,24,0.16732,43,46,19
UKR,Ukraine,1961,24,0.1614,43,46,19
UKR,Ukraine,1962,24,0.16056,43,46,19
UKR,Ukraine,1963,24,0.16179,43,46,19
UKR,Ukraine,1964,24,0.15818,43,46,19
UKR,Ukraine,1965,23,0.15282,43,46,20
UKR,Ukraine,1966,23,0.16297,43,46,20
UKR,Ukraine,1967,23,0.1676,42,46,19
UKR,Ukraine,1968,22,0.16741,42,46,20
UKR,Ukraine,1969,22,0.17106,42,46,20
UKR,Ukraine,1970,22,0.18108,42,45,20
UKR,Ukraine,1971,22,0.18551,42,45,20
UKR,Ukraine,1972,22,0.18569,42,45,20
UKR,Ukraine,1973,22,0.17339,42,45,20
UKR,Ukraine,1974,22,0.17618,42,44,20
UKR,Ukraine,1975,22,0.17527,42,45,20
UKR,Ukraine,1976,22,0.17715,42,44,20
UKR,Ukraine,1977,22,0.16873,42,45,20
UKR,Ukraine,1978,21,0.17934,41,45,20
UKR,Ukraine,1979,21,0.18208,41,45,20
UKR,Ukraine,1980,21,0.18487,41,44,20
UKR,Ukraine,1981,21,0.17732,41,44,20
UKR,Ukraine,1982,21,0.18364,41,44,20
UKR,Ukraine,1983,21,0.19199,41,44,20
UKR,Ukraine,1984,21,0.1942,41,44,20
UKR,Ukraine,1985,21,0.18873,41,44,20
UKR,Ukraine,1986,21,0.19288,41,44,20
UKR,Ukraine,1987,21,0.19348,41,44,20
UKR,Ukraine,1988,21,0.19764,41,44,20
UKR,Ukraine,1989,20,0.1842,40,44,20
UKR,Ukraine,1990,21,0.18545,40,43,19
UKR,Ukraine,1991,20,0.18009,40,43,20
UKR,Ukraine,1992,20,0.16926,40,43,20
UKR,Ukraine,1993,20,0.15432,39,43,19
UKR,Ukraine,1994,20,0.14827,39,43,19
UKR,Ukraine,1995,20,0.13885,39,43,19
UKR,Ukraine,1996,20,0.1317,38,43,18
UKR,Ukraine,1997,20,0.12086,39,42,19
UKR,Ukraine,1998,20,0.11449,39,43,19
UKR,Ukraine,1999,21,0.10575,38,43,17
UKR,Ukraine,2000,21,0.10233,38,43,17
UKR,Ukraine,2001,21,0.09612,38,42,17
UKR,Ukraine,2002,22,0.09507,39,42,17
UKR,Ukraine,2003,21,0.09598,39,42,18
UKR,Ukraine,2004,22,0.09899,39,43,17
UKR,Ukraine,2005,23,0.09286,39,43,16
UKR,Ukraine,2006,23,0.09746,40,43,17
UKR,Ukraine,2007,24,0.09734,40,43,16
UKR,Ukraine,2008,24,0.10335,40,43,16
UKR,Ukraine,2009,24,0.10121,41,43,17
UKR,Ukraine,2010,24,0.09875,41,44,17
UKR,Ukraine,2011,24,0.09982,41,44,17
UKR,Ukraine,2012,24,0.10566,41,44,17
UKR,Ukraine,2013,25,0.10377,41,44,16
UKR,Ukraine,2014,24,0.0993,42,45,18
UKR,Ukraine,2015,24,0.1018,42,45,18
UKR,Ukraine,2016,24,0.09816,42,45,18
UKR,Ukraine,2017,25,0.0912,42,45,17
UKR,Ukraine,2018,25,0.08562,42,45,17
UKR,Ukraine,2019,25,0.08104,42,45,17
UKR,Ukraine,2020,25,0.08051,42,45,17
UKR,Ukraine,2021,25,0.07607,42,45,17
USA,United States of America,1917,23,0.1855,46,48,23
USA,United States of America,1918,23,0.1842,47,49,24
USA,United States of America,1919,24,0.1639,46,48,22
USA,United States of America,1920,23,0.1794,46,48,23
USA,United States of America,1921,23,0.1834,46,48,23
USA,United States of America,1922,24,0.1732,46,48,22
USA,United States of America,1923,23,0.1732,46,48,23
USA,United States of America,1924,23,0.1761,46,48,23
USA,United States of America,1925,23,0.1693,46,48,23
USA,United States of America,1926,23,0.1648,46,48,23
USA,United States of America,1927,23,0.1596,46,48,23
USA,United States of America,1928,23,0.1508,46,48,23
USA,United States of America,1929,23,0.1441,45,48,22
USA,United States of America,1930,23,0.1441,45,48,22
USA,United States of America,1931,23,0.1363,45,48,22
USA,United States of America,1932,23,0.1319,45,48,22
USA,United States of America,1933,23,0.11785,45,47,22
USA,United States of America,1934,24,0.12208,44,47,20
USA,United States of America,1935,23,0.12022,44,47,21
USA,United States of America,1936,23,0.12143,44,47,21
USA,United States of America,1937,23,0.12675,44,47,21
USA,United States of America,1938,23,0.1311,44,46,21
USA,United States of America,1939,24,0.12732,44,47,20
USA,United States of America,1940,24,0.13303,44,46,20
USA,United States of America,1941,24,0.14361,43,46,19
USA,United States of America,1942,24,0.16492,43,46,19
USA,United States of America,1943,24,0.16669,43,46,19
USA,United States of America,1944,24,0.15591,43,46,19
USA,United States of America,1945,24,0.14542,43,46,19
USA,United States of America,1946,23,0.18849,44,46,21
USA,United States of America,1947,23,0.21482,44,46,21
USA,United States of America,1948,23,0.20368,44,46,21
USA,United States of America,1949,23,0.20196,44,46,21
USA,United States of America,1950,23,0.20139,43,46,20
USA,United States of America,1951,23,0.2145,44,46,21
USA,United States of America,1952,22,0.22457,44,46,22
USA,United States of America,1953,23,0.2318,43,46,20
USA,United States of America,1954,22,0.24136,44,46,22
USA,United States of America,1955,22,0.24862,44,46,22
USA,United States of America,1956,22,0.26123,44,46,22
USA,United States of America,1957,22,0.26932,44,46,22
USA,United States of America,1958,22,0.26604,44,46,22
USA,United States of America,1959,23,0.26535,44,46,21
USA,United States of America,1960,22,0.26686,43,46,21
USA,United States of America,1961,23,0.26344,43,46,20
USA,United States of America,1962,23,0.25338,43,46,20
USA,United States of America,1963,23,0.24374,43,46,20
USA,United States of America,1964,23,0.23064,43,46,20
USA,United States of America,1965,23,0.20798,43,45,20
USA,United States of America,1966,23,0.19531,43,45,20
USA,United States of America,1967,23,0.18793,43,45,20
USA,United States of America,1968,23,0.17677,43,45,20
USA,United States of America,1969,23,0.17858,43,45,20
USA,United States of America,1970,23,0.17726,42,45,19
USA,United States of America,1971,23,0.16381,42,45,19
USA,United States of America,1972,23,0.13953,42,45,19
USA,United States of America,1973,23,0.12818,42,44,19
USA,United States of America,1974,23,0.12583,41,44,18
USA,United States of America,1975,25,0.12103,41,44,16
USA,United States of America,1976,25,0.11856,41,44,16
USA,United States of America,1977,25,0.12237,41,44,16
USA,United States of America,1978,25,0.11818,41,44,16
USA,United States of America,1979,24,0.1206,41,44,17
USA,United States of America,1980,25,0.12176,40,44,15
USA,United States of America,1981,25,0.11967,41,44,16
USA,United States of America,1982,25,0.11878,41,44,16
USA,United States of America,1983,25,0.11515,40,44,15
USA,United States of America,1984,24,0.11457,40,44,16
USA,United States of America,1985,25,0.11771,41,44,16
USA,United States of America,1986,26,0.11555,41,44,15
USA,United States of America,1987,26,0.11622,41,44,15
USA,United States of America,1988,26,0.11864,41,44,15
USA,United States of America,1989,26,0.12223,41,44,15
USA,United States of America,1990,26,0.1254,41,44,15
USA,United States of America,1991,26,0.12104,41,44,15
USA,United States of America,1992,28,0.11997,41,44,13
USA,United States of America,1993,28,0.11677,41,44,13
USA,United States of America,1994,28,0.11401,42,44,14
USA,United States of America,1995,28,0.11267,42,44,14
USA,United States of America,1996,28,0.11196,42,44,14
USA,United States of America,1997,22,0.11047,42,44,20
USA,United States of America,1998,22,0.11208,42,44,20
USA,United States of America,1999,26,0.11274,42,45,16
USA,United States of America,2000,26,0.11525,42,45,16
USA,United States of America,2001,27,0.11422,42,45,15
USA,United States of America,2002,28,0.11523,42,45,14
USA,United States of America,2003,29,0.1179,42,45,13
USA,United States of America,2004,29,0.11867,42,45,13
USA,United States of America,2005,29,0.11966,42,45,13
USA,United States of America,2006,29,0.12193,42,45,13
USA,United States of America,2007,29,0.12385,42,45,13
USA,United States of America,2008,29,0.11873,43,45,14
USA,United States of America,2009,29,0.11574,43,45,14
USA,United States of America,2010,29,0.11221,43,45,14
USA,United States of America,2011,29,0.11261,43,45,14
USA,United States of America,2012,29,0.11288,43,45,14
USA,United States of America,2013,29,0.11349,43,45,14
USA,United States of America,2014,29,0.11536,43,45,14
USA,United States of America,2015,29,0.11535,43,45,14
USA,United States of America,2016,29,0.11486,43,45,14
USA,United States of America,2017,29,0.11103,43,46,14
USA,United States of America,2018,30,0.10895,43,46,13
USA,United States of America,2019,30,0.10585,43,46,13
USA,United States of America,2020,31,0.1017,43,46,12
USA,United States of America,2021,31,0.10438,43,46,12
USA,United States of America,2022,31,0.10349,43,46,12
USA,United States of America,2023,30,0.10088,43,46,13
USA,United States of America,2024,30,0.10176,43,46,13
